customer_id,Gender,Ever_Married,Age,Graduated,Profession,Work_Experience,Spending_Score,Family_Size,Var_1,Lifestyle,Price_Sensitivity,Brand_Consciousness,Technology_Affinity,Purchase_Frequency,Average_Order_Value,Total_Spending,Recency,Discount_Usage,Campaign_Response,Engagement_Score,Segmentation
CUST_00001,Male,Yes,34,No,Engineer,6.0,High,2.0,Cat_6,Active,Low,High,Medium,12.2,144.7,1765.9,10.1,27.3,1,69.6,B
CUST_00002,Female,Yes,60,Yes,Artist,,Low,1.0,Cat_6,Budget,Very High,Low,Low,3.7,81.2,304.2,16.0,12.5,0,29.4,D
CUST_00003,Male,No,38,Yes,Healthcare,5.0,Low,2.0,Cat_7,Casual,High,Low,Low,8.0,51.2,409.6,15.2,30.2,0,61.0,C
CUST_00004,Female,Yes,48,Yes,Artist,1.0,Average,5.0,Cat_6,Active,High,High,Medium,12.2,161.5,1971.9,6.1,22.3,1,70.7,B
CUST_00005,Female,Yes,48,Yes,Executive,2.0,High,3.0,Cat_6,Luxury,Low,Very High,High,15.8,196.7,3111.2,8.2,11.6,1,85.5,A
CUST_00006,Male,No,51,Yes,Executive,10.0,Average,1.0,Cat_4,Luxury,Low,High,Very High,7.4,319.3,2367.7,6.1,19.6,1,100.0,A
CUST_00007,Male,No,55,Yes,Executive,15.0,Average,3.0,Cat_6,Active,Medium,Very High,Very High,11.3,345.8,3898.8,7.3,19.8,1,86.1,A
CUST_00008,Female,No,46,No,Artist,0.0,Low,1.0,Cat_6,Casual,High,Low,Low,4.8,53.3,255.0,31.0,5.0,1,26.8,D
CUST_00009,Male,Yes,33,Yes,Healthcare,0.0,Low,3.0,Cat_7,Eco-conscious,High,Low,High,6.7,107.8,721.0,15.7,38.1,0,69.0,C
CUST_00010,Male,Yes,36,No,Artist,3.0,Average,3.0,,Casual,High,Medium,Low,8.0,109.2,869.5,15.0,57.5,1,49.8,C
CUST_00011,Female,Yes,60,Yes,Engineer,4.0,High,1.0,Cat_6,Luxury,Low,Very High,Very High,18.9,252.7,4775.2,5.9,19.8,1,89.7,A
CUST_00012,Female,Yes,75,No,Homemaker,0.0,Low,3.0,Cat_6,Budget,Very High,Low,Low,5.1,59.6,304.5,39.8,20.0,1,32.1,D
CUST_00013,Male,No,31,No,Artist,1.0,Average,2.0,Cat_1,Casual,Very High,Low,Low,7.7,72.0,556.2,18.5,48.1,1,57.8,C
CUST_00014,Male,No,37,Yes,Executive,5.0,Average,1.0,Cat_6,Luxury,Medium,Very High,Medium,16.0,220.2,3519.9,6.0,14.5,1,95.8,A
CUST_00015,Female,Yes,51,Yes,Executive,5.0,High,2.0,Cat_6,Luxury,Low,High,Very High,13.0,297.8,3858.0,6.9,21.4,1,68.6,A
CUST_00016,Male,No,44,Yes,Artist,9.0,Average,1.0,Cat_6,Casual,Low,Very High,Very High,18.3,249.6,4574.4,2.3,11.0,1,89.2,A
CUST_00017,Male,Yes,30,Yes,Engineer,1.0,Low,3.0,Cat_3,Luxury,Medium,Medium,Medium,12.4,166.6,2066.4,14.7,41.9,0,67.2,B
CUST_00018,Female,Yes,55,Yes,Engineer,9.0,Low,3.0,Cat_3,Active,Medium,Medium,High,14.5,210.0,3045.4,10.1,25.0,1,60.7,B
CUST_00019,Male,No,51,Yes,Engineer,3.0,High,2.0,Cat_3,Active,Medium,Medium,High,9.2,182.3,1673.2,12.3,36.1,1,,B
CUST_00020,Female,No,52,Yes,Engineer,5.0,Average,4.0,Cat_6,Luxury,High,High,High,10.4,98.9,1028.6,10.1,42.6,1,74.7,B
CUST_00021,Female,Yes,28,Yes,Artist,0.0,Low,2.0,,Eco-conscious,High,Low,Low,6.5,108.2,704.3,23.8,41.0,0,54.4,C
CUST_00022,Male,Yes,38,Yes,Executive,9.0,Average,1.0,Cat_6,Casual,Low,Very High,Very High,15.8,316.6,5013.5,11.7,13.1,1,82.6,A
CUST_00023,Male,Yes,29,Yes,Artist,5.0,Low,1.0,Cat_3,Casual,High,Medium,High,8.7,125.5,1092.2,17.0,29.2,1,68.6,B
CUST_00024,Male,Yes,47,Yes,Entertainment,5.0,Average,,Cat_3,Luxury,Medium,Medium,Medium,10.1,179.8,1811.2,18.7,26.5,1,54.3,B
CUST_00025,Female,No,55,Yes,Engineer,6.0,Average,1.0,Cat_6,Casual,Medium,High,High,11.0,179.1,1964.9,15.4,29.7,0,68.8,B
CUST_00026,Female,Yes,36,No,Homemaker,2.0,Low,,Cat_1,Casual,High,Low,Low,7.9,93.1,732.6,13.4,43.5,1,57.3,C
CUST_00027,Male,No,22,Yes,Engineer,13.0,Average,2.0,Cat_6,Luxury,Low,Very High,Very High,20.0,249.1,4993.7,2.6,15.7,0,92.7,A
CUST_00028,Female,Yes,29,Yes,Engineer,6.0,Low,2.0,Cat_5,Active,Low,Medium,Medium,8.5,211.6,1798.3,17.8,30.6,0,63.3,B
CUST_00029,Female,Yes,36,No,Entertainment,3.0,Average,3.0,Cat_6,Luxury,Low,High,High,9.4,152.7,1439.0,3.6,38.3,0,61.1,B
CUST_00030,Female,Yes,39,Yes,Executive,5.0,High,1.0,Cat_6,Active,Medium,Very High,Very High,9.4,294.0,2752.5,2.3,13.9,1,97.4,A
CUST_00031,Female,Yes,32,Yes,Artist,4.0,Low,4.0,Cat_7,Casual,High,Low,Low,6.4,61.9,397.3,10.0,34.0,1,59.9,C
CUST_00032,Female,Yes,65,Yes,Executive,,High,3.0,Cat_2,Active,Low,Very High,High,17.8,364.0,6493.0,9.3,18.5,0,95.8,A
CUST_00033,Male,No,42,Yes,Executive,9.0,Average,2.0,Cat_6,Active,Low,Very High,Very High,15.0,298.9,4491.0,4.8,19.4,1,88.0,A
CUST_00034,Female,No,58,No,Lawyer,0.0,Low,1.0,Cat_5,Budget,High,Low,Low,1.4,60.7,85.4,31.8,15.0,0,24.8,D
CUST_00035,Female,Yes,61,Yes,Healthcare,1.0,Low,1.0,Cat_6,Budget,High,Very Low,Low,2.8,61.3,170.7,23.2,9.1,0,39.8,D
CUST_00036,Female,No,36,Yes,Artist,4.0,Low,4.0,Cat_7,Eco-conscious,High,Medium,Low,9.9,63.2,624.2,22.8,46.4,0,53.7,C
CUST_00037,Female,Yes,28,Yes,Engineer,8.0,High,3.0,Cat_3,,Medium,High,Medium,10.9,213.8,2325.5,15.9,34.5,1,62.3,B
CUST_00038,Male,Yes,51,Yes,Engineer,6.0,High,1.0,Cat_6,Casual,Low,High,Medium,17.2,249.1,4285.2,4.1,16.1,0,88.6,A
CUST_00039,Female,No,24,Yes,Marketing,1.0,Low,3.0,Cat_7,Budget,High,Low,High,6.3,73.7,467.2,23.0,49.9,0,40.2,C
CUST_00040,Male,No,53,No,Engineer,2.0,Average,2.0,Cat_6,Casual,High,High,Medium,11.7,213.1,2504.0,11.2,34.9,1,74.3,B
CUST_00041,Female,Yes,35,Yes,Executive,6.0,Average,1.0,Cat_4,Luxury,Low,Very High,Medium,14.4,344.9,4951.4,4.9,15.3,1,85.5,A
CUST_00042,Male,Yes,52,Yes,Entertainment,2.0,Average,3.0,Cat_6,Active,Low,Medium,High,14.7,186.0,2740.3,10.9,23.5,1,91.5,B
CUST_00043,Male,Yes,25,Yes,Artist,0.0,Average,4.0,Cat_6,Luxury,Low,Very High,Very High,15.2,268.8,4099.3,7.8,15.2,1,93.0,A
CUST_00044,Male,No,40,No,Homemaker,1.0,Low,1.0,Cat_6,,Very High,Low,Low,2.5,32.8,81.7,45.5,6.5,1,30.2,D
CUST_00045,Male,Yes,45,No,Entertainment,1.0,High,1.0,Cat_5,Active,Low,Medium,High,9.0,137.1,1233.1,8.7,17.2,1,67.2,B
CUST_00046,Female,No,20,Yes,Homemaker,0.0,Average,3.0,Cat_7,Budget,High,Low,Medium,7.4,110.7,815.2,14.2,44.4,0,66.9,C
CUST_00047,Male,No,46,No,Engineer,3.0,Low,3.0,Cat_6,Casual,High,High,Medium,12.7,248.6,3165.4,17.2,33.4,0,73.1,B
CUST_00048,Female,Yes,24,Yes,Engineer,9.0,High,5.0,Cat_6,Active,Low,High,Medium,11.3,127.1,1429.9,13.9,28.2,1,77.6,B
CUST_00049,Female,Yes,42,No,Artist,5.0,Average,,,Casual,Medium,High,Medium,12.3,156.7,1923.2,10.9,24.0,0,74.9,B
CUST_00050,Male,No,55,Yes,Engineer,3.0,Average,1.0,Cat_6,Luxury,Low,High,Very High,17.3,341.2,5902.8,6.3,15.1,0,,A
CUST_00051,Male,No,51,No,Homemaker,3.0,Low,1.0,Cat_6,Budget,Very High,Low,Very Low,5.0,17.4,86.0,32.0,10.4,1,23.6,D
CUST_00052,Male,Yes,18,Yes,Artist,1.0,Low,1.0,Cat_1,Eco-conscious,High,Low,Medium,9.4,116.7,1099.6,16.5,54.0,1,40.8,C
CUST_00053,Male,Yes,62,No,Lawyer,0.0,Low,1.0,Cat_5,Budget,Very High,Low,Very Low,3.8,52.2,199.3,31.8,6.9,0,27.8,D
CUST_00054,Female,Yes,61,No,Healthcare,1.0,Low,2.0,,Budget,High,Very Low,Very Low,1.4,55.9,79.4,51.9,7.1,0,22.9,D
CUST_00055,Male,No,30,Yes,Engineer,4.0,Average,3.0,Cat_5,Active,Medium,High,Medium,12.8,145.3,1867.5,14.4,8.3,0,95.0,B
CUST_00056,Female,No,43,No,Healthcare,1.0,Low,2.0,Cat_6,Casual,High,Low,Low,4.6,30.4,140.7,25.5,0.0,1,24.6,D
CUST_00057,Male,Yes,49,Yes,Lawyer,5.0,High,5.0,Cat_6,Luxury,Low,Very High,Very High,20.1,249.3,5021.7,8.6,20.0,0,99.0,A
CUST_00058,Female,No,42,Yes,Executive,5.0,High,1.0,Cat_2,Active,Low,High,Very High,21.7,234.4,5075.2,2.0,15.0,1,82.7,A
CUST_00059,Male,Yes,55,Yes,Doctor,8.0,High,2.0,,Luxury,Low,Very High,High,15.1,256.7,3869.7,9.5,19.1,1,89.3,A
CUST_00060,Male,Yes,41,Yes,Healthcare,6.0,Low,5.0,Cat_3,Casual,Medium,Medium,Medium,12.1,162.4,1957.4,9.1,24.2,1,61.9,B
CUST_00061,Male,Yes,51,No,Engineer,6.0,Average,2.0,Cat_5,Casual,Medium,Medium,High,11.7,199.4,2338.3,6.9,32.4,1,69.9,B
CUST_00062,Male,Yes,26,Yes,Entertainment,5.0,Average,3.0,Cat_3,Casual,Medium,High,Medium,14.7,181.8,2673.8,12.2,19.5,1,70.5,B
CUST_00063,Female,Yes,24,No,Artist,1.0,Average,2.0,Cat_7,Casual,High,Low,Medium,1.6,112.6,177.3,18.7,51.5,0,25.4,C
CUST_00064,Male,Yes,39,Yes,Artist,4.0,Average,3.0,Cat_3,Active,Medium,High,Medium,17.9,134.3,2403.5,2.9,30.3,1,89.8,B
CUST_00065,Male,Yes,34,Yes,Engineer,2.0,Average,4.0,Cat_5,,Medium,High,Medium,14.8,220.9,3274.6,15.4,28.1,1,69.6,B
CUST_00066,Female,No,38,Yes,Healthcare,5.0,High,3.0,,Active,Medium,High,High,9.1,165.5,1512.8,7.5,31.7,1,81.9,B
CUST_00067,Female,No,56,No,Lawyer,8.0,Average,2.0,Cat_6,Luxury,Low,Very High,High,16.6,302.5,5019.5,2.0,14.1,0,81.5,A
CUST_00068,Female,No,28,Yes,Healthcare,0.0,Average,5.0,Cat_6,Eco-conscious,High,Medium,Medium,8.6,87.6,750.9,6.1,56.5,0,47.3,C
CUST_00069,Male,Yes,56,Yes,Doctor,6.0,Average,1.0,Cat_6,Luxury,Low,High,High,16.3,307.4,5019.0,2.3,16.0,0,88.8,A
CUST_00070,Male,Yes,76,No,Healthcare,5.0,Low,3.0,Cat_5,Budget,High,Low,Very Low,6.7,66.3,443.2,30.7,14.7,0,14.7,D
CUST_00071,Male,Yes,35,No,Artist,0.0,Average,4.0,Cat_6,Eco-conscious,Very High,Medium,Low,6.3,90.0,568.8,18.5,51.6,0,54.4,C
CUST_00072,Male,Yes,50,Yes,Engineer,4.0,High,2.0,Cat_2,Luxury,Low,High,High,12.0,246.9,2964.8,2.1,13.4,1,80.5,A
CUST_00073,Male,No,44,Yes,Lawyer,6.0,Average,,Cat_4,Active,Medium,Very High,Very High,16.9,301.6,5109.1,8.0,11.5,0,82.7,A
CUST_00074,Male,Yes,26,No,Healthcare,4.0,Average,3.0,Cat_1,Eco-conscious,High,Low,Medium,7.3,84.2,617.7,7.5,49.1,0,42.0,C
CUST_00075,Male,Yes,30,No,Artist,0.0,Average,2.0,Cat_6,Budget,Very High,Low,Medium,10.9,91.2,993.1,10.4,44.3,0,40.1,C
CUST_00076,Female,Yes,39,Yes,Artist,0.0,Average,4.0,Cat_7,Casual,High,Low,High,6.8,90.1,614.2,14.3,40.8,1,22.5,C
CUST_00077,Male,No,18,Yes,Marketing,1.0,Low,3.0,Cat_6,,High,Low,Low,7.0,108.2,760.9,15.0,38.8,1,,C
CUST_00078,Female,No,56,Yes,Executive,5.0,High,2.0,Cat_6,Luxury,Low,High,Very High,14.9,261.7,3893.9,1.0,21.6,1,89.4,A
CUST_00079,Female,Yes,54,Yes,Engineer,5.0,High,5.0,Cat_6,Luxury,Low,High,High,12.3,191.3,2352.1,15.1,35.3,1,71.9,B
CUST_00080,Male,No,51,No,Executive,8.0,Average,1.0,Cat_6,,Low,Very High,Very High,14.8,307.5,4544.4,1.9,5.1,0,82.0,A
CUST_00081,Female,Yes,68,No,Healthcare,0.0,Low,1.0,Cat_6,Budget,Very High,Low,Low,4.3,78.2,336.5,65.1,4.8,1,35.7,D
CUST_00082,Male,No,33,Yes,Homemaker,0.0,Low,5.0,Cat_1,Budget,Very High,Low,Low,9.1,97.0,884.2,7.7,41.8,1,68.7,C
CUST_00083,Male,No,38,Yes,Healthcare,5.0,Average,4.0,Cat_5,Luxury,Medium,High,High,8.5,138.4,1170.4,8.6,26.0,0,84.3,B
CUST_00084,Male,Yes,46,Yes,Artist,11.0,High,2.0,Cat_2,Luxury,Low,High,Very High,12.7,287.9,3646.1,3.8,14.6,0,97.1,A
CUST_00085,Female,Yes,42,Yes,Engineer,0.0,Average,4.0,Cat_3,Luxury,Medium,High,High,10.7,147.1,1571.6,9.3,25.4,1,79.7,B
CUST_00086,Female,Yes,35,Yes,Entertainment,0.0,Average,2.0,Cat_3,,Low,Medium,Medium,5.0,179.3,902.9,13.9,37.6,1,74.0,B
CUST_00087,Male,Yes,18,No,Artist,1.0,Low,3.0,,Casual,High,Low,Low,7.9,75.2,593.6,27.5,36.8,0,38.5,C
CUST_00088,Male,Yes,28,Yes,Artist,4.0,Average,4.0,Cat_1,Budget,Very High,Medium,Medium,9.4,74.5,702.5,21.2,53.9,0,39.1,C
CUST_00089,Female,No,63,Yes,Healthcare,1.0,Low,1.0,Cat_5,Casual,High,Low,Low,3.8,31.0,116.9,7.9,7.8,0,29.8,D
CUST_00090,Female,No,47,Yes,Healthcare,0.0,High,1.0,Cat_6,Active,Low,Medium,High,12.1,172.3,2079.8,9.6,34.8,1,67.9,B
CUST_00091,Male,Yes,39,Yes,Executive,9.0,High,3.0,Cat_2,Luxury,Low,Very High,High,16.3,321.7,5252.7,6.0,14.1,1,93.2,A
CUST_00092,Female,No,18,Yes,Artist,1.0,Low,4.0,Cat_7,Budget,High,Medium,Medium,6.5,71.0,458.4,12.3,44.3,0,38.5,C
CUST_00093,Female,Yes,31,No,Artist,0.0,Low,5.0,Cat_1,Casual,High,Low,Medium,10.0,84.3,844.1,22.0,57.8,0,43.0,C
CUST_00094,Male,No,41,Yes,Artist,6.0,High,2.0,Cat_5,Active,Low,High,High,9.8,186.7,1829.4,4.0,36.9,0,82.4,B
CUST_00095,Female,Yes,29,Yes,Artist,2.0,Average,5.0,Cat_1,Casual,Very High,Low,Medium,5.1,41.1,211.4,27.6,54.3,0,58.4,C
CUST_00096,Male,Yes,44,No,Entertainment,4.0,Average,1.0,Cat_6,Active,High,High,High,4.1,228.0,937.2,15.9,26.1,0,78.7,B
CUST_00097,Male,Yes,42,Yes,Artist,,Average,2.0,Cat_5,Active,Medium,High,Medium,9.0,158.7,1430.5,12.1,37.7,1,64.5,B
CUST_00098,Female,No,42,Yes,Engineer,7.0,Low,1.0,Cat_3,Active,Low,High,High,10.2,147.1,1502.3,15.4,40.7,0,48.9,B
CUST_00099,Female,Yes,37,No,Doctor,8.0,Average,3.0,Cat_6,Casual,Low,Very High,Very High,16.4,251.9,4127.3,8.1,15.2,1,93.5,A
CUST_00100,Female,Yes,43,Yes,Executive,7.0,High,1.0,Cat_6,Luxury,Low,Very High,High,10.2,317.8,3253.3,11.3,10.8,0,97.7,A
CUST_00101,Male,Yes,61,Yes,Executive,11.0,High,2.0,Cat_6,Luxury,Low,High,Very High,18.1,298.4,5403.2,5.5,15.6,1,91.7,A
CUST_00102,Male,Yes,32,Yes,Homemaker,1.0,Average,2.0,,Eco-conscious,Very High,Low,Low,7.0,102.1,711.6,18.9,48.9,0,39.4,C
CUST_00103,Male,Yes,36,Yes,Healthcare,3.0,Average,5.0,Cat_6,Active,Low,Medium,Medium,9.9,136.6,1355.9,14.0,22.4,0,80.6,B
CUST_00104,Female,No,35,Yes,Entertainment,0.0,Average,4.0,Cat_3,Active,Medium,High,Medium,9.6,227.0,2187.1,7.6,36.0,1,82.1,B
CUST_00105,Female,No,39,No,Artist,0.0,Low,1.0,Cat_4,Casual,Very High,Low,Low,3.6,46.2,164.7,16.8,16.2,0,35.9,D
CUST_00106,Female,Yes,48,Yes,Engineer,0.0,High,1.0,Cat_4,Luxury,Low,High,Medium,16.6,273.3,4527.0,7.5,15.3,1,79.0,A
CUST_00107,Female,Yes,32,Yes,Entertainment,0.0,Average,2.0,Cat_3,Active,Low,High,Medium,9.1,151.0,1371.0,9.5,27.2,1,78.1,B
CUST_00108,Male,Yes,18,Yes,Homemaker,3.0,Average,2.0,Cat_7,Eco-conscious,High,Low,Medium,12.0,87.6,1048.9,15.9,46.8,0,53.7,C
CUST_00109,Female,No,52,Yes,Engineer,6.0,High,1.0,Cat_6,Active,Low,High,Very High,15.3,259.8,3979.8,3.2,4.0,1,86.2,A
CUST_00110,Female,Yes,47,No,Executive,5.0,High,3.0,Cat_6,Luxury,Low,High,Very High,21.0,419.0,8807.7,6.9,15.6,0,,A
CUST_00111,Female,Yes,37,Yes,Healthcare,1.0,Average,,Cat_3,Active,Medium,High,Medium,10.6,146.8,1558.6,15.9,28.2,1,77.2,B
CUST_00112,Male,Yes,39,No,Executive,12.0,High,4.0,Cat_6,Luxury,Low,High,Very High,16.0,216.5,3458.7,7.1,4.1,1,90.2,A
CUST_00113,Male,No,58,Yes,Healthcare,5.0,Low,5.0,Cat_6,Budget,High,Very Low,Very Low,0.5,49.9,24.9,32.7,30.6,0,25.2,D
CUST_00114,Female,No,31,Yes,Healthcare,3.0,Average,1.0,Cat_1,Budget,High,Medium,Low,7.0,69.4,486.1,19.6,39.5,1,55.1,C
CUST_00115,Female,Yes,23,Yes,Artist,2.0,Average,6.0,Cat_6,Casual,Very High,Low,Medium,9.1,82.8,755.0,18.2,49.4,1,68.3,C
CUST_00116,Male,No,56,No,Healthcare,2.0,Low,1.0,Cat_6,Budget,Very High,Very Low,Low,5.4,28.8,154.5,56.4,2.3,1,24.1,D
CUST_00117,Female,No,22,Yes,Homemaker,0.0,Low,2.0,,Budget,High,Low,Medium,11.3,109.9,1237.0,25.4,45.0,1,30.5,C
CUST_00118,Male,Yes,46,Yes,Executive,,High,1.0,Cat_6,Active,Low,High,High,17.2,315.3,5412.3,3.0,15.5,1,79.9,A
CUST_00119,Male,No,31,No,Healthcare,4.0,Low,2.0,,Budget,High,Very Low,Very Low,2.9,26.7,76.3,47.0,12.2,0,40.0,D
CUST_00120,Male,Yes,24,Yes,Artist,2.0,Average,5.0,Cat_6,Luxury,Low,Medium,High,8.7,107.2,929.8,8.3,36.2,1,74.1,B
CUST_00121,Male,No,33,No,Marketing,0.0,Low,4.0,Cat_7,Casual,High,Low,High,5.5,108.6,593.3,20.4,39.3,0,42.4,C
CUST_00122,Male,No,85,Yes,Healthcare,2.0,Low,3.0,Cat_4,Budget,High,Low,Low,6.5,77.3,506.2,34.0,17.8,0,35.4,D
CUST_00123,Male,Yes,39,Yes,Engineer,4.0,High,4.0,Cat_3,Luxury,Medium,Medium,High,9.7,136.6,1327.7,20.9,28.3,1,58.2,B
CUST_00124,Female,No,39,Yes,Doctor,7.0,Average,3.0,Cat_6,Active,Low,Very High,High,9.6,300.4,2886.2,6.8,20.1,1,97.7,A
CUST_00125,Male,Yes,69,Yes,Engineer,8.0,High,2.0,Cat_4,,Medium,Very High,Very High,18.9,235.1,4445.8,7.5,19.3,1,89.4,A
CUST_00126,Female,Yes,24,Yes,Engineer,6.0,Average,2.0,Cat_6,Active,Medium,Medium,Medium,13.5,203.5,2756.0,11.7,19.2,0,74.3,B
CUST_00127,Female,No,27,No,Homemaker,3.0,Low,1.0,Cat_7,Budget,High,Low,Low,9.9,45.7,453.7,14.5,33.3,1,46.9,C
CUST_00128,Female,No,43,No,Healthcare,0.0,Low,2.0,Cat_4,Casual,High,Low,Low,4.4,78.3,346.7,40.8,0.0,0,28.1,D
CUST_00129,Female,No,44,Yes,Engineer,9.0,Average,4.0,Cat_6,Active,Medium,Very High,Very High,25.4,282.2,7172.7,8.0,13.2,1,100.0,A
CUST_00130,Female,Yes,27,No,Engineer,1.0,Low,3.0,Cat_5,Casual,Medium,Medium,High,7.0,190.9,1331.4,17.6,24.7,1,70.6,B
CUST_00131,Female,No,48,Yes,Artist,4.0,Average,2.0,Cat_5,Active,High,High,Medium,10.9,191.1,2089.7,12.9,26.8,0,63.3,B
CUST_00132,Female,Yes,55,Yes,Engineer,7.0,High,1.0,Cat_4,Luxury,Low,Very High,Very High,17.6,240.9,4244.6,8.9,10.2,1,,A
CUST_00133,Male,Yes,57,Yes,Lawyer,4.0,Average,2.0,Cat_6,Luxury,Low,High,High,12.6,243.3,3054.5,2.6,16.5,1,83.6,A
CUST_00134,Female,Yes,27,Yes,Engineer,0.0,High,3.0,Cat_6,Active,High,High,Medium,13.9,90.1,1250.7,11.9,38.0,1,94.1,B
CUST_00135,Male,Yes,41,No,Healthcare,,Average,1.0,Cat_6,Casual,Very High,Low,Low,2.7,52.1,139.9,23.0,12.6,0,10.8,D
CUST_00136,Female,No,24,Yes,Artist,6.0,High,4.0,Cat_5,Active,Low,High,High,10.8,118.0,1270.6,10.9,44.8,0,62.6,B
CUST_00137,Male,No,24,Yes,Artist,8.0,High,4.0,Cat_6,Active,Medium,High,Medium,12.3,141.4,1737.2,16.3,7.7,1,70.5,B
CUST_00138,Male,Yes,18,No,Artist,4.0,Low,7.0,Cat_1,Casual,Very High,Low,Medium,11.9,128.2,1526.6,6.8,43.5,0,58.7,C
CUST_00139,Male,Yes,38,No,Artist,1.0,Average,3.0,Cat_6,Active,High,High,High,13.4,194.0,2602.3,10.0,30.2,1,68.4,B
CUST_00140,Male,Yes,66,No,Healthcare,0.0,Low,1.0,Cat_6,Budget,Very High,Very Low,Low,3.7,66.9,250.1,28.6,14.2,0,33.4,D
CUST_00141,Female,Yes,28,No,Healthcare,3.0,Low,1.0,Cat_4,Budget,Very High,Very Low,Low,4.8,36.9,178.8,30.0,20.5,1,36.5,D
CUST_00142,Male,No,49,Yes,Lawyer,5.0,High,3.0,Cat_6,Luxury,Medium,Very High,Very High,18.1,387.6,7008.7,4.3,14.6,0,84.4,A
CUST_00143,Female,Yes,27,No,Entertainment,4.0,High,2.0,Cat_6,Casual,Medium,High,Medium,13.0,156.5,2034.3,18.4,31.8,0,76.4,B
CUST_00144,Male,Yes,31,Yes,Engineer,3.0,Average,4.0,Cat_6,Luxury,Low,High,Medium,14.4,195.1,2801.7,8.2,43.6,1,64.1,B
CUST_00145,Female,No,58,Yes,Healthcare,2.0,Average,3.0,Cat_6,Active,Medium,Medium,High,12.5,213.7,2667.2,12.9,37.9,1,58.4,B
CUST_00146,Male,No,44,No,Executive,5.0,Average,1.0,Cat_4,Luxury,Medium,Very High,Very High,16.1,323.8,5224.9,7.8,6.7,1,79.7,A
CUST_00147,Female,No,19,No,Artist,3.0,Average,3.0,Cat_6,Casual,High,Low,Medium,7.0,103.0,725.5,24.7,43.4,0,60.2,C
CUST_00148,Female,Yes,24,Yes,Engineer,3.0,Average,4.0,Cat_5,Casual,Medium,Medium,Medium,14.8,238.5,3521.6,7.0,28.2,0,76.3,B
CUST_00149,Male,Yes,70,Yes,Artist,2.0,High,1.0,Cat_6,Active,Medium,Very High,Very High,17.9,208.4,3731.9,4.5,10.5,1,94.5,A
CUST_00150,Male,Yes,30,Yes,Engineer,4.0,Average,2.0,Cat_3,Casual,High,High,Medium,12.6,159.7,2013.7,9.9,28.3,1,77.3,B
CUST_00151,Male,Yes,34,Yes,Healthcare,4.0,Low,1.0,Cat_6,Budget,Very High,Low,Very Low,4.0,45.1,181.4,40.1,7.1,0,44.5,D
CUST_00152,Female,No,45,Yes,Doctor,3.0,High,2.0,Cat_6,Luxury,Medium,High,Very High,15.5,323.0,4993.0,2.7,10.1,0,81.7,A
CUST_00153,Male,Yes,39,Yes,Artist,5.0,High,3.0,Cat_6,Luxury,Low,Very High,Very High,15.5,226.8,3505.2,8.7,11.5,1,89.0,A
CUST_00154,Male,No,51,Yes,Engineer,1.0,Average,2.0,Cat_6,Casual,Medium,High,High,9.8,265.1,2611.0,13.7,19.5,0,61.7,B
CUST_00155,Female,No,61,No,Healthcare,0.0,Low,,Cat_4,,Very High,Low,Low,3.4,72.2,244.3,42.0,5.8,0,32.2,D
CUST_00156,Female,Yes,28,Yes,Executive,4.0,High,3.0,Cat_6,Casual,Low,High,Very High,15.7,305.6,4789.6,4.5,21.5,1,75.4,A
CUST_00157,Male,Yes,30,No,Homemaker,0.0,Low,1.0,Cat_6,Casual,Very High,Medium,Medium,4.7,107.4,503.7,19.7,44.9,1,51.5,C
CUST_00158,Female,No,25,Yes,Homemaker,2.0,Average,6.0,Cat_6,Budget,Very High,Low,Low,10.6,74.4,786.0,15.0,39.9,0,30.4,C
CUST_00159,Male,Yes,48,Yes,Executive,5.0,Average,3.0,Cat_6,Luxury,Low,Very High,Very High,17.9,275.1,4914.0,9.0,18.4,0,99.2,A
CUST_00160,Male,No,33,Yes,Healthcare,1.0,Average,4.0,Cat_6,Budget,Very High,Medium,Low,10.6,84.3,896.5,14.9,57.4,1,57.6,C
CUST_00161,Female,Yes,32,Yes,Artist,1.0,Average,3.0,Cat_6,Active,Medium,High,Medium,10.1,215.1,2162.7,11.5,21.4,1,74.7,B
CUST_00162,Male,Yes,32,Yes,Artist,5.0,Low,1.0,Cat_1,Casual,Very High,Medium,Medium,11.6,93.9,1092.6,18.0,56.7,1,31.6,C
CUST_00163,Female,Yes,33,No,Healthcare,3.0,Average,3.0,Cat_7,Budget,High,Low,Medium,9.1,37.4,341.5,19.2,51.3,1,51.5,C
CUST_00164,Male,Yes,51,Yes,Artist,5.0,Average,2.0,Cat_6,Luxury,Medium,High,High,9.1,141.5,1282.8,13.0,25.6,1,,B
CUST_00165,Female,Yes,38,Yes,Doctor,4.0,High,3.0,Cat_4,Luxury,Medium,High,Very High,22.3,255.5,5695.2,10.7,8.7,0,100.0,A
CUST_00166,Male,No,27,No,Marketing,,Low,5.0,Cat_6,Casual,High,Low,Medium,1.8,87.1,160.6,17.4,43.5,0,55.0,C
CUST_00167,Female,No,46,Yes,Artist,5.0,Average,3.0,Cat_6,Active,High,High,Medium,9.8,165.6,1627.2,13.1,24.1,1,62.7,B
CUST_00168,Male,Yes,56,Yes,Executive,7.0,Average,3.0,Cat_6,Luxury,Medium,High,Very High,20.1,272.7,5482.3,9.2,9.2,1,86.0,A
CUST_00169,Female,Yes,64,Yes,Engineer,6.0,Average,2.0,Cat_4,Luxury,Low,Very High,High,15.4,327.2,5039.6,6.0,23.7,0,94.9,A
CUST_00170,Female,Yes,50,Yes,Artist,4.0,Average,1.0,Cat_6,Casual,Medium,High,Medium,16.2,151.7,2456.0,14.0,30.2,0,79.4,B
CUST_00171,Female,No,18,Yes,Healthcare,,Low,4.0,Cat_6,Budget,High,Low,Medium,6.9,102.9,706.8,13.4,45.6,0,56.4,C
CUST_00172,Male,No,48,Yes,Lawyer,11.0,High,3.0,Cat_4,Luxury,Low,Very High,High,15.9,237.2,3765.0,10.7,18.6,1,91.4,A
CUST_00173,Male,Yes,28,Yes,Healthcare,6.0,Average,2.0,Cat_5,Luxury,Medium,High,High,10.2,207.1,2105.5,12.5,28.4,1,69.3,B
CUST_00174,Female,Yes,60,Yes,Executive,10.0,High,3.0,Cat_4,Luxury,Low,High,High,14.6,206.2,3001.5,4.8,16.3,1,74.4,A
CUST_00175,Male,Yes,22,Yes,Healthcare,3.0,Low,1.0,Cat_1,Budget,High,Low,High,10.4,45.7,476.0,9.1,48.0,0,45.5,C
CUST_00176,Female,No,41,Yes,Artist,4.0,High,1.0,Cat_6,Luxury,Low,High,High,16.5,258.2,4249.8,7.4,6.9,1,96.5,A
CUST_00177,Male,Yes,24,Yes,Homemaker,0.0,Low,4.0,Cat_1,Eco-conscious,High,Low,Low,7.1,62.6,445.9,13.5,48.3,0,31.3,C
CUST_00178,Male,Yes,45,Yes,Entertainment,5.0,Average,5.0,Cat_5,Active,Medium,Medium,High,11.9,199.7,2380.0,11.3,23.0,1,87.6,B
CUST_00179,Male,No,59,No,Homemaker,0.0,Low,1.0,Cat_6,Budget,Very High,Low,Low,3.5,43.6,153.3,32.8,18.1,0,66.8,D
CUST_00180,Male,Yes,50,Yes,Executive,4.0,High,1.0,Cat_6,Luxury,Low,High,High,12.9,305.7,3943.5,7.7,13.7,1,80.2,A
CUST_00181,Male,Yes,24,No,Engineer,7.0,Low,4.0,Cat_6,Active,High,High,Medium,9.2,126.9,1164.1,22.7,41.1,1,71.7,B
CUST_00182,Female,No,42,Yes,Executive,12.0,High,2.0,Cat_4,Luxury,Low,High,High,13.1,267.1,3488.4,9.1,13.7,1,85.5,A
CUST_00183,Female,No,70,No,Healthcare,,Low,1.0,Cat_5,Budget,High,Very Low,Low,2.8,31.0,88.0,48.1,3.2,0,20.6,D
CUST_00184,Male,Yes,61,No,Homemaker,1.0,Low,3.0,Cat_6,Casual,High,Very Low,Very Low,3.5,41.4,147.0,57.3,9.1,0,27.7,D
CUST_00185,Male,Yes,55,Yes,Entertainment,6.0,Low,2.0,Cat_3,Casual,Medium,Medium,High,16.0,155.3,2482.7,9.8,18.6,0,66.4,B
CUST_00186,Male,Yes,35,No,Homemaker,0.0,Low,3.0,Cat_6,Budget,Very High,Low,Medium,7.1,76.7,548.0,13.0,41.2,0,53.7,C
CUST_00187,Male,No,33,No,Homemaker,3.0,Low,5.0,Cat_7,Budget,Very High,Medium,Medium,12.4,84.3,1044.3,12.9,59.6,0,52.7,C
CUST_00188,Female,Yes,38,No,Engineer,2.0,High,1.0,Cat_6,,Medium,High,High,12.1,201.6,2440.2,18.9,22.8,0,74.4,B
CUST_00189,Male,Yes,24,No,Healthcare,2.0,Average,3.0,Cat_5,Active,Low,High,Medium,12.5,165.4,2064.0,12.1,18.5,0,60.5,B
CUST_00190,Female,Yes,43,Yes,Doctor,9.0,High,4.0,Cat_6,Active,Low,Very High,Very High,18.7,210.1,3928.5,7.9,14.3,1,81.7,A
CUST_00191,Male,No,32,Yes,Engineer,10.0,Average,2.0,Cat_4,Luxury,Medium,High,High,16.6,244.9,4063.6,4.6,13.5,1,71.2,A
CUST_00192,Male,No,76,No,Homemaker,1.0,Low,2.0,Cat_4,Budget,High,Low,Low,0.6,32.4,20.3,44.5,11.7,0,40.0,D
CUST_00193,Male,No,38,Yes,Homemaker,1.0,Low,1.0,Cat_5,Budget,Very High,Low,Very Low,5.3,39.9,211.1,42.2,9.4,1,18.7,D
CUST_00194,Male,No,28,No,Marketing,1.0,Low,,Cat_6,Casual,High,Medium,High,10.7,70.7,755.1,13.8,51.7,0,58.3,C
CUST_00195,Male,Yes,38,Yes,Engineer,0.0,Low,2.0,Cat_3,Active,Low,Medium,Medium,15.5,134.3,2080.4,15.1,25.1,1,51.3,B
CUST_00196,Female,Yes,35,No,Engineer,1.0,High,2.0,Cat_6,Casual,Medium,Medium,High,10.9,206.5,2246.0,4.9,23.2,0,82.6,B
CUST_00197,Male,Yes,31,Yes,Homemaker,1.0,Average,7.0,,Casual,High,Low,High,11.6,83.4,969.3,23.9,54.7,0,55.6,C
CUST_00198,Female,No,74,Yes,Healthcare,2.0,Low,1.0,Cat_5,Budget,Very High,Low,Low,3.4,30.2,103.8,54.4,22.4,0,28.9,D
CUST_00199,Male,No,67,No,Homemaker,0.0,Low,,Cat_6,Casual,Very High,Low,Low,3.2,59.4,188.8,42.7,8.2,1,42.2,D
CUST_00200,Female,No,25,Yes,Artist,0.0,Average,2.0,Cat_6,Budget,High,Low,Medium,6.4,66.3,423.3,16.7,58.7,0,64.4,C
CUST_00201,Female,Yes,34,No,Healthcare,5.0,Low,5.0,Cat_6,,Very High,Medium,Low,7.7,82.1,632.6,14.1,55.9,0,52.9,C
CUST_00202,Male,Yes,57,Yes,Lawyer,14.0,Average,3.0,Cat_6,Active,Low,Very High,Medium,15.8,355.9,5615.1,5.4,14.6,1,87.8,A
CUST_00203,Male,No,61,Yes,Engineer,3.0,High,2.0,Cat_6,Luxury,Low,Very High,High,19.3,242.9,4678.4,3.6,11.4,1,97.0,A
CUST_00204,Male,Yes,50,No,Homemaker,0.0,Low,1.0,Cat_6,Budget,High,Low,Very Low,1.7,81.4,141.7,24.5,4.5,0,17.2,D
CUST_00205,Male,Yes,33,No,Artist,1.0,Average,4.0,Cat_7,Casual,High,Low,Low,11.0,132.4,1460.9,26.4,50.2,0,55.6,C
CUST_00206,Male,Yes,61,Yes,Engineer,6.0,High,3.0,Cat_6,Luxury,Low,Very High,High,13.6,318.8,4332.5,1.0,22.3,0,77.8,A
CUST_00207,Male,No,34,Yes,Artist,12.0,Average,1.0,Cat_4,Active,Medium,Very High,High,12.9,222.1,2876.1,4.9,16.0,1,88.5,A
CUST_00208,Male,No,37,No,Artist,2.0,Average,4.0,Cat_1,Eco-conscious,High,Low,High,8.7,95.6,829.5,20.7,49.9,0,,C
CUST_00209,Female,No,33,Yes,Doctor,,High,3.0,Cat_6,Active,Low,Very High,High,18.4,275.1,5062.3,5.7,11.1,0,100.0,A
CUST_00210,Male,Yes,55,Yes,Doctor,1.0,Average,2.0,Cat_6,Luxury,Medium,High,Very High,17.8,245.3,4361.7,9.8,10.5,1,63.8,A
CUST_00211,Female,Yes,24,Yes,Artist,5.0,Average,1.0,Cat_3,Active,Low,Medium,High,11.7,138.0,1607.9,12.3,16.6,1,78.3,B
CUST_00212,Female,No,44,Yes,Marketing,4.0,Average,5.0,Cat_1,Budget,Very High,Low,Low,6.7,64.6,434.8,11.7,57.4,1,40.7,C
CUST_00213,Male,No,24,Yes,Artist,0.0,Average,2.0,Cat_6,Casual,Very High,Low,Medium,10.4,76.6,796.3,21.7,56.5,0,48.3,C
CUST_00214,Male,No,63,No,Artist,6.0,Average,1.0,Cat_6,Active,Medium,Very High,Medium,17.1,263.8,4517.4,7.8,19.1,0,75.9,A
CUST_00215,Female,No,27,No,Artist,0.0,Low,4.0,Cat_1,Budget,High,Medium,Medium,5.4,119.5,650.1,18.7,54.8,1,53.2,C
CUST_00216,Male,Yes,31,Yes,Doctor,9.0,High,2.0,Cat_6,Luxury,Low,High,High,15.0,207.0,3107.3,3.8,18.1,1,89.2,A
CUST_00217,Male,Yes,47,Yes,Artist,2.0,High,1.0,Cat_6,Active,Medium,High,High,12.2,186.3,2281.0,12.3,34.0,0,85.5,B
CUST_00218,Female,Yes,42,No,Marketing,2.0,Low,4.0,Cat_6,Casual,Very High,Medium,Medium,12.0,77.8,935.1,25.2,46.7,1,45.7,C
CUST_00219,Female,No,31,Yes,Artist,0.0,Average,3.0,Cat_1,Casual,Very High,Low,Medium,8.9,72.2,640.7,26.9,41.4,0,35.2,C
CUST_00220,Male,Yes,27,No,Artist,1.0,Low,5.0,Cat_7,Budget,High,Medium,Low,9.3,92.4,856.5,16.6,51.8,0,61.7,C
CUST_00221,Female,Yes,23,Yes,Homemaker,1.0,Low,5.0,Cat_7,Casual,High,Low,Low,4.1,91.1,371.2,13.6,39.9,0,44.4,C
CUST_00222,Male,Yes,37,Yes,Engineer,2.0,Average,5.0,,Casual,Low,High,High,8.2,147.7,1207.6,9.8,28.8,1,56.6,B
CUST_00223,Female,Yes,60,Yes,Executive,8.0,High,3.0,Cat_4,Luxury,Low,Very High,Very High,13.4,344.6,4617.3,1.6,4.7,1,88.7,A
CUST_00224,Male,Yes,39,Yes,Engineer,7.0,Average,4.0,Cat_5,Active,Medium,Medium,High,10.1,111.7,1130.8,13.7,29.6,0,88.7,B
CUST_00225,Female,Yes,46,Yes,Engineer,,Average,1.0,Cat_3,,High,High,High,9.3,157.5,1463.0,1.0,22.7,1,63.2,B
CUST_00226,Female,No,67,Yes,Executive,6.0,Average,2.0,Cat_6,Luxury,Low,High,Very High,18.2,311.7,5684.3,8.2,23.0,1,95.2,A
CUST_00227,Male,No,58,No,Homemaker,3.0,Low,1.0,Cat_6,Budget,Very High,Low,Low,4.0,61.0,245.1,18.0,10.5,0,31.7,D
CUST_00228,Female,No,42,Yes,Engineer,2.0,Average,2.0,Cat_3,Luxury,Medium,Medium,High,15.2,220.1,3352.1,9.0,28.5,0,79.1,B
CUST_00229,Male,No,46,No,Homemaker,1.0,Low,2.0,Cat_4,Casual,Very High,Low,Very Low,0.6,43.6,26.4,41.2,14.3,0,19.1,D
CUST_00230,Female,No,21,No,Artist,2.0,Average,4.0,Cat_1,Budget,High,Low,Low,8.1,101.1,816.6,24.8,47.7,0,34.9,C
CUST_00231,Male,No,33,Yes,Marketing,4.0,Low,5.0,Cat_7,Eco-conscious,Very High,Low,Low,5.8,80.4,466.2,12.4,44.5,0,,C
CUST_00232,Male,Yes,47,Yes,Engineer,4.0,High,2.0,Cat_5,Casual,High,Medium,Medium,9.9,145.8,1448.9,9.2,15.1,1,73.2,B
CUST_00233,Female,Yes,36,No,Artist,2.0,Average,,Cat_5,,Low,Medium,Medium,13.9,144.7,2011.8,8.9,24.6,0,74.3,B
CUST_00234,Female,Yes,40,Yes,Entertainment,2.0,Average,3.0,Cat_6,Casual,High,High,Medium,10.6,130.0,1375.6,21.3,15.4,0,67.0,B
CUST_00235,Female,Yes,38,Yes,Artist,7.0,Average,2.0,Cat_6,Luxury,Low,Very High,High,15.5,296.2,4584.2,7.6,10.0,1,81.2,A
CUST_00236,Male,No,33,No,Healthcare,,Low,3.0,Cat_1,Budget,Very High,Low,Low,5.6,72.9,405.5,34.3,43.6,0,85.0,C
CUST_00237,Female,Yes,32,Yes,Healthcare,4.0,Low,3.0,Cat_6,Active,Low,Medium,Medium,9.3,206.0,1909.7,5.9,32.4,0,69.3,B
CUST_00238,Female,Yes,45,Yes,Doctor,10.0,Average,1.0,Cat_6,Luxury,Low,High,Very High,14.9,336.5,5029.0,7.9,17.2,0,90.4,A
CUST_00239,Female,Yes,26,Yes,Artist,2.0,Low,2.0,Cat_6,Eco-conscious,High,Medium,Medium,6.6,111.2,731.4,25.0,36.7,0,67.5,C
CUST_00240,Male,Yes,43,Yes,Lawyer,5.0,Average,2.0,Cat_2,Luxury,Low,Very High,Very High,20.9,286.7,5978.6,10.0,9.4,1,81.2,A
CUST_00241,Female,No,57,Yes,Lawyer,0.0,Low,2.0,Cat_6,Casual,High,Low,Low,4.9,79.3,391.2,59.2,11.8,0,51.8,D
CUST_00242,Female,Yes,72,No,Healthcare,0.0,Low,3.0,Cat_5,Budget,Very High,Very Low,Low,2.6,58.3,153.3,34.5,19.6,0,16.9,D
CUST_00243,Male,No,38,No,Healthcare,0.0,Low,1.0,,Budget,Very High,Low,Very Low,3.2,60.8,193.1,41.0,19.3,0,27.7,D
CUST_00244,Female,No,43,Yes,Engineer,0.0,Average,3.0,Cat_3,,Medium,High,Medium,8.9,222.5,1972.1,7.1,33.1,1,78.7,B
CUST_00245,Female,Yes,44,Yes,Executive,8.0,Average,1.0,Cat_6,Casual,Medium,Very High,High,15.1,172.7,2605.2,4.8,5.9,1,,A
CUST_00246,Male,No,52,No,Healthcare,0.0,Low,1.0,Cat_4,Casual,Very High,Low,Low,5.5,81.7,445.6,18.2,19.2,1,27.8,D
CUST_00247,Male,Yes,25,Yes,Healthcare,6.0,Average,,Cat_3,Active,Medium,High,High,12.2,127.2,1548.8,7.8,24.8,0,67.1,B
CUST_00248,Male,No,55,No,Healthcare,1.0,Low,2.0,Cat_4,Budget,High,Low,Very Low,3.4,87.6,300.1,38.8,8.4,0,34.2,D
CUST_00249,Male,No,50,Yes,Homemaker,,Low,3.0,Cat_6,Budget,High,Low,Low,2.5,62.9,154.9,27.7,5.7,0,37.3,D
CUST_00250,Male,No,29,No,Marketing,1.0,Low,5.0,Cat_1,Eco-conscious,Very High,Low,Medium,10.4,52.7,545.6,12.8,28.5,0,41.1,C
CUST_00251,Female,Yes,37,Yes,Entertainment,6.0,Average,1.0,Cat_6,Luxury,Low,High,High,7.1,133.9,944.1,11.9,20.4,1,75.4,B
CUST_00252,Male,Yes,36,No,Healthcare,9.0,Average,4.0,Cat_5,Active,High,High,Medium,8.5,168.5,1440.7,11.6,14.4,1,95.0,B
CUST_00253,Female,Yes,18,No,Artist,,Low,3.0,Cat_6,Budget,Very High,Medium,Low,4.5,90.3,409.8,14.6,52.2,1,45.5,C
CUST_00254,Male,Yes,28,No,Healthcare,4.0,Average,4.0,Cat_3,Active,Low,Medium,High,11.1,156.0,1738.0,17.6,21.9,0,69.5,B
CUST_00255,Female,No,42,Yes,Engineer,10.0,High,2.0,Cat_6,Casual,Low,Very High,High,19.4,305.1,5932.8,7.8,18.4,1,95.6,A
CUST_00256,Female,No,35,No,Healthcare,3.0,Low,3.0,Cat_3,Casual,Medium,Medium,High,14.0,166.4,2328.5,21.3,18.3,1,71.7,B
CUST_00257,Male,No,60,No,Healthcare,0.0,Low,1.0,Cat_6,Casual,Very High,Low,Low,4.3,81.7,352.5,9.4,10.7,0,13.3,D
CUST_00258,Male,No,25,No,Artist,3.0,Average,3.0,Cat_7,Casual,High,Low,Medium,12.6,111.1,1400.6,11.7,53.3,0,57.2,C
CUST_00259,Male,Yes,52,Yes,Healthcare,1.0,High,1.0,Cat_6,Active,Medium,High,High,10.4,150.7,1574.0,8.3,13.9,0,61.7,B
CUST_00260,Female,Yes,51,Yes,Engineer,8.0,High,2.0,Cat_6,Luxury,Low,High,High,16.2,287.7,4667.8,7.7,9.3,1,81.6,A
CUST_00261,Male,Yes,21,No,Healthcare,,Low,5.0,Cat_1,Budget,High,Medium,Medium,6.4,88.0,564.5,11.9,42.3,0,29.1,C
CUST_00262,Male,No,75,Yes,Homemaker,2.0,Low,1.0,,Casual,Very High,Low,Very Low,4.7,57.3,272.2,26.9,1.0,0,19.4,D
CUST_00263,Female,Yes,50,Yes,Lawyer,4.0,Average,3.0,Cat_4,Luxury,Low,Very High,Very High,16.1,361.3,5834.8,10.3,15.3,1,100.0,A
CUST_00264,Female,Yes,45,Yes,Healthcare,,High,4.0,Cat_6,Active,High,Medium,Medium,12.3,153.2,1881.9,17.4,27.9,1,74.6,B
CUST_00265,Male,No,46,Yes,Homemaker,2.0,Low,2.0,Cat_4,Budget,Very High,Low,Low,2.6,44.8,115.3,26.9,15.9,0,30.8,D
CUST_00266,Male,No,31,No,Healthcare,3.0,Average,3.0,Cat_6,Budget,Very High,Medium,Medium,5.8,75.7,438.1,11.6,55.4,0,33.9,C
CUST_00267,Female,No,29,Yes,Healthcare,4.0,Low,2.0,Cat_6,Casual,Very High,Low,Low,9.4,68.3,640.0,23.4,56.3,0,54.0,C
CUST_00268,Female,Yes,32,No,Marketing,2.0,Low,4.0,Cat_1,Budget,High,Low,Medium,7.4,127.4,946.2,10.1,55.4,1,39.8,C
CUST_00269,Female,Yes,33,Yes,Entertainment,2.0,Low,1.0,Cat_6,,High,High,Medium,12.4,102.7,1277.0,10.4,22.3,0,71.2,B
CUST_00270,Male,Yes,39,No,Healthcare,3.0,Average,2.0,Cat_6,Active,Medium,Medium,High,15.1,226.9,3431.0,17.5,43.3,1,76.8,B
CUST_00271,Female,Yes,22,Yes,Artist,0.0,Low,4.0,Cat_7,Budget,High,Low,Medium,4.3,94.2,408.5,11.4,56.9,0,47.4,C
CUST_00272,Female,Yes,33,Yes,Artist,,Low,4.0,Cat_6,Budget,High,Low,High,6.5,82.1,536.2,24.5,47.6,0,48.7,C
CUST_00273,Male,Yes,57,No,Lawyer,0.0,Low,1.0,Cat_6,Casual,High,Very Low,Low,3.3,23.0,75.1,46.8,27.0,0,23.0,D
CUST_00274,Female,No,43,No,Healthcare,0.0,Low,1.0,Cat_5,Budget,Very High,Very Low,Very Low,4.1,75.7,309.6,26.5,18.2,0,22.3,D
CUST_00275,Male,Yes,24,No,Engineer,,Average,2.0,Cat_6,Casual,Low,Medium,Medium,9.8,187.3,1832.9,19.3,30.5,1,78.5,B
CUST_00276,Male,Yes,41,Yes,Engineer,2.0,Low,3.0,Cat_6,Active,Medium,High,High,14.5,167.6,2431.0,14.4,30.3,1,79.9,B
CUST_00277,Female,No,26,Yes,Marketing,3.0,Low,4.0,Cat_6,Budget,Very High,Low,Low,6.3,70.6,446.0,20.5,51.7,0,66.6,C
CUST_00278,Male,Yes,22,No,Artist,2.0,Average,1.0,Cat_6,Budget,High,Low,High,8.7,75.5,660.8,6.9,39.7,0,,C
CUST_00279,Male,Yes,39,No,Homemaker,0.0,Low,5.0,Cat_6,Eco-conscious,High,Medium,Medium,6.5,63.6,416.3,20.1,44.5,0,42.9,C
CUST_00280,Female,No,36,Yes,Healthcare,5.0,Low,3.0,Cat_6,Budget,High,Medium,High,9.1,134.3,1219.2,17.3,56.6,0,40.1,C
CUST_00281,Male,No,40,Yes,Homemaker,2.0,Low,1.0,Cat_5,Budget,High,Very Low,Low,2.4,82.3,196.3,47.8,5.3,0,15.2,D
CUST_00282,Female,Yes,31,Yes,Healthcare,5.0,Low,5.0,Cat_3,Luxury,Medium,High,High,9.0,192.8,1743.3,11.3,26.1,1,69.5,B
CUST_00283,Female,Yes,43,Yes,Entertainment,3.0,High,4.0,Cat_3,Active,Low,Medium,High,11.0,153.6,1684.6,15.9,20.6,1,65.1,B
CUST_00284,Male,No,60,Yes,Lawyer,10.0,High,2.0,Cat_2,Active,Low,Very High,High,19.4,291.9,5658.6,3.6,13.4,0,86.9,A
CUST_00285,Female,No,27,Yes,Entertainment,7.0,Low,3.0,Cat_5,Casual,High,High,Medium,10.2,163.8,1668.7,16.1,45.6,1,58.0,B
CUST_00286,Male,No,57,No,Engineer,8.0,High,4.0,Cat_2,Active,Low,High,Very High,18.6,216.7,4035.4,1.9,16.9,0,81.0,A
CUST_00287,Female,Yes,43,Yes,Entertainment,4.0,High,3.0,Cat_3,Active,High,High,High,5.3,175.2,932.5,5.0,16.2,1,65.6,B
CUST_00288,Female,No,28,Yes,Entertainment,0.0,Average,3.0,Cat_6,Casual,High,Medium,High,13.7,152.4,2084.9,4.3,36.6,0,61.4,B
CUST_00289,Female,No,43,No,Artist,3.0,High,3.0,Cat_3,Active,Low,Medium,High,10.6,162.7,1720.2,10.7,35.6,0,,B
CUST_00290,Male,No,52,Yes,Artist,3.0,High,2.0,Cat_6,Luxury,Low,High,High,14.4,188.0,2706.2,19.9,24.3,0,63.2,B
CUST_00291,Female,No,55,Yes,Engineer,4.0,High,3.0,Cat_4,Luxury,Low,Very High,Very High,15.3,256.9,3924.9,8.4,21.3,1,97.5,A
CUST_00292,Male,No,39,Yes,Executive,10.0,High,1.0,Cat_4,Active,Medium,High,Medium,16.4,376.1,6170.0,9.1,15.2,1,89.0,A
CUST_00293,Female,No,31,No,Marketing,4.0,Low,2.0,Cat_1,Budget,High,Low,Low,9.9,77.3,764.7,14.4,43.6,0,63.3,C
CUST_00294,Female,Yes,51,No,Healthcare,0.0,Low,2.0,Cat_6,Active,Medium,Medium,Medium,13.2,150.3,1985.8,6.3,22.2,1,,B
CUST_00295,Male,Yes,50,Yes,Doctor,7.0,Average,3.0,Cat_6,,Low,Very High,High,15.6,327.6,5110.4,6.4,6.2,1,85.6,A
CUST_00296,Female,Yes,26,No,Artist,3.0,Average,4.0,Cat_3,Casual,High,Medium,High,10.1,193.9,1962.0,11.5,20.9,1,62.6,B
CUST_00297,Female,Yes,32,No,Artist,2.0,Average,3.0,Cat_6,Budget,High,Low,Medium,6.8,99.7,676.7,8.8,53.1,1,60.2,C
CUST_00298,Male,No,39,Yes,Engineer,1.0,High,4.0,Cat_6,Luxury,Low,Very High,High,17.8,265.0,4705.5,2.6,16.1,1,76.9,A
CUST_00299,Male,Yes,26,Yes,Healthcare,2.0,Low,4.0,Cat_1,Casual,Very High,Low,Low,10.8,82.1,884.7,20.1,39.1,0,50.2,C
CUST_00300,Male,No,39,Yes,Executive,8.0,High,2.0,Cat_6,Luxury,Low,High,Very High,19.9,267.7,5317.5,5.4,13.5,1,96.1,A
CUST_00301,Male,Yes,44,Yes,Artist,7.0,Average,3.0,Cat_6,Active,Low,Very High,High,18.0,293.8,5295.8,6.1,18.1,0,86.2,A
CUST_00302,Male,No,45,Yes,Entertainment,3.0,Average,2.0,Cat_6,Casual,Low,Medium,High,9.5,143.8,1363.0,12.4,27.0,1,71.8,B
CUST_00303,Female,Yes,31,No,Entertainment,6.0,Average,1.0,Cat_6,Luxury,Medium,Medium,High,11.6,177.0,2055.9,7.3,9.1,1,73.5,B
CUST_00304,Male,Yes,27,Yes,Marketing,0.0,Low,4.0,Cat_1,Casual,Very High,Low,Low,11.3,69.4,786.7,16.4,35.5,0,50.7,C
CUST_00305,Female,No,29,Yes,Marketing,4.0,Average,3.0,Cat_1,,High,Low,Low,9.9,81.1,805.8,23.4,51.8,1,38.5,C
CUST_00306,Male,Yes,49,No,Artist,0.0,Average,1.0,Cat_4,Budget,Very High,Low,Low,3.0,36.4,110.3,42.0,22.5,0,21.6,D
CUST_00307,Female,Yes,46,Yes,Artist,2.0,High,1.0,Cat_6,Active,Medium,Medium,High,12.0,160.0,1915.5,13.7,38.3,1,68.0,B
CUST_00308,Male,Yes,24,No,Engineer,2.0,Low,1.0,Cat_3,,High,High,High,14.8,154.2,2280.0,12.1,36.0,1,75.0,B
CUST_00309,Female,No,22,No,Marketing,1.0,Low,4.0,Cat_7,Casual,Very High,Low,Low,6.2,106.2,658.3,16.1,48.1,0,62.9,C
CUST_00310,Female,No,39,Yes,Artist,3.0,Average,4.0,Cat_3,Luxury,Medium,Medium,Medium,11.2,198.5,2231.5,18.9,36.2,0,74.0,B
CUST_00311,Male,No,24,No,Artist,2.0,High,2.0,Cat_3,Active,Medium,High,High,11.2,146.9,1641.3,14.2,32.9,0,74.3,B
CUST_00312,Female,Yes,52,Yes,Engineer,6.0,Average,1.0,Cat_4,Active,Low,High,Very High,16.2,311.6,5039.5,5.2,15.4,1,99.5,A
CUST_00313,Male,No,60,No,Lawyer,5.0,High,1.0,Cat_6,Luxury,Low,High,Very High,20.2,272.3,5511.1,6.0,6.5,1,91.1,A
CUST_00314,Male,No,22,No,Artist,1.0,Average,2.0,Cat_6,Budget,Very High,Low,Low,3.7,58.1,216.0,33.6,10.5,0,42.0,D
CUST_00315,Male,Yes,21,Yes,Marketing,0.0,Low,2.0,Cat_6,Eco-conscious,Very High,Medium,High,8.1,56.0,453.9,12.5,58.9,0,58.4,C
CUST_00316,Male,No,32,Yes,Artist,3.0,Low,4.0,Cat_6,Casual,High,Low,Low,7.4,73.9,545.6,15.2,48.1,1,32.8,C
CUST_00317,Female,Yes,38,Yes,Entertainment,3.0,Average,4.0,Cat_5,Active,Medium,High,Medium,12.3,164.5,2018.6,8.1,25.8,1,64.4,B
CUST_00318,Female,No,59,Yes,Engineer,7.0,High,2.0,Cat_6,Active,Low,Very High,Very High,12.3,279.1,3430.7,9.0,23.8,1,100.0,A
CUST_00319,Male,No,37,Yes,Doctor,9.0,High,3.0,Cat_6,Active,Low,Very High,Very High,21.2,260.9,5527.6,7.2,12.7,1,85.5,A
CUST_00320,Female,No,42,Yes,Lawyer,2.0,Average,2.0,Cat_4,Luxury,Low,Very High,Very High,19.4,219.5,4248.8,8.1,13.6,1,84.6,A
CUST_00321,Female,Yes,39,No,Entertainment,1.0,Average,5.0,Cat_3,Casual,High,Medium,High,12.6,232.3,2923.8,8.7,36.1,1,71.1,B
CUST_00322,Male,Yes,20,Yes,Healthcare,1.0,Average,3.0,Cat_6,Budget,High,Low,Low,6.9,95.1,656.8,16.6,40.9,0,75.1,C
CUST_00323,Female,Yes,32,Yes,Artist,1.0,Low,4.0,Cat_7,Budget,High,Low,Low,9.3,85.6,795.8,17.0,51.0,0,61.0,C
CUST_00324,Male,No,32,No,Engineer,6.0,Low,3.0,Cat_3,Active,Medium,High,Medium,12.5,175.3,2199.4,13.2,28.3,0,70.3,B
CUST_00325,Female,No,67,Yes,Artist,0.0,Low,4.0,Cat_5,Budget,High,Low,Low,1.6,44.4,72.9,38.0,7.1,0,16.7,D
CUST_00326,Male,No,18,Yes,Artist,1.0,Average,2.0,Cat_6,Eco-conscious,Very High,Low,Low,8.6,100.5,864.8,22.3,24.2,1,42.0,C
CUST_00327,Female,Yes,43,No,Engineer,2.0,Average,,Cat_6,Casual,Low,High,High,10.1,123.1,1240.2,10.8,25.1,1,85.6,B
CUST_00328,Female,Yes,26,No,Marketing,0.0,Average,2.0,Cat_1,Budget,Very High,Low,Medium,5.8,102.7,599.1,21.1,52.1,0,62.7,C
CUST_00329,Male,No,29,Yes,Artist,2.0,Low,2.0,Cat_3,,Medium,High,Medium,10.0,169.0,1683.4,12.1,34.2,1,71.0,B
CUST_00330,Male,Yes,48,Yes,Doctor,6.0,High,1.0,Cat_4,Casual,Low,Very High,Medium,14.7,297.0,4376.0,5.8,20.5,1,77.5,A
CUST_00331,Male,No,45,Yes,Healthcare,4.0,Average,4.0,Cat_5,Active,Low,High,Medium,10.3,215.2,2209.2,5.1,22.9,0,71.1,B
CUST_00332,Female,Yes,29,Yes,Homemaker,0.0,Low,4.0,Cat_6,Eco-conscious,High,Low,Low,10.1,105.0,1060.6,15.5,63.5,1,,C
CUST_00333,Male,No,43,Yes,Executive,8.0,Average,3.0,Cat_6,Active,Low,Very High,High,19.2,363.2,6955.2,8.7,14.4,1,93.8,A
CUST_00334,Female,No,43,Yes,Executive,,Average,3.0,Cat_6,Luxury,Low,High,High,15.7,256.8,4032.7,6.6,19.3,1,76.5,A
CUST_00335,Female,Yes,37,Yes,Lawyer,4.0,Average,2.0,Cat_4,Active,Low,Very High,Very High,15.1,316.9,4770.1,5.0,11.0,1,96.1,A
CUST_00336,Male,Yes,37,Yes,Artist,9.0,High,3.0,Cat_4,Active,Low,Very High,High,16.1,271.7,4374.3,7.0,26.4,1,82.1,A
CUST_00337,Male,No,47,Yes,Homemaker,0.0,Low,2.0,Cat_5,Casual,High,Low,Low,4.8,48.2,231.8,27.3,9.1,0,5.0,D
CUST_00338,Female,No,27,Yes,Healthcare,0.0,Low,1.0,Cat_6,Budget,Very High,Medium,Low,8.4,57.7,484.0,9.6,46.5,0,52.8,C
CUST_00339,Male,Yes,43,Yes,Artist,3.0,Average,4.0,Cat_3,,Medium,High,High,14.2,169.5,2398.7,15.0,24.3,0,53.3,B
CUST_00340,Male,Yes,35,Yes,Executive,10.0,Average,2.0,Cat_6,Luxury,Low,Very High,Medium,19.4,259.7,5027.1,1.0,11.7,1,90.4,A
CUST_00341,Male,Yes,37,No,Artist,0.0,Average,3.0,Cat_6,Casual,High,High,High,8.9,182.6,1622.8,12.4,30.4,1,74.1,B
CUST_00342,Female,Yes,36,No,Entertainment,3.0,High,3.0,Cat_3,Casual,Medium,High,High,15.5,215.8,3334.6,10.5,29.4,1,,B
CUST_00343,Male,Yes,37,No,Executive,7.0,Average,1.0,Cat_6,Active,Low,High,Very High,20.4,292.8,5973.3,6.2,13.0,1,76.9,A
CUST_00344,Female,No,33,Yes,Artist,3.0,Average,3.0,Cat_6,Luxury,Medium,High,High,12.0,184.7,2220.3,11.9,14.8,0,82.1,B
CUST_00345,Female,Yes,43,Yes,Entertainment,4.0,High,1.0,Cat_6,Casual,Medium,High,High,15.0,180.9,2707.6,12.2,29.9,1,61.3,B
CUST_00346,Female,No,32,No,Marketing,0.0,Average,2.0,Cat_6,Budget,Very High,Low,Low,7.1,61.9,442.0,10.3,44.2,0,76.7,C
CUST_00347,Male,No,35,Yes,Artist,2.0,Low,4.0,Cat_7,Casual,High,Medium,Medium,6.6,75.3,496.1,18.9,38.3,0,56.0,C
CUST_00348,Male,Yes,29,Yes,Artist,3.0,Average,2.0,Cat_6,Casual,Low,Very High,High,15.5,144.2,2240.2,4.4,18.3,1,82.0,A
CUST_00349,Female,Yes,41,Yes,Healthcare,4.0,High,4.0,Cat_6,Casual,Medium,Medium,High,6.5,110.2,716.1,10.1,34.2,1,75.4,B
CUST_00350,Female,Yes,38,Yes,Marketing,2.0,Low,3.0,Cat_1,Budget,High,Low,Medium,5.2,53.2,276.6,20.4,47.8,1,59.3,C
CUST_00351,Male,Yes,41,No,Engineer,6.0,Average,3.0,,Casual,Medium,Medium,Medium,10.6,136.8,1447.5,10.7,26.7,1,56.7,B
CUST_00352,Male,No,41,No,Healthcare,3.0,Low,4.0,Cat_4,Casual,High,Low,Very Low,4.8,34.0,162.7,26.7,3.5,0,19.4,D
CUST_00353,Female,No,23,Yes,Artist,3.0,Low,4.0,Cat_6,Casual,High,Low,High,9.1,96.1,870.1,30.3,53.4,0,57.7,C
CUST_00354,Male,Yes,34,No,Engineer,11.0,Average,2.0,Cat_6,Casual,Low,Very High,High,15.5,226.8,3516.7,1.0,14.8,1,90.0,A
CUST_00355,Male,No,35,Yes,Engineer,12.0,High,1.0,Cat_4,Luxury,Low,Very High,High,14.8,336.3,4992.1,8.5,13.2,1,86.3,A
CUST_00356,Male,No,24,Yes,Homemaker,,Low,5.0,Cat_1,Casual,High,Medium,Low,8.6,124.3,1070.4,20.0,55.8,0,55.7,C
CUST_00357,Female,Yes,55,Yes,Lawyer,,Average,2.0,Cat_6,Casual,Medium,Very High,Very High,14.4,202.6,2920.9,8.8,15.2,1,83.8,A
CUST_00358,Male,No,39,No,Engineer,4.0,Average,3.0,Cat_5,Casual,High,Medium,High,9.2,138.5,1270.6,12.0,41.1,1,51.4,B
CUST_00359,Male,No,19,Yes,Homemaker,0.0,Low,1.0,Cat_6,Budget,High,Very Low,Low,4.0,62.1,248.9,21.6,15.9,1,32.7,D
CUST_00360,Male,Yes,31,No,Artist,0.0,High,2.0,Cat_6,Casual,Low,High,Medium,11.2,152.4,1702.2,17.6,23.7,0,86.9,B
CUST_00361,Female,No,28,Yes,Engineer,0.0,High,2.0,Cat_6,,Medium,High,High,13.3,215.2,2863.1,13.3,33.0,0,57.0,B
CUST_00362,Female,Yes,36,No,Artist,1.0,Low,3.0,,Budget,High,Medium,Low,8.0,101.5,816.3,12.5,42.6,1,69.5,C
CUST_00363,Male,No,28,Yes,Artist,5.0,High,3.0,Cat_5,Casual,Low,High,Medium,16.1,105.3,1692.0,12.2,34.2,1,,B
CUST_00364,Female,Yes,36,Yes,Engineer,7.0,Average,3.0,Cat_6,Active,Medium,Medium,Medium,16.8,168.2,2819.2,9.8,30.1,0,77.7,B
CUST_00365,Female,Yes,27,No,Healthcare,2.0,Low,1.0,Cat_4,Budget,Very High,Very Low,Very Low,2.1,70.9,149.2,55.4,3.8,1,27.4,D
CUST_00366,Male,Yes,31,Yes,Engineer,5.0,Average,4.0,Cat_6,Luxury,Medium,High,High,12.5,121.9,1521.5,19.9,38.3,1,78.0,B
CUST_00367,Female,Yes,38,Yes,Homemaker,0.0,Low,1.0,Cat_6,Budget,Very High,Very Low,Low,0.5,67.1,33.6,37.7,9.6,0,21.6,D
CUST_00368,Female,No,51,No,Healthcare,2.0,Low,2.0,Cat_5,Budget,Very High,Low,Low,3.0,57.7,175.3,30.0,8.8,0,35.2,D
CUST_00369,Male,Yes,55,Yes,Executive,2.0,High,,Cat_2,Luxury,Low,Very High,High,16.0,294.6,4700.3,3.6,10.7,1,,A
CUST_00370,Male,Yes,29,Yes,Artist,4.0,High,1.0,Cat_4,Luxury,Low,Very High,Very High,13.9,287.7,3987.5,6.0,7.3,1,88.7,A
CUST_00371,Female,Yes,35,Yes,Engineer,5.0,High,1.0,Cat_2,Luxury,Low,Very High,High,12.9,233.6,3015.8,4.9,23.8,1,95.3,A
CUST_00372,Female,Yes,69,Yes,Doctor,3.0,High,,Cat_6,Luxury,Low,Very High,Very High,18.5,290.9,5375.4,5.9,18.2,1,97.1,A
CUST_00373,Male,No,38,Yes,Lawyer,6.0,Average,3.0,Cat_4,Active,Medium,Very High,Medium,22.5,280.0,6304.5,9.2,22.6,1,75.9,A
CUST_00374,Female,No,26,No,Healthcare,0.0,Low,5.0,Cat_1,Budget,High,Medium,Low,1.8,109.9,194.7,10.4,52.1,1,72.7,C
CUST_00375,Male,Yes,58,Yes,Lawyer,3.0,High,2.0,Cat_6,Active,Low,Very High,High,10.3,212.2,2187.3,8.3,23.4,0,82.8,A
CUST_00376,Female,Yes,34,No,Artist,0.0,Average,4.0,Cat_5,Active,High,Medium,High,11.2,136.7,1532.9,14.8,21.2,0,72.3,B
CUST_00377,Male,No,25,No,Healthcare,,Low,3.0,Cat_7,Budget,Very High,Low,Medium,5.9,82.0,482.8,21.0,44.7,0,47.3,C
CUST_00378,Female,No,59,Yes,Doctor,8.0,Average,3.0,Cat_2,Active,Low,Very High,Very High,17.2,255.4,4405.1,4.9,10.7,1,79.4,A
CUST_00379,Male,Yes,29,No,Healthcare,1.0,Low,3.0,Cat_1,Eco-conscious,Very High,Low,Low,10.5,89.8,943.8,10.4,48.1,0,56.6,C
CUST_00380,Male,No,33,Yes,Engineer,4.0,Average,2.0,Cat_3,Active,Medium,Medium,High,13.5,221.5,2984.3,18.5,34.2,0,73.2,B
CUST_00381,Male,No,50,No,Engineer,,Average,3.0,Cat_2,Luxury,Low,Very High,High,17.9,289.0,5182.2,6.0,10.9,1,100.0,A
CUST_00382,Male,Yes,27,Yes,Artist,1.0,Low,,Cat_1,Budget,High,Medium,High,6.3,74.8,472.6,14.4,40.0,0,,C
CUST_00383,Female,No,32,No,Artist,0.0,Low,2.0,Cat_6,Casual,High,Medium,Medium,8.1,64.7,522.2,21.2,35.7,0,73.2,C
CUST_00384,Female,Yes,40,No,Healthcare,0.0,Low,2.0,Cat_4,Casual,High,Low,Low,4.1,32.6,132.5,25.4,12.7,0,15.5,D
CUST_00385,Female,Yes,26,Yes,Artist,,Low,4.0,Cat_1,Casual,Very High,Low,Low,12.0,75.6,907.6,27.0,45.6,1,29.6,C
CUST_00386,Male,Yes,29,No,Artist,0.0,Average,3.0,Cat_6,Budget,High,Medium,High,10.1,41.8,421.9,18.7,74.3,0,,C
CUST_00387,Male,No,47,Yes,Healthcare,4.0,High,2.0,Cat_5,Active,Medium,High,Medium,9.9,150.2,1489.4,16.6,30.4,0,71.5,B
CUST_00388,Female,Yes,42,Yes,Executive,2.0,High,2.0,,Luxury,Low,High,Very High,14.6,327.5,4792.2,8.6,9.1,1,98.0,A
CUST_00389,Female,No,25,Yes,Artist,5.0,Low,3.0,Cat_6,Casual,High,Medium,Medium,7.2,109.5,791.9,23.7,52.7,1,53.1,C
CUST_00390,Female,No,27,Yes,Artist,2.0,Low,2.0,Cat_1,Budget,High,Medium,Low,10.3,88.4,913.9,14.3,51.0,0,33.6,C
CUST_00391,Female,No,38,No,Healthcare,0.0,Low,1.0,Cat_6,Budget,High,Low,Very Low,5.1,82.7,426.1,50.0,16.7,1,28.8,D
CUST_00392,Male,Yes,25,Yes,Artist,3.0,Average,3.0,Cat_5,Casual,Low,High,High,7.2,234.5,1699.1,9.9,27.9,1,65.5,B
CUST_00393,Male,No,32,Yes,Healthcare,1.0,Average,3.0,,Active,Medium,Medium,High,12.4,203.4,2524.5,7.8,14.4,1,90.7,B
CUST_00394,Male,Yes,35,Yes,Marketing,2.0,Low,3.0,Cat_6,Casual,High,Low,Medium,9.4,63.2,591.6,20.4,51.2,0,56.7,C
CUST_00395,Female,Yes,38,Yes,Artist,,Low,3.0,Cat_3,Active,Medium,Medium,High,12.0,100.3,1204.9,10.4,18.9,0,76.1,B
CUST_00396,Male,No,36,Yes,Healthcare,0.0,Low,1.0,,Budget,Very High,Low,Low,7.4,24.0,177.6,31.4,19.6,1,13.4,D
CUST_00397,Male,Yes,48,No,Healthcare,0.0,Average,1.0,Cat_5,Casual,Very High,Very Low,Low,3.1,64.0,197.3,44.6,13.7,0,31.9,D
CUST_00398,Female,Yes,31,No,Engineer,3.0,Average,3.0,Cat_6,Casual,High,High,High,10.9,176.6,1924.5,13.3,22.1,0,79.4,B
CUST_00399,Male,No,26,No,Healthcare,2.0,Average,3.0,Cat_7,Casual,High,Medium,Medium,5.1,111.0,568.2,13.7,56.4,0,73.7,C
CUST_00400,Female,Yes,20,No,Artist,1.0,Low,3.0,Cat_6,Budget,High,Medium,Low,7.7,87.5,677.2,16.9,48.1,0,54.9,C
CUST_00401,Male,Yes,45,Yes,Doctor,7.0,Average,3.0,Cat_6,Luxury,Low,Very High,High,15.9,343.2,5454.5,6.8,19.7,1,74.3,A
CUST_00402,Female,Yes,29,Yes,Healthcare,5.0,Low,1.0,Cat_6,Casual,Very High,Very Low,Very Low,2.4,61.9,150.7,12.9,2.0,0,11.5,D
CUST_00403,Male,Yes,48,No,Engineer,2.0,Average,2.0,Cat_3,Casual,Low,Medium,High,12.1,183.2,2220.9,4.2,23.8,0,78.1,B
CUST_00404,Male,Yes,26,No,Artist,2.0,Low,5.0,Cat_1,Casual,High,Low,High,12.5,83.5,1040.4,18.4,70.7,0,73.4,C
CUST_00405,Male,Yes,38,Yes,Engineer,4.0,Average,2.0,Cat_6,Luxury,Medium,High,High,14.0,149.8,2096.8,6.6,10.8,1,60.9,B
CUST_00406,Male,No,50,No,Healthcare,0.0,Low,3.0,Cat_6,Budget,Very High,Very Low,Low,1.7,54.4,92.5,20.6,9.1,0,31.3,D
CUST_00407,Male,Yes,24,No,Artist,3.0,Average,3.0,Cat_6,Luxury,High,High,High,3.9,179.3,702.7,8.9,35.0,0,76.3,B
CUST_00408,Male,Yes,49,Yes,Engineer,12.0,High,3.0,Cat_4,Active,Low,High,Very High,21.6,372.7,8032.6,9.6,14.6,1,90.0,A
CUST_00409,Male,No,41,No,Homemaker,,Low,1.0,Cat_6,Casual,Very High,Low,Low,4.8,50.3,239.1,28.0,12.3,0,32.9,D
CUST_00410,Female,Yes,52,Yes,Lawyer,6.0,High,1.0,Cat_6,Casual,Low,High,Very High,18.1,299.3,5429.3,3.5,10.1,1,82.1,A
CUST_00411,Female,Yes,37,Yes,Engineer,8.0,High,2.0,Cat_6,Casual,Medium,High,High,14.9,215.3,3213.1,13.6,23.8,1,69.5,B
CUST_00412,Female,No,44,No,Healthcare,2.0,Low,1.0,Cat_5,Casual,High,Very Low,Low,4.1,59.2,242.0,26.5,7.8,0,31.0,D
CUST_00413,Female,Yes,39,No,Healthcare,2.0,Low,1.0,Cat_4,Budget,Very High,Low,Low,2.3,54.8,126.3,30.1,11.7,0,44.2,D
CUST_00414,Female,No,40,No,Entertainment,0.0,High,4.0,Cat_3,Casual,High,High,High,5.7,131.0,752.0,8.9,33.4,1,62.4,B
CUST_00415,Female,No,23,No,Homemaker,0.0,Average,5.0,Cat_7,Eco-conscious,High,Medium,Medium,8.2,78.3,639.3,19.6,34.4,1,43.7,C
CUST_00416,Male,No,40,Yes,Engineer,0.0,Average,2.0,Cat_6,Active,High,High,High,12.1,162.9,1978.1,6.0,10.2,1,64.7,B
CUST_00417,Female,No,52,No,Entertainment,0.0,Average,2.0,,Active,Medium,High,High,12.3,150.8,1849.1,19.9,19.3,1,73.0,B
CUST_00418,Female,No,35,No,Engineer,,Low,1.0,Cat_6,Active,Medium,Medium,Medium,13.0,202.3,2639.2,14.9,33.1,1,57.9,B
CUST_00419,Female,Yes,34,Yes,Artist,2.0,Low,5.0,Cat_7,,High,Medium,Medium,5.2,90.8,474.2,17.0,53.7,0,,C
CUST_00420,Female,Yes,29,No,Healthcare,3.0,Low,5.0,Cat_1,Budget,High,Low,High,6.5,96.3,626.3,15.4,50.1,0,39.1,C
CUST_00421,Male,No,33,No,Healthcare,3.0,Low,4.0,Cat_6,Casual,High,Medium,Low,5.3,100.8,537.0,16.3,37.4,0,57.2,C
CUST_00422,Female,Yes,25,Yes,Artist,1.0,Average,3.0,Cat_1,Eco-conscious,Very High,Medium,High,6.1,75.9,462.1,19.4,63.3,1,38.4,C
CUST_00423,Male,Yes,56,No,Artist,9.0,Average,1.0,Cat_6,Active,Medium,High,Very High,16.8,205.0,3447.1,8.7,10.6,0,80.1,A
CUST_00424,Male,Yes,32,Yes,Engineer,3.0,High,2.0,Cat_5,Active,High,High,High,8.0,158.9,1275.2,12.9,29.9,1,65.2,B
CUST_00425,Female,No,63,Yes,Artist,1.0,Average,2.0,Cat_4,Luxury,Low,High,Very High,17.6,254.3,4481.6,8.2,9.1,1,83.0,A
CUST_00426,Male,Yes,36,No,Healthcare,1.0,Average,4.0,Cat_6,Active,Medium,High,High,12.3,178.2,2199.8,8.4,23.6,1,69.7,B
CUST_00427,Female,Yes,27,Yes,Artist,7.0,Average,3.0,Cat_5,Active,High,Medium,Medium,14.6,61.9,901.9,18.9,31.7,0,75.3,B
CUST_00428,Male,Yes,55,No,Healthcare,0.0,Average,2.0,Cat_4,Budget,High,Low,Low,1.7,44.2,75.6,27.4,21.8,0,,D
CUST_00429,Male,Yes,36,Yes,Healthcare,5.0,High,3.0,Cat_5,Casual,High,Medium,Medium,16.0,129.4,2066.1,8.2,22.7,1,81.8,B
CUST_00430,Male,No,34,Yes,Executive,8.0,High,1.0,Cat_2,Luxury,Low,Very High,High,15.9,341.9,5440.9,3.4,19.6,1,96.8,A
CUST_00431,Female,Yes,47,Yes,Doctor,5.0,Average,1.0,Cat_6,Active,Low,Very High,High,12.8,192.6,2473.1,12.1,26.3,1,89.5,A
CUST_00432,Male,Yes,31,No,Healthcare,0.0,Low,4.0,Cat_7,Budget,Very High,Low,Medium,8.9,90.4,806.4,14.9,47.9,0,42.7,C
CUST_00433,Male,No,25,No,Artist,0.0,Low,3.0,Cat_1,Casual,High,Low,Medium,9.5,78.1,740.6,23.1,30.8,0,73.3,C
CUST_00434,Female,Yes,35,Yes,Doctor,12.0,Average,2.0,Cat_4,Luxury,Low,High,High,14.6,302.4,4418.7,7.4,11.9,0,100.0,A
CUST_00435,Female,Yes,55,Yes,Executive,5.0,High,2.0,Cat_6,Active,Medium,Very High,High,14.4,402.2,5796.3,10.0,13.7,1,88.1,A
CUST_00436,Male,Yes,22,No,Marketing,3.0,Average,3.0,Cat_1,Casual,Very High,Medium,High,8.2,115.7,948.4,15.6,43.9,0,70.4,C
CUST_00437,Male,No,62,Yes,Artist,6.0,High,2.0,Cat_4,Luxury,Medium,High,Very High,13.9,266.3,3708.8,7.8,1.4,1,88.0,A
CUST_00438,Male,Yes,25,Yes,Homemaker,0.0,Low,4.0,Cat_1,Budget,High,Medium,Medium,9.6,92.5,886.5,20.9,55.2,1,42.9,C
CUST_00439,Male,Yes,33,No,Artist,3.0,Low,2.0,Cat_1,Casual,High,Low,Low,8.9,78.8,698.2,15.9,42.2,1,43.2,C
CUST_00440,Male,No,64,Yes,Executive,6.0,High,3.0,Cat_2,Active,Low,Very High,Very High,22.4,244.5,5470.0,3.6,15.4,0,92.0,A
CUST_00441,Male,Yes,37,Yes,Artist,5.0,Average,1.0,Cat_6,Luxury,Low,Very High,Very High,15.5,273.1,4232.2,4.0,19.5,1,91.2,A
CUST_00442,Male,Yes,57,Yes,Lawyer,2.0,Low,2.0,Cat_6,Budget,Very High,Low,Low,4.6,59.8,273.3,30.6,14.3,0,32.6,D
CUST_00443,Male,Yes,40,Yes,Artist,2.0,Low,2.0,Cat_3,Casual,Medium,High,Medium,10.9,155.4,1692.7,17.9,38.4,0,74.5,B
CUST_00444,Male,Yes,50,Yes,Healthcare,5.0,Average,3.0,Cat_3,Active,Medium,Medium,Medium,13.0,167.0,2163.8,10.3,38.0,1,63.1,B
CUST_00445,Female,Yes,23,Yes,Marketing,0.0,Low,5.0,Cat_1,Budget,Very High,Medium,Medium,7.3,94.6,691.2,17.8,35.1,1,34.9,C
CUST_00446,Male,Yes,41,No,Artist,2.0,Low,2.0,Cat_4,Budget,Very High,Very Low,Low,2.8,49.5,137.6,46.1,17.2,1,28.5,D
CUST_00447,Male,No,53,No,Homemaker,0.0,Low,1.0,Cat_5,,High,Very Low,Very Low,3.0,41.1,125.4,52.2,10.1,0,44.8,D
CUST_00448,Male,No,25,Yes,Marketing,2.0,Low,4.0,Cat_7,Budget,High,Low,Medium,9.1,84.6,773.4,10.3,53.4,0,51.6,C
CUST_00449,Female,No,35,Yes,Engineer,4.0,Average,4.0,Cat_6,Casual,High,High,High,9.9,146.0,1446.9,14.2,17.6,0,77.9,B
CUST_00450,Male,Yes,34,Yes,Doctor,8.0,High,4.0,Cat_6,Active,Low,Very High,High,18.5,259.6,4789.7,7.8,14.8,1,67.2,A
CUST_00451,Female,Yes,27,Yes,Marketing,2.0,Low,4.0,Cat_1,Casual,Very High,Low,High,8.6,59.4,512.6,10.6,48.1,1,56.0,C
CUST_00452,Male,Yes,37,Yes,Entertainment,2.0,Average,2.0,Cat_3,Luxury,Low,High,High,11.7,152.6,1786.6,11.7,34.8,0,64.3,B
CUST_00453,Female,Yes,54,Yes,Entertainment,4.0,High,3.0,Cat_5,Active,Medium,Medium,High,16.5,154.2,2537.3,15.6,34.3,1,69.2,B
CUST_00454,Male,No,64,No,Artist,0.0,Low,2.0,Cat_4,Budget,High,Low,Very Low,1.8,64.1,113.8,60.2,16.5,0,36.6,D
CUST_00455,Female,Yes,51,Yes,Doctor,9.0,High,1.0,Cat_4,Luxury,Medium,High,High,18.8,299.4,5623.3,7.5,17.1,1,71.9,A
CUST_00456,Male,Yes,56,Yes,Artist,5.0,Low,3.0,Cat_6,Active,Medium,Medium,High,10.5,167.5,1759.8,16.8,29.5,1,69.2,B
CUST_00457,Male,No,46,Yes,Executive,8.0,Average,1.0,Cat_6,Luxury,Low,Very High,High,18.3,385.0,7036.2,9.4,15.1,1,94.9,A
CUST_00458,Male,Yes,36,Yes,Artist,2.0,Average,1.0,Cat_5,Luxury,Medium,High,Medium,11.5,155.8,1789.0,9.6,30.3,0,70.2,B
CUST_00459,Female,Yes,53,Yes,Executive,4.0,High,3.0,Cat_6,Active,Low,Very High,Very High,15.6,378.0,5881.6,1.6,11.3,1,83.0,A
CUST_00460,Female,Yes,49,Yes,Engineer,11.0,High,3.0,Cat_6,Luxury,Medium,Very High,Very High,17.1,276.3,4717.2,8.9,21.3,0,88.4,A
CUST_00461,Male,Yes,60,No,Artist,6.0,Average,1.0,Cat_4,Active,Low,Very High,Medium,23.2,184.4,4284.4,4.5,22.3,1,96.7,A
CUST_00462,Female,Yes,26,No,Marketing,0.0,Average,4.0,Cat_6,Budget,Very High,Medium,Medium,6.1,91.6,562.3,2.0,52.5,0,,C
CUST_00463,Male,Yes,29,Yes,Artist,1.0,Low,2.0,Cat_6,Budget,Very High,Low,Low,4.5,107.3,478.2,2.0,45.3,0,67.7,C
CUST_00464,Male,Yes,31,Yes,Engineer,5.0,Average,3.0,Cat_3,Casual,Medium,Medium,High,7.1,205.0,1460.2,11.1,34.9,1,80.4,B
CUST_00465,Male,Yes,80,No,Lawyer,1.0,Low,1.0,Cat_4,Casual,High,Low,Low,3.5,51.2,179.2,22.0,9.8,0,13.7,D
CUST_00466,Female,No,35,No,Entertainment,4.0,Average,2.0,Cat_3,Active,Medium,Medium,High,12.7,173.2,2197.9,14.6,21.3,0,,B
CUST_00467,Male,Yes,26,Yes,Artist,,Average,3.0,Cat_5,Active,Medium,High,High,8.7,175.5,1520.8,5.9,32.8,1,86.7,B
CUST_00468,Male,Yes,70,No,Lawyer,0.0,Average,,Cat_4,Budget,Very High,Low,Low,4.4,36.3,160.9,31.8,29.4,0,29.3,D
CUST_00469,Male,No,54,Yes,Lawyer,8.0,High,2.0,Cat_6,Luxury,Medium,Very High,Very High,15.7,197.4,3097.9,5.1,9.3,0,89.9,A
CUST_00470,Male,No,60,Yes,Homemaker,2.0,Low,3.0,Cat_5,Budget,High,Very Low,Low,3.2,38.4,124.1,13.1,3.2,0,27.6,D
CUST_00471,Male,Yes,32,Yes,Engineer,7.0,High,3.0,Cat_6,Active,Medium,High,High,14.4,285.4,4123.2,7.9,12.3,0,76.7,A
CUST_00472,Female,No,53,No,Homemaker,0.0,Low,1.0,Cat_6,Budget,High,Low,Low,3.4,74.8,253.2,32.9,12.2,0,41.2,D
CUST_00473,Male,No,56,Yes,Lawyer,,High,2.0,Cat_4,,Low,High,Medium,18.7,335.4,6284.9,7.3,12.2,0,69.4,A
CUST_00474,Male,No,71,No,Healthcare,3.0,Low,1.0,Cat_5,Casual,High,Very Low,Low,0.5,43.9,21.9,39.0,5.1,0,36.2,D
CUST_00475,Male,Yes,36,Yes,Entertainment,3.0,Average,1.0,Cat_5,Luxury,Medium,Medium,High,12.1,166.4,2017.3,15.5,27.1,1,68.5,B
CUST_00476,Male,Yes,19,No,Healthcare,0.0,Low,1.0,Cat_4,Budget,High,Low,Low,3.6,82.9,300.2,14.0,0.4,0,27.1,D
CUST_00477,Female,Yes,40,Yes,Engineer,6.0,Average,4.0,Cat_6,Active,Low,High,Very High,11.1,305.8,3394.7,5.0,18.6,1,90.5,A
CUST_00478,Female,Yes,38,Yes,Engineer,2.0,Average,2.0,Cat_5,Active,Medium,Medium,Medium,17.3,132.0,2282.9,8.8,32.3,0,,B
CUST_00479,Female,No,65,Yes,Healthcare,2.0,Low,2.0,Cat_4,Budget,Very High,Low,Low,1.0,77.9,76.3,5.0,9.6,0,5.0,D
CUST_00480,Male,Yes,41,No,Engineer,0.0,Average,2.0,Cat_5,Casual,Medium,High,High,14.2,183.3,2599.5,10.0,25.8,0,72.1,B
CUST_00481,Male,No,30,No,Artist,0.0,Low,2.0,Cat_6,Budget,Very High,Low,Low,6.0,92.1,552.2,31.4,36.0,0,48.6,C
CUST_00482,Male,No,25,Yes,Marketing,2.0,Low,7.0,Cat_7,Casual,High,Low,High,11.6,105.6,1221.3,15.2,54.5,0,54.5,C
CUST_00483,Male,Yes,48,Yes,Engineer,0.0,Low,1.0,Cat_5,Active,Medium,Medium,High,18.4,142.4,2625.4,15.9,28.1,1,66.8,B
CUST_00484,Female,No,32,No,Homemaker,0.0,Average,2.0,Cat_1,Casual,High,Low,Medium,13.2,52.8,696.3,25.6,42.0,0,68.3,C
CUST_00485,Male,Yes,40,No,Entertainment,3.0,Low,5.0,Cat_3,Casual,High,Medium,Medium,4.6,200.6,930.2,10.6,36.1,1,83.1,B
CUST_00486,Female,Yes,59,No,Artist,0.0,Low,1.0,Cat_4,Budget,Very High,Very Low,Very Low,1.2,39.7,48.0,40.0,16.6,0,,D
CUST_00487,Female,No,51,Yes,Executive,2.0,Average,1.0,Cat_2,Luxury,Low,Very High,High,16.4,243.7,4006.1,6.1,11.0,1,100.0,A
CUST_00488,Male,Yes,34,Yes,Engineer,6.0,High,3.0,Cat_3,Luxury,Medium,Medium,High,10.3,159.2,1643.6,15.3,33.4,1,68.6,B
CUST_00489,Male,No,49,No,Homemaker,3.0,Low,3.0,Cat_4,Budget,Very High,Very Low,Very Low,4.8,46.8,222.6,40.0,10.0,0,35.9,D
CUST_00490,Female,Yes,35,No,Homemaker,2.0,Average,2.0,Cat_6,Casual,Very High,Low,Low,2.7,57.5,157.5,50.9,18.0,0,44.5,D
CUST_00491,Female,Yes,37,No,Engineer,4.0,Average,4.0,Cat_3,Luxury,Medium,Medium,Medium,8.9,154.1,1365.9,8.1,11.4,1,69.4,B
CUST_00492,Female,Yes,31,No,Homemaker,2.0,Low,3.0,Cat_1,Eco-conscious,High,Medium,Medium,9.4,86.0,804.4,10.6,39.0,1,79.4,C
CUST_00493,Male,Yes,24,Yes,Engineer,1.0,Low,1.0,Cat_6,Luxury,Medium,Medium,High,11.2,179.3,2010.4,10.8,17.3,0,62.9,B
CUST_00494,Female,No,63,Yes,Executive,9.0,Average,1.0,Cat_6,Luxury,Low,Very High,Medium,17.1,298.1,5085.1,3.2,17.5,0,77.7,A
CUST_00495,Female,No,49,Yes,Engineer,1.0,High,1.0,Cat_5,Active,Medium,High,Medium,7.2,166.8,1196.7,13.0,32.2,0,70.3,B
CUST_00496,Female,No,34,Yes,Engineer,0.0,High,3.0,Cat_6,Active,Medium,High,High,12.7,169.2,2152.2,17.3,30.2,0,68.4,B
CUST_00497,Male,Yes,40,No,Engineer,2.0,Average,2.0,Cat_3,Casual,Low,High,High,12.7,193.6,2456.3,17.2,18.5,1,79.1,B
CUST_00498,Female,Yes,41,Yes,Executive,6.0,Average,1.0,Cat_4,Luxury,Low,Very High,High,17.0,239.9,4071.0,5.1,20.3,1,86.9,A
CUST_00499,Female,No,55,No,Homemaker,0.0,Low,1.0,Cat_4,,High,Low,Low,2.5,75.3,189.9,53.2,17.9,0,42.0,D
CUST_00500,Male,No,58,No,Healthcare,,Average,3.0,Cat_6,Budget,Very High,Low,Very Low,3.8,92.2,351.1,54.5,6.6,0,38.2,D
CUST_00501,Female,Yes,41,No,Healthcare,2.0,Low,4.0,Cat_1,Budget,High,Low,High,8.8,61.1,535.0,3.4,44.7,0,51.1,C
CUST_00502,Male,No,35,Yes,Healthcare,8.0,Average,3.0,Cat_6,Active,Medium,High,Medium,12.5,193.0,2416.9,8.9,23.4,0,57.5,B
CUST_00503,Male,Yes,32,Yes,Artist,3.0,High,3.0,Cat_6,Casual,Medium,Medium,Medium,14.9,183.2,2729.5,10.5,33.6,0,55.1,B
CUST_00504,Male,No,34,No,Marketing,3.0,Low,4.0,Cat_6,Budget,High,Low,Medium,7.4,108.6,800.1,18.4,55.8,0,69.7,C
CUST_00505,Male,Yes,26,Yes,Healthcare,1.0,Low,4.0,Cat_1,Casual,Very High,Low,High,6.6,111.7,740.1,13.3,41.7,0,50.1,C
CUST_00506,Male,No,47,Yes,Doctor,5.0,High,3.0,Cat_2,Luxury,Low,Very High,Very High,18.7,245.1,4585.9,9.2,5.4,1,76.6,A
CUST_00507,Female,Yes,73,No,Healthcare,,Low,1.0,Cat_5,Budget,High,Very Low,Very Low,2.4,33.0,78.7,44.4,10.1,0,21.3,D
CUST_00508,Male,Yes,32,No,Healthcare,0.0,Low,2.0,Cat_6,,Very High,Low,High,7.3,79.1,573.6,18.5,37.9,0,62.0,C
CUST_00509,Female,No,40,No,Artist,0.0,Low,1.0,Cat_5,Budget,High,Low,Very Low,2.9,22.7,66.1,33.4,2.8,0,52.0,D
CUST_00510,Male,Yes,26,Yes,Homemaker,1.0,Low,6.0,Cat_1,Eco-conscious,High,Low,Medium,5.5,91.2,501.2,20.3,40.8,1,53.7,C
CUST_00511,Male,No,27,No,Artist,1.0,Low,4.0,Cat_1,Eco-conscious,High,Medium,High,7.1,99.0,703.6,18.7,38.2,1,34.8,C
CUST_00512,Female,Yes,33,Yes,Engineer,5.0,High,2.0,Cat_5,Active,Medium,High,High,8.5,166.5,1407.8,13.4,31.1,1,56.0,B
CUST_00513,Female,Yes,47,No,Healthcare,3.0,Low,1.0,Cat_5,Budget,High,Low,Low,6.1,55.1,337.0,27.7,6.3,0,21.9,D
CUST_00514,Male,Yes,54,Yes,Healthcare,0.0,Low,2.0,Cat_6,Budget,Very High,Very Low,Low,4.8,51.2,247.5,27.8,7.4,0,18.4,D
CUST_00515,Male,Yes,40,No,Lawyer,4.0,Average,1.0,Cat_6,Active,Medium,High,Medium,14.6,260.4,3802.5,2.5,15.0,1,87.9,A
CUST_00516,Male,Yes,56,Yes,Doctor,6.0,High,1.0,Cat_6,Active,Low,Very High,High,15.1,260.7,3938.6,4.6,7.2,1,90.2,A
CUST_00517,Male,No,26,Yes,Entertainment,1.0,High,6.0,Cat_6,Casual,Low,High,High,7.8,124.3,972.2,18.1,21.8,1,95.0,B
CUST_00518,Female,No,42,No,Healthcare,2.0,Average,3.0,Cat_1,Eco-conscious,Very High,Low,Low,7.0,107.7,758.1,13.0,69.0,0,60.3,C
CUST_00519,Female,No,75,Yes,Artist,2.0,Low,1.0,Cat_6,Budget,High,Low,Low,0.9,59.0,54.3,16.8,23.6,0,26.9,D
CUST_00520,Male,No,68,Yes,Executive,7.0,Average,1.0,,Luxury,Medium,Very High,Very High,15.9,295.7,4689.6,9.4,10.6,0,86.0,A
CUST_00521,Male,No,50,No,Engineer,0.0,High,4.0,Cat_3,Casual,Low,Medium,Medium,13.4,151.0,2024.8,12.3,21.2,1,68.7,B
CUST_00522,Male,Yes,33,Yes,Engineer,4.0,Average,3.0,Cat_5,Luxury,High,High,High,6.7,168.4,1121.4,9.5,21.9,0,64.0,B
CUST_00523,Female,Yes,66,No,Artist,1.0,Low,3.0,Cat_6,Casual,Very High,Low,Low,4.4,76.1,338.1,32.9,9.6,0,29.4,D
CUST_00524,Male,No,26,No,Artist,0.0,Low,2.0,Cat_6,Eco-conscious,Very High,Medium,High,6.6,59.4,394.7,12.0,53.7,0,45.9,C
CUST_00525,Male,Yes,51,No,Healthcare,3.0,Average,6.0,Cat_7,Eco-conscious,High,Low,Medium,7.0,123.8,861.4,12.4,35.8,0,49.4,C
CUST_00526,Female,Yes,39,Yes,Artist,3.0,Low,,Cat_3,Active,Low,High,High,12.3,163.1,2012.8,12.1,29.5,0,58.1,B
CUST_00527,Female,Yes,48,Yes,Healthcare,3.0,Average,2.0,Cat_3,Luxury,High,Medium,High,11.6,114.8,1333.3,21.3,19.1,0,74.2,B
CUST_00528,Female,Yes,31,Yes,Engineer,2.0,Low,4.0,Cat_3,Active,High,Medium,Medium,15.0,228.6,3431.9,13.8,29.2,0,66.7,B
CUST_00529,Female,No,46,Yes,Executive,7.0,Average,2.0,Cat_6,Luxury,Low,Very High,High,13.5,263.4,3543.2,8.6,16.0,1,71.7,A
CUST_00530,Female,No,47,No,Lawyer,2.0,Low,2.0,Cat_6,Casual,High,Very Low,Low,5.8,26.4,153.8,44.1,13.2,0,12.6,D
CUST_00531,Male,No,27,Yes,Healthcare,2.0,Low,3.0,Cat_7,Eco-conscious,High,Low,Low,11.6,86.9,1005.0,21.3,37.8,0,67.2,C
CUST_00532,Female,Yes,69,No,Healthcare,2.0,Low,2.0,Cat_6,Casual,Very High,Low,Low,1.5,48.0,74.4,35.2,15.2,1,22.4,D
CUST_00533,Male,No,55,No,Homemaker,1.0,Low,1.0,Cat_6,Budget,Very High,Low,Low,5.5,34.0,187.6,12.3,16.3,0,30.5,D
CUST_00534,Male,Yes,24,No,Engineer,4.0,High,2.0,Cat_6,Active,Low,Medium,High,12.0,211.3,2539.1,15.4,29.5,0,78.0,B
CUST_00535,Male,Yes,18,Yes,Homemaker,3.0,Average,2.0,Cat_1,Casual,High,Low,Medium,10.5,87.7,924.2,16.7,51.3,1,52.1,C
CUST_00536,Female,No,46,No,Artist,3.0,Low,1.0,Cat_4,Budget,High,Low,Low,2.9,46.0,134.2,51.8,7.1,0,26.2,D
CUST_00537,Male,No,33,Yes,Healthcare,2.0,Low,5.0,,Casual,Very High,Low,Medium,7.9,68.4,540.3,11.5,37.8,0,56.9,C
CUST_00538,Male,Yes,49,Yes,Doctor,8.0,High,1.0,Cat_6,Casual,Low,High,High,14.5,295.0,4278.0,9.8,17.1,1,87.3,A
CUST_00539,Female,Yes,27,Yes,Entertainment,6.0,Average,1.0,Cat_3,Active,Low,High,Medium,13.7,143.3,1968.7,15.7,35.7,0,,B
CUST_00540,Female,No,31,Yes,Executive,2.0,Average,2.0,Cat_2,Luxury,Medium,Very High,Very High,17.3,243.3,4202.3,8.2,13.6,0,88.9,A
CUST_00541,Male,Yes,34,Yes,Healthcare,1.0,Low,,Cat_6,,High,Low,Low,4.0,78.4,313.7,6.3,19.4,0,22.0,D
CUST_00542,Male,Yes,30,No,Marketing,2.0,Low,1.0,Cat_6,Casual,High,Low,Medium,5.8,78.1,451.4,22.0,55.1,0,70.1,C
CUST_00543,Male,Yes,28,Yes,Executive,10.0,Average,4.0,,Active,Low,Very High,Medium,13.4,253.6,3393.4,7.0,17.6,0,83.4,A
CUST_00544,Female,No,22,No,Artist,6.0,Average,4.0,Cat_6,Casual,High,Medium,Low,10.7,114.4,1229.2,8.9,62.2,0,48.4,C
CUST_00545,Female,No,22,Yes,Healthcare,1.0,Low,5.0,Cat_1,Budget,Very High,Low,Low,4.7,86.3,408.1,28.1,69.6,0,58.4,C
CUST_00546,Male,Yes,33,No,Entertainment,4.0,Low,3.0,Cat_3,Casual,Low,Medium,High,9.4,156.5,1474.0,13.5,18.0,0,56.9,B
CUST_00547,Female,Yes,43,Yes,Engineer,7.0,Average,2.0,Cat_4,Active,Medium,Very High,High,20.9,285.0,5968.2,2.6,16.8,1,71.0,A
CUST_00548,Male,No,21,Yes,Artist,0.0,Average,5.0,Cat_1,Eco-conscious,High,Low,Medium,8.5,94.3,803.9,27.8,41.8,0,46.6,C
CUST_00549,Male,Yes,41,No,Engineer,0.0,Average,3.0,Cat_6,Casual,Medium,High,Medium,14.2,159.7,2263.2,14.4,24.9,1,63.5,B
CUST_00550,Male,Yes,48,Yes,Artist,2.0,Low,3.0,Cat_7,Budget,High,Low,Low,8.7,90.8,794.1,21.2,57.2,1,30.7,C
CUST_00551,Female,Yes,26,Yes,Engineer,8.0,Average,4.0,Cat_3,Active,High,High,High,10.7,187.7,2016.1,5.7,23.6,0,95.0,B
CUST_00552,Male,No,32,No,Homemaker,0.0,Low,3.0,Cat_7,Casual,High,Low,Low,8.3,86.5,719.3,20.0,63.3,1,50.4,C
CUST_00553,Male,No,30,Yes,Artist,2.0,Average,4.0,Cat_3,Casual,Low,High,High,7.1,170.8,1204.6,18.3,23.4,1,73.1,B
CUST_00554,Female,No,38,Yes,Entertainment,6.0,Average,4.0,Cat_3,Luxury,Medium,High,Medium,11.3,171.6,1940.5,11.5,31.7,0,67.0,B
CUST_00555,Male,No,66,No,Artist,4.0,Low,1.0,Cat_5,Budget,High,Very Low,Low,3.2,26.1,83.9,36.0,14.3,1,44.9,D
CUST_00556,Female,Yes,41,Yes,Artist,8.0,Low,1.0,Cat_6,Active,Medium,High,High,9.0,102.8,927.3,17.1,35.0,0,74.8,B
CUST_00557,Female,Yes,38,Yes,Executive,5.0,High,2.0,Cat_4,Active,Medium,High,Medium,19.4,307.6,5978.0,6.0,13.4,1,89.3,A
CUST_00558,Female,No,61,Yes,Executive,1.0,High,3.0,Cat_6,Luxury,Low,Very High,High,16.8,287.1,4822.3,4.3,26.0,1,97.6,A
CUST_00559,Female,No,24,No,Homemaker,2.0,Low,4.0,Cat_1,Budget,Very High,Medium,Low,8.5,63.4,537.9,9.0,49.4,0,52.8,C
CUST_00560,Female,No,25,Yes,Artist,0.0,Low,6.0,Cat_7,Casual,High,Medium,Low,4.8,86.4,415.6,25.0,41.1,0,54.7,C
CUST_00561,Male,Yes,38,No,Healthcare,2.0,Low,4.0,Cat_1,Casual,High,Low,Low,7.7,105.1,804.7,25.6,46.3,0,44.8,C
CUST_00562,Female,Yes,46,Yes,Engineer,3.0,Average,1.0,Cat_4,Luxury,Medium,High,Medium,15.9,147.6,2352.6,4.4,16.5,0,87.1,A
CUST_00563,Female,Yes,58,Yes,Artist,9.0,High,2.0,Cat_4,Active,Low,Very High,Very High,16.2,272.1,4407.2,3.1,10.9,0,81.1,A
CUST_00564,Male,No,46,Yes,Executive,5.0,High,2.0,Cat_2,Luxury,Low,High,Medium,14.5,224.0,3246.1,5.9,16.1,0,86.7,A
CUST_00565,Female,No,45,No,Entertainment,7.0,Average,4.0,Cat_6,,Low,Medium,Medium,8.8,180.9,1598.0,8.4,30.7,1,69.7,B
CUST_00566,Female,No,41,No,Engineer,3.0,Average,1.0,Cat_5,,Medium,High,High,8.5,156.9,1327.5,9.4,30.9,0,52.5,B
CUST_00567,Female,Yes,43,No,Artist,6.0,Low,2.0,Cat_6,Luxury,Low,Medium,Medium,14.2,133.1,1892.2,13.5,23.3,0,69.2,B
CUST_00568,Female,Yes,35,Yes,Entertainment,0.0,Average,3.0,Cat_3,Active,Medium,High,High,12.3,163.0,2011.1,17.3,30.2,1,95.0,B
CUST_00569,Male,Yes,54,No,Artist,0.0,Low,2.0,Cat_6,Budget,High,Low,Low,1.6,68.5,108.7,33.4,9.7,0,30.2,D
CUST_00570,Female,No,52,No,Entertainment,9.0,Low,4.0,Cat_3,Active,Low,High,High,5.5,213.6,1181.6,9.6,27.4,0,80.4,B
CUST_00571,Male,No,50,No,Engineer,4.0,Average,3.0,Cat_6,Luxury,High,Medium,High,11.4,157.2,1784.6,12.2,30.1,0,74.7,B
CUST_00572,Male,Yes,34,No,Homemaker,3.0,Average,5.0,Cat_1,Eco-conscious,Very High,Low,Medium,10.8,92.5,996.9,7.2,39.9,0,43.3,C
CUST_00573,Male,No,62,Yes,Engineer,2.0,Average,3.0,Cat_6,Casual,Medium,Medium,Medium,13.1,227.3,2973.2,14.8,32.8,0,80.7,B
CUST_00574,Female,No,35,No,Homemaker,2.0,Low,2.0,Cat_1,Budget,Very High,Low,Low,7.0,104.6,731.1,15.1,61.8,1,62.7,C
CUST_00575,Male,No,63,Yes,Artist,1.0,Low,1.0,Cat_6,Budget,High,Low,Very Low,0.8,23.1,17.4,25.6,15.9,1,33.6,D
CUST_00576,Female,No,37,No,Homemaker,0.0,Average,2.0,Cat_6,Budget,High,Low,Low,1.9,38.4,73.3,34.9,13.9,0,43.4,D
CUST_00577,Male,Yes,48,Yes,Doctor,4.0,Average,3.0,Cat_6,Active,Low,High,Very High,18.7,209.3,3911.4,9.3,15.2,0,84.1,A
CUST_00578,Female,Yes,54,Yes,Homemaker,0.0,Low,3.0,Cat_4,Casual,Very High,Low,Low,5.2,79.9,417.3,28.2,0.4,0,32.0,D
CUST_00579,Male,Yes,41,Yes,Engineer,0.0,High,4.0,Cat_6,Casual,Medium,Medium,High,13.4,180.5,2420.5,5.3,22.4,1,54.2,B
CUST_00580,Female,Yes,26,Yes,Artist,2.0,High,2.0,Cat_6,Active,Medium,Medium,High,10.1,247.7,2496.9,12.6,33.8,1,62.6,B
CUST_00581,Male,No,42,Yes,Artist,3.0,Low,3.0,Cat_3,Active,Medium,High,High,14.6,181.1,2643.8,10.4,41.2,0,87.5,B
CUST_00582,Male,No,51,No,Artist,4.0,Low,1.0,Cat_4,Casual,High,Low,Very Low,3.3,71.6,238.4,23.0,5.1,1,32.2,D
CUST_00583,Male,No,46,No,Engineer,6.0,Average,,,Casual,Medium,Medium,Medium,16.6,131.3,2185.2,14.2,22.9,1,57.1,B
CUST_00584,Male,No,46,Yes,Healthcare,8.0,Average,1.0,Cat_6,Active,Medium,Medium,High,13.0,147.6,1913.4,16.9,32.0,1,71.8,B
CUST_00585,Female,No,29,Yes,Homemaker,0.0,Low,6.0,Cat_6,Budget,Very High,Medium,Low,7.5,90.4,679.5,17.7,61.6,1,,C
CUST_00586,Female,No,56,Yes,Executive,9.0,High,2.0,Cat_6,Luxury,Low,Very High,Very High,13.3,282.7,3767.8,8.3,19.0,1,69.3,A
CUST_00587,Female,Yes,45,Yes,Executive,6.0,Average,2.0,Cat_2,Luxury,Low,Very High,Very High,15.9,355.7,5645.0,2.5,18.6,1,87.2,A
CUST_00588,Female,No,43,Yes,Executive,5.0,High,1.0,Cat_2,Luxury,Low,Very High,Very High,10.8,309.9,3343.5,6.3,11.8,1,86.7,A
CUST_00589,Male,Yes,40,Yes,Engineer,7.0,High,,Cat_6,Luxury,Low,Very High,Very High,14.6,316.8,4621.3,5.5,10.9,1,91.5,A
CUST_00590,Female,No,43,Yes,Lawyer,1.0,Average,2.0,Cat_6,Active,Low,High,Very High,10.9,297.0,3250.7,5.7,15.9,1,82.3,A
CUST_00591,Male,No,51,Yes,Doctor,6.0,High,4.0,Cat_2,Active,Low,High,Very High,18.2,372.3,6770.5,9.5,20.8,1,,A
CUST_00592,Female,No,44,Yes,Healthcare,2.0,Average,3.0,Cat_1,Budget,High,Medium,Medium,8.9,103.3,915.1,22.0,58.4,0,51.8,C
CUST_00593,Male,Yes,64,No,Executive,4.0,High,2.0,Cat_2,Active,Low,Very High,Very High,13.8,310.3,4276.6,10.0,18.6,0,90.3,A
CUST_00594,Female,No,38,Yes,Artist,4.0,High,3.0,Cat_3,Active,Medium,Medium,High,10.5,194.0,2041.5,7.4,12.9,0,80.7,B
CUST_00595,Male,Yes,43,Yes,Lawyer,0.0,Low,1.0,Cat_4,Budget,High,Low,Low,4.9,54.2,263.4,24.4,3.1,0,5.0,D
CUST_00596,Male,No,50,Yes,Artist,1.0,High,3.0,Cat_5,Luxury,Medium,High,Medium,10.1,236.9,2388.2,15.9,30.7,1,77.5,B
CUST_00597,Male,No,18,Yes,Artist,0.0,Low,3.0,Cat_1,Casual,High,Medium,High,9.6,89.2,855.7,15.6,38.7,0,42.6,C
CUST_00598,Female,Yes,44,No,Executive,7.0,Average,1.0,Cat_2,Casual,Low,Very High,High,14.8,346.0,5130.3,13.6,13.3,1,88.4,A
CUST_00599,Female,Yes,67,Yes,Executive,12.0,Average,2.0,Cat_4,Active,Low,Very High,Medium,10.7,288.0,3080.3,5.8,20.0,1,93.9,A
CUST_00600,Male,No,41,Yes,Executive,6.0,Average,3.0,Cat_4,Luxury,Low,High,Very High,17.6,308.5,5419.6,7.2,5.9,1,90.5,A
CUST_00601,Male,Yes,54,No,Executive,2.0,High,2.0,Cat_2,Luxury,Low,Very High,High,18.7,391.6,7336.4,5.0,14.6,1,77.3,A
CUST_00602,Male,Yes,24,Yes,Artist,2.0,Average,4.0,Cat_6,Active,High,High,High,12.5,213.0,2654.0,9.5,32.6,1,54.9,B
CUST_00603,Male,Yes,56,Yes,Executive,11.0,Average,1.0,Cat_6,Luxury,Low,Very High,High,20.0,335.1,6694.6,5.2,19.2,1,92.3,A
CUST_00604,Male,No,56,Yes,Doctor,8.0,Average,2.0,Cat_6,Luxury,Low,Very High,Very High,14.0,220.7,3088.9,7.9,17.6,1,85.6,A
CUST_00605,Male,No,71,Yes,Lawyer,3.0,Average,1.0,Cat_4,Luxury,Low,High,Very High,15.8,275.0,4357.6,5.7,10.2,1,90.2,A
CUST_00606,Female,No,43,Yes,Entertainment,2.0,Average,3.0,Cat_6,Active,Medium,Medium,High,9.5,76.0,718.9,8.5,38.5,0,68.6,B
CUST_00607,Female,Yes,47,No,Executive,7.0,High,1.0,Cat_4,Active,Medium,High,Very High,12.2,361.9,4415.9,7.4,20.7,0,,A
CUST_00608,Male,Yes,41,Yes,Engineer,2.0,Average,1.0,Cat_6,Luxury,High,High,Medium,12.3,113.0,1387.7,14.3,27.5,1,54.8,B
CUST_00609,Male,No,57,Yes,Artist,3.0,Average,5.0,Cat_3,Active,Low,Medium,Medium,11.6,180.5,2093.0,9.0,10.1,1,75.5,B
CUST_00610,Male,No,28,No,Healthcare,1.0,Low,2.0,Cat_6,Casual,Very High,Medium,Medium,13.1,73.9,965.9,10.6,42.5,0,61.8,C
CUST_00611,Male,No,69,Yes,Lawyer,,High,2.0,Cat_4,Active,Low,Very High,Very High,14.8,299.7,4427.3,7.5,12.7,0,100.0,A
CUST_00612,Female,No,38,No,Healthcare,0.0,Low,6.0,Cat_1,Casual,Very High,Low,Medium,3.7,102.2,375.1,16.2,40.9,0,65.6,C
CUST_00613,Male,No,18,No,Homemaker,0.0,Average,2.0,Cat_6,Casual,Very High,Low,Low,3.5,57.0,201.2,19.1,36.0,0,54.0,C
CUST_00614,Female,Yes,53,Yes,Engineer,4.0,High,3.0,Cat_4,,Low,High,Very High,16.0,357.3,5720.3,7.1,21.7,0,93.0,A
CUST_00615,Female,Yes,36,No,Lawyer,4.0,Average,1.0,Cat_5,Budget,High,Low,Very Low,1.3,64.9,84.8,42.7,14.1,0,25.0,D
CUST_00616,Female,No,51,No,Lawyer,0.0,Average,2.0,Cat_4,Casual,Very High,Very Low,Low,3.7,81.4,301.8,45.0,16.5,1,21.4,D
CUST_00617,Male,No,57,Yes,Lawyer,10.0,High,3.0,Cat_6,Luxury,Medium,Very High,High,17.9,305.0,5465.8,8.4,16.9,0,81.3,A
CUST_00618,Male,Yes,30,No,Healthcare,3.0,Low,5.0,Cat_6,Casual,Low,Medium,Medium,12.6,176.8,2233.2,16.8,23.8,0,70.5,B
CUST_00619,Male,No,33,No,Healthcare,2.0,Low,3.0,Cat_6,Eco-conscious,High,Low,Medium,4.9,118.7,579.6,32.5,49.3,1,42.9,C
CUST_00620,Male,Yes,22,Yes,Healthcare,2.0,Low,2.0,Cat_6,Budget,High,Low,Medium,7.8,89.6,701.2,20.5,50.2,0,54.4,C
CUST_00621,Female,Yes,35,Yes,Artist,5.0,High,2.0,Cat_6,Luxury,Low,Very High,High,22.2,294.8,6555.4,5.6,8.6,0,79.4,A
CUST_00622,Male,Yes,63,Yes,Engineer,,Average,2.0,Cat_6,Luxury,Low,Very High,High,17.4,310.5,5410.6,9.0,19.0,0,92.8,A
CUST_00623,Female,Yes,38,Yes,Engineer,4.0,High,2.0,Cat_6,Casual,Medium,Medium,High,12.4,143.5,1778.6,11.1,38.9,1,60.8,B
CUST_00624,Male,Yes,51,No,Entertainment,4.0,Average,3.0,Cat_5,Casual,Medium,High,High,13.6,178.8,2429.4,19.4,22.8,1,81.2,B
CUST_00625,Male,No,21,No,Artist,4.0,Low,2.0,Cat_1,Budget,Very High,Low,Medium,10.9,102.4,1121.0,22.5,41.9,1,60.5,C
CUST_00626,Female,Yes,31,No,Engineer,,Average,2.0,Cat_3,Active,Medium,High,High,8.8,140.1,1237.7,13.6,20.4,1,73.6,B
CUST_00627,Male,Yes,34,No,Engineer,9.0,Average,4.0,Cat_6,Active,Medium,High,Medium,9.1,215.6,1955.1,13.5,29.4,1,93.3,B
CUST_00628,Female,Yes,41,No,Homemaker,0.0,Low,3.0,Cat_6,Budget,Very High,Low,Medium,5.7,108.1,618.6,17.5,42.6,0,52.8,C
CUST_00629,Female,Yes,46,Yes,Doctor,9.0,Average,2.0,Cat_2,Luxury,Low,High,Very High,17.1,286.4,4883.6,5.9,24.1,1,80.4,A
CUST_00630,Female,Yes,38,No,Doctor,2.0,High,1.0,Cat_6,Active,Medium,Very High,Very High,18.1,317.3,5735.1,2.1,20.4,1,,A
CUST_00631,Male,Yes,32,No,Artist,1.0,Low,,Cat_1,Budget,Very High,Low,High,9.7,100.9,979.2,22.3,52.9,0,48.1,C
CUST_00632,Female,No,38,No,Healthcare,,Low,1.0,Cat_6,Budget,Very High,Low,Low,2.8,62.9,174.5,46.0,17.4,1,43.4,D
CUST_00633,Male,No,40,Yes,Artist,6.0,Average,1.0,Cat_3,Casual,Medium,Medium,Medium,13.0,156.9,2037.6,6.5,29.8,1,62.8,B
CUST_00634,Male,No,40,Yes,Engineer,4.0,Average,4.0,Cat_6,Luxury,High,Medium,Medium,6.9,162.3,1115.7,13.0,32.0,0,80.4,B
CUST_00635,Female,Yes,66,Yes,Doctor,9.0,High,1.0,Cat_6,Casual,Medium,Very High,High,11.9,339.5,4032.2,2.2,22.5,1,86.0,A
CUST_00636,Male,No,45,Yes,Engineer,1.0,Average,2.0,Cat_6,Casual,Low,High,Medium,7.4,145.5,1076.9,9.9,25.0,1,92.7,B
CUST_00637,Male,No,29,Yes,Entertainment,4.0,High,2.0,Cat_6,Casual,Low,High,High,8.8,170.7,1510.4,15.9,15.9,0,76.5,B
CUST_00638,Female,Yes,50,Yes,Executive,11.0,High,2.0,Cat_4,Luxury,Low,High,High,21.3,297.5,6347.0,4.2,22.0,1,81.9,A
CUST_00639,Female,No,54,Yes,Artist,9.0,Average,4.0,Cat_5,Casual,Medium,Medium,High,11.0,140.5,1539.0,7.7,26.4,1,66.7,B
CUST_00640,Female,Yes,36,Yes,Artist,4.0,High,1.0,Cat_3,Casual,Medium,Medium,High,9.7,195.5,1905.3,15.4,28.0,0,77.5,B
CUST_00641,Male,No,22,No,Executive,2.0,Average,2.0,Cat_6,Luxury,Medium,Very High,High,20.3,300.4,6094.2,6.7,18.1,1,97.7,A
CUST_00642,Male,Yes,41,No,Entertainment,5.0,Average,2.0,Cat_6,Casual,Medium,Medium,Medium,8.7,126.3,1096.5,12.0,19.5,0,60.3,B
CUST_00643,Male,No,40,Yes,Engineer,8.0,Average,2.0,Cat_6,Luxury,Medium,High,Medium,15.3,231.8,3546.8,8.6,17.8,1,72.1,A
CUST_00644,Female,Yes,47,Yes,Healthcare,5.0,Average,1.0,Cat_3,Casual,Medium,Medium,High,15.8,183.0,2896.2,7.2,20.5,1,92.4,B
CUST_00645,Female,No,45,No,Engineer,6.0,Average,3.0,Cat_4,Luxury,Low,High,Very High,13.7,296.8,4074.4,7.1,16.8,1,,A
CUST_00646,Male,Yes,28,No,Healthcare,1.0,Low,1.0,Cat_5,Casual,Very High,Low,Very Low,1.9,64.8,126.4,51.2,11.2,0,34.7,D
CUST_00647,Male,Yes,48,Yes,Artist,3.0,Low,3.0,,Active,Low,Medium,High,12.2,140.7,1710.0,14.2,11.8,1,67.1,B
CUST_00648,Female,No,18,Yes,Marketing,4.0,Low,5.0,Cat_6,Budget,High,Medium,Medium,5.9,53.6,315.8,11.1,59.6,0,50.1,C
CUST_00649,Female,No,30,No,Artist,1.0,Low,3.0,Cat_1,Budget,Very High,Low,High,7.4,105.0,776.7,18.0,32.4,0,47.7,C
CUST_00650,Male,Yes,48,No,Engineer,0.0,Low,3.0,Cat_6,Casual,Medium,High,Medium,9.3,141.3,1320.6,9.7,32.6,0,56.1,B
CUST_00651,Male,Yes,27,No,Lawyer,4.0,Average,3.0,Cat_4,Luxury,Medium,High,High,13.2,329.6,4359.8,4.1,18.2,0,82.7,A
CUST_00652,Female,Yes,42,Yes,Engineer,4.0,Low,3.0,Cat_3,Casual,Low,Medium,High,11.8,225.4,2666.1,15.4,28.1,0,76.2,B
CUST_00653,Male,Yes,44,No,Engineer,,Average,3.0,Cat_5,Active,Medium,High,High,14.5,144.5,2092.8,11.0,25.6,0,69.7,B
CUST_00654,Male,Yes,31,No,Homemaker,3.0,Average,4.0,Cat_7,Budget,High,Medium,Low,9.7,96.3,935.0,17.2,65.6,0,62.2,C
CUST_00655,Female,Yes,36,Yes,Entertainment,1.0,Average,1.0,Cat_3,Active,Medium,Medium,High,9.7,190.3,1853.3,9.9,27.0,1,63.3,B
CUST_00656,Male,No,67,Yes,Lawyer,3.0,Average,3.0,Cat_2,Luxury,Low,Very High,Very High,13.9,196.6,2724.5,7.2,20.9,1,98.9,A
CUST_00657,Male,Yes,36,No,Artist,0.0,Average,4.0,,Casual,Medium,High,High,10.5,162.0,1703.5,20.3,36.3,1,66.9,B
CUST_00658,Female,Yes,39,Yes,Engineer,2.0,Average,3.0,Cat_6,Casual,Medium,Medium,High,16.0,131.5,2104.1,15.3,34.0,0,81.4,B
CUST_00659,Male,Yes,24,Yes,Marketing,2.0,Low,4.0,Cat_1,Eco-conscious,High,Medium,Low,11.4,93.8,1069.8,16.4,59.6,0,,C
CUST_00660,Female,Yes,41,Yes,Artist,1.0,Average,1.0,Cat_3,Active,Low,Medium,High,19.1,176.2,3366.6,15.9,20.5,1,81.6,B
CUST_00661,Female,No,35,Yes,Entertainment,1.0,Low,2.0,Cat_6,Active,Medium,Medium,High,8.1,138.8,1129.7,9.1,37.3,1,67.4,B
CUST_00662,Male,No,53,No,Lawyer,1.0,Low,2.0,Cat_6,Budget,High,Low,Low,4.6,47.2,218.1,16.6,13.2,1,37.8,D
CUST_00663,Male,No,32,Yes,Artist,0.0,Average,,Cat_6,Casual,High,Medium,Low,8.0,65.1,521.7,25.3,48.4,0,36.0,C
CUST_00664,Male,Yes,29,Yes,Executive,2.0,High,2.0,Cat_4,Luxury,Low,High,High,16.5,252.4,4159.0,6.0,13.2,1,77.9,A
CUST_00665,Male,Yes,43,Yes,Engineer,0.0,Average,2.0,Cat_4,Luxury,Medium,High,High,20.3,309.9,6284.2,8.1,13.2,1,84.2,A
CUST_00666,Male,No,38,Yes,Artist,7.0,High,1.0,,Luxury,Low,Very High,Medium,19.8,280.6,5565.2,12.1,18.8,1,70.0,A
CUST_00667,Male,Yes,39,Yes,Lawyer,5.0,High,3.0,Cat_6,Casual,Low,Very High,High,17.0,346.3,5886.7,2.6,19.6,1,75.9,A
CUST_00668,Male,No,58,Yes,Executive,10.0,High,3.0,Cat_6,Casual,Low,High,Very High,15.4,239.2,3693.9,3.6,13.4,1,85.9,A
CUST_00669,Female,Yes,36,Yes,Lawyer,7.0,High,1.0,Cat_4,Active,Medium,Very High,Very High,15.9,258.9,4127.4,3.3,11.7,1,,A
CUST_00670,Male,No,42,No,Healthcare,,High,3.0,Cat_6,Casual,Low,Medium,High,14.8,197.0,2921.6,7.9,31.6,1,52.3,B
CUST_00671,Male,Yes,64,No,Artist,5.0,High,3.0,Cat_6,Luxury,Low,High,Very High,20.7,232.4,4800.7,7.2,10.8,1,83.9,A
CUST_00672,Male,No,40,No,Healthcare,3.0,Low,1.0,Cat_4,,Very High,Very Low,Very Low,5.9,55.5,325.0,29.7,19.5,0,33.1,D
CUST_00673,Male,Yes,43,No,Executive,4.0,High,2.0,Cat_2,Luxury,Low,High,High,13.4,333.9,4463.1,7.9,16.3,1,88.0,A
CUST_00674,Male,Yes,45,Yes,Engineer,3.0,Average,3.0,,Casual,Low,Medium,Medium,11.0,182.1,1997.5,11.1,34.8,0,80.8,B
CUST_00675,Female,No,62,Yes,Entertainment,3.0,High,4.0,Cat_3,Active,Medium,Medium,High,8.7,171.3,1487.2,17.6,23.0,1,60.6,B
CUST_00676,Female,No,51,Yes,Healthcare,1.0,Low,2.0,Cat_6,Budget,High,Very Low,Low,2.7,60.3,165.3,41.5,12.1,0,33.4,D
CUST_00677,Female,Yes,52,Yes,Lawyer,9.0,High,1.0,Cat_6,Active,Medium,Very High,Very High,18.3,272.2,4982.0,4.4,16.8,0,90.7,A
CUST_00678,Female,Yes,42,Yes,Engineer,,Average,2.0,Cat_6,Casual,Medium,Medium,Medium,14.1,218.0,3079.1,13.3,15.6,0,78.3,B
CUST_00679,Female,No,53,Yes,Artist,3.0,Low,1.0,Cat_6,Casual,Very High,Low,Low,3.6,67.1,239.1,42.6,4.5,0,11.9,D
CUST_00680,Male,No,65,No,Healthcare,2.0,Low,1.0,Cat_4,Budget,High,Low,Low,3.4,25.1,84.1,26.8,15.1,0,30.4,D
CUST_00681,Female,Yes,18,Yes,Healthcare,1.0,Low,4.0,Cat_6,Casual,High,Low,Low,8.2,76.2,624.7,17.7,53.7,0,56.2,C
CUST_00682,Female,Yes,31,Yes,Healthcare,2.0,Average,2.0,Cat_6,Casual,Medium,High,High,8.9,158.4,1416.1,12.0,26.0,0,65.4,B
CUST_00683,Female,Yes,42,No,Doctor,9.0,High,1.0,Cat_2,Luxury,Low,Very High,Very High,15.9,312.4,4954.1,5.2,10.9,1,85.2,A
CUST_00684,Female,Yes,29,Yes,Marketing,0.0,Average,3.0,Cat_1,Casual,Very High,Medium,Medium,9.9,65.1,645.7,20.8,65.9,0,40.2,C
CUST_00685,Male,No,54,Yes,Lawyer,1.0,Low,3.0,Cat_4,Casual,High,Low,Very Low,4.5,60.6,270.9,42.0,1.2,0,15.7,D
CUST_00686,Female,Yes,41,Yes,Entertainment,3.0,Average,4.0,Cat_6,Casual,Medium,Medium,High,10.2,132.8,1356.6,13.2,31.4,1,,B
CUST_00687,Female,No,37,No,Artist,4.0,Low,5.0,Cat_6,Casual,Medium,High,High,11.1,154.0,1705.3,11.1,33.4,1,68.8,B
CUST_00688,Female,Yes,33,No,Entertainment,10.0,Average,,Cat_3,Active,Medium,High,Medium,12.8,223.0,2864.1,12.2,21.5,0,72.3,B
CUST_00689,Female,No,39,No,Artist,2.0,Low,3.0,Cat_1,Eco-conscious,High,Medium,Low,6.7,121.8,817.4,20.5,45.8,0,62.0,C
CUST_00690,Female,Yes,62,Yes,Engineer,4.0,High,3.0,Cat_4,Luxury,Low,High,Very High,18.4,240.7,4421.6,4.7,21.0,1,97.0,A
CUST_00691,Male,Yes,38,Yes,Artist,6.0,Average,2.0,Cat_6,Active,High,High,High,8.4,174.3,1455.6,12.9,19.8,1,74.6,B
CUST_00692,Male,Yes,39,Yes,Artist,0.0,Low,3.0,Cat_5,Active,Medium,High,Medium,14.3,150.5,2145.1,21.6,27.6,0,71.4,B
CUST_00693,Female,Yes,47,Yes,Artist,,High,2.0,Cat_5,Casual,Medium,Medium,Medium,11.3,165.2,1864.0,8.8,10.9,0,60.9,B
CUST_00694,Male,Yes,65,Yes,Engineer,5.0,Average,3.0,Cat_4,Luxury,Low,High,Medium,11.8,193.6,2280.4,3.0,11.0,1,87.5,A
CUST_00695,Male,Yes,46,Yes,Executive,6.0,High,2.0,Cat_6,Luxury,Low,Very High,High,11.9,312.2,3713.1,9.1,0.0,1,86.8,A
CUST_00696,Male,Yes,52,No,Homemaker,1.0,Low,1.0,Cat_1,Budget,Very High,Medium,High,5.1,92.1,469.5,18.6,50.5,0,52.6,C
CUST_00697,Male,Yes,25,No,Healthcare,6.0,Low,1.0,Cat_6,Active,Medium,Medium,High,7.8,171.3,1341.2,19.9,31.0,1,47.9,B
CUST_00698,Female,Yes,25,Yes,Artist,5.0,High,2.0,Cat_5,Casual,Medium,High,High,10.8,170.2,1845.9,10.0,32.5,1,79.5,B
CUST_00699,Female,Yes,75,Yes,Lawyer,5.0,Average,2.0,Cat_6,Luxury,Medium,High,Very High,15.8,193.1,3053.6,7.3,20.7,1,83.8,A
CUST_00700,Male,No,24,Yes,Engineer,6.0,Average,3.0,Cat_5,Active,Medium,Medium,High,12.5,166.4,2087.0,7.5,19.8,0,68.4,B
CUST_00701,Female,Yes,42,No,Engineer,4.0,Average,2.0,Cat_6,Active,Medium,High,Medium,6.8,172.6,1171.1,13.0,33.6,1,81.0,B
CUST_00702,Female,No,64,Yes,Doctor,9.0,High,,Cat_6,Luxury,Low,Very High,Medium,14.8,315.1,4653.9,8.4,16.9,1,78.6,A
CUST_00703,Female,Yes,48,Yes,Engineer,4.0,High,2.0,Cat_3,,Medium,High,High,13.8,160.2,2207.4,9.2,36.8,0,61.8,B
CUST_00704,Female,Yes,51,Yes,Executive,5.0,Average,1.0,Cat_4,Casual,Low,Very High,High,14.4,272.3,3923.1,6.4,17.7,1,,A
CUST_00705,Female,No,57,Yes,Engineer,4.0,Average,3.0,Cat_4,Luxury,Low,Very High,High,13.4,341.7,4575.4,1.0,11.1,1,83.9,A
CUST_00706,Male,No,53,No,Healthcare,2.0,Average,2.0,Cat_6,Budget,High,Low,Very Low,3.7,58.9,216.0,29.5,16.7,0,12.3,D
CUST_00707,Male,No,47,No,Healthcare,4.0,Average,2.0,Cat_6,Luxury,Medium,Medium,High,10.7,190.8,2033.5,11.3,38.4,1,68.4,B
CUST_00708,Female,No,26,Yes,Marketing,2.0,Average,3.0,Cat_1,Casual,Very High,Low,Medium,7.4,80.4,591.1,30.6,51.2,1,,C
CUST_00709,Male,Yes,43,Yes,Lawyer,4.0,Average,2.0,Cat_6,Luxury,Low,Very High,High,17.7,175.8,3108.0,7.8,13.5,0,,A
CUST_00710,Male,No,24,No,Healthcare,1.0,Low,4.0,Cat_1,Casual,High,Medium,Medium,6.1,86.5,530.0,9.6,51.7,0,69.9,C
CUST_00711,Female,No,25,No,Homemaker,1.0,Low,6.0,Cat_7,Eco-conscious,High,Low,Low,8.8,120.0,1059.3,8.6,37.8,0,48.9,C
CUST_00712,Female,No,26,Yes,Entertainment,3.0,Average,3.0,Cat_6,Casual,Medium,High,High,16.6,165.2,2743.0,9.5,42.1,0,72.0,B
CUST_00713,Female,Yes,47,Yes,Artist,8.0,Low,,Cat_6,Casual,Medium,Medium,Medium,10.3,145.2,1499.5,20.8,42.3,1,71.9,B
CUST_00714,Female,Yes,30,Yes,Entertainment,,Low,3.0,Cat_3,Active,Low,High,High,12.7,121.9,1543.6,16.9,25.0,1,70.2,B
CUST_00715,Male,Yes,31,No,Engineer,6.0,Average,4.0,Cat_3,Luxury,Medium,High,Medium,14.9,187.5,2795.7,7.4,22.1,1,66.0,B
CUST_00716,Female,No,64,Yes,Homemaker,0.0,Low,1.0,Cat_4,Casual,High,Very Low,Very Low,2.0,48.8,97.0,21.4,15.8,1,30.8,D
CUST_00717,Female,Yes,24,No,Artist,,Low,,Cat_1,Casual,Very High,Low,Medium,10.5,82.0,861.3,14.3,37.4,0,51.5,C
CUST_00718,Male,Yes,65,No,Healthcare,4.0,Low,1.0,Cat_5,,Very High,Low,Very Low,1.4,60.9,83.5,45.8,15.1,0,39.8,D
CUST_00719,Male,Yes,50,Yes,Executive,7.0,Average,1.0,Cat_6,Luxury,Medium,High,Very High,19.5,321.0,6263.2,4.5,7.9,1,,A
CUST_00720,Male,No,36,Yes,Marketing,1.0,Low,6.0,Cat_6,Eco-conscious,High,Low,Low,5.5,86.4,470.7,24.7,50.1,1,40.9,C
CUST_00721,Male,No,68,No,Artist,0.0,Low,1.0,Cat_6,Casual,High,Low,Very Low,1.8,32.6,60.2,41.6,14.8,1,24.0,D
CUST_00722,Male,Yes,53,Yes,Doctor,8.0,Average,1.0,Cat_4,Luxury,Medium,Very High,High,15.0,323.9,4864.3,2.9,15.5,1,84.3,A
CUST_00723,Male,Yes,61,Yes,Executive,7.0,High,2.0,Cat_6,Active,Low,Very High,Medium,18.0,280.8,5055.0,12.4,19.1,1,86.1,A
CUST_00724,Male,Yes,32,No,Artist,4.0,Low,3.0,Cat_7,Casual,Very High,Low,Low,10.6,75.8,800.2,7.7,30.3,1,66.1,C
CUST_00725,Female,Yes,29,Yes,Artist,0.0,Low,3.0,Cat_5,Active,Medium,Medium,High,14.4,178.3,2568.0,10.4,28.2,1,79.4,B
CUST_00726,Male,Yes,38,Yes,Healthcare,,Low,5.0,Cat_6,Budget,High,Low,Medium,8.4,111.4,930.1,9.0,48.6,0,51.5,C
CUST_00727,Female,Yes,55,Yes,Doctor,5.0,High,3.0,Cat_6,Active,Low,High,High,15.6,203.5,3172.0,1.7,15.7,1,94.3,A
CUST_00728,Male,Yes,34,No,Homemaker,5.0,Low,,Cat_1,Budget,High,Low,High,9.4,109.5,1024.1,35.7,40.5,0,,C
CUST_00729,Female,Yes,57,Yes,Executive,5.0,High,1.0,Cat_4,Luxury,Low,Very High,Very High,13.4,317.1,4236.6,6.2,21.7,1,,A
CUST_00730,Female,Yes,23,Yes,Doctor,9.0,High,1.0,Cat_2,,Low,High,Very High,15.9,265.9,4233.8,3.7,14.0,1,86.0,A
CUST_00731,Male,No,67,Yes,Executive,11.0,Average,3.0,Cat_6,Luxury,Medium,High,Very High,16.3,286.8,4677.1,4.5,13.2,1,87.4,A
CUST_00732,Male,Yes,23,Yes,Healthcare,1.0,Low,2.0,Cat_6,Casual,High,Medium,High,8.9,107.9,961.8,27.8,32.8,0,42.3,C
CUST_00733,Female,No,35,Yes,Homemaker,0.0,Average,1.0,Cat_1,Casual,High,Low,Low,7.7,80.8,625.9,14.8,43.0,0,54.1,C
CUST_00734,Male,Yes,44,Yes,Healthcare,5.0,Low,,Cat_6,Casual,Medium,Medium,High,18.9,142.0,2685.7,13.7,28.4,0,66.0,B
CUST_00735,Female,Yes,27,Yes,Engineer,7.0,High,3.0,Cat_3,Casual,Low,High,Medium,11.6,146.8,1698.8,15.0,19.4,1,65.2,B
CUST_00736,Female,No,65,No,Homemaker,0.0,Average,4.0,Cat_6,Budget,High,Low,Very Low,3.0,56.2,171.1,33.7,6.6,0,45.5,D
CUST_00737,Male,Yes,42,Yes,Artist,6.0,Low,,Cat_6,Active,High,High,High,15.8,200.9,3184.0,12.5,40.0,1,80.6,B
CUST_00738,Male,No,35,No,Artist,2.0,Low,3.0,Cat_7,Casual,High,Low,Medium,8.3,81.3,670.7,16.6,56.3,0,70.0,C
CUST_00739,Male,Yes,45,Yes,Artist,5.0,Average,3.0,Cat_3,Active,Medium,Medium,Medium,9.1,161.2,1469.5,16.6,17.1,1,86.5,B
CUST_00740,Male,Yes,44,Yes,Artist,2.0,Average,2.0,Cat_6,Active,Medium,High,High,10.9,209.2,2283.9,25.4,34.9,1,66.9,B
CUST_00741,Male,No,29,Yes,Entertainment,7.0,Low,4.0,Cat_6,Active,High,Medium,Medium,12.0,155.2,1865.7,18.5,35.0,1,72.7,B
CUST_00742,Male,Yes,29,No,Engineer,4.0,Average,,Cat_5,Active,High,High,High,15.1,177.8,2683.9,14.7,32.8,1,72.0,B
CUST_00743,Male,Yes,31,Yes,Artist,0.0,Low,4.0,,Budget,Very High,Low,High,7.1,65.8,466.3,14.5,41.4,0,22.9,C
CUST_00744,Female,Yes,38,Yes,Artist,8.0,Low,3.0,Cat_6,Active,Medium,Medium,High,14.4,181.5,2613.3,16.9,29.8,1,63.6,B
CUST_00745,Female,No,39,Yes,Artist,0.0,Average,3.0,Cat_6,Luxury,Medium,Very High,High,20.0,210.5,4204.3,8.6,19.5,0,93.7,A
CUST_00746,Male,Yes,60,Yes,Healthcare,5.0,Low,1.0,Cat_5,Budget,High,Very Low,Low,3.4,37.8,129.7,29.7,10.7,0,49.5,D
CUST_00747,Male,Yes,38,Yes,Engineer,6.0,Low,3.0,Cat_5,Luxury,Medium,Medium,Medium,6.7,149.9,1004.4,7.2,18.9,0,59.1,B
CUST_00748,Female,Yes,34,No,Healthcare,5.0,Low,2.0,Cat_3,Active,Medium,Medium,High,13.0,175.7,2277.6,3.0,35.7,0,71.1,B
CUST_00749,Male,No,59,No,Healthcare,1.0,Average,4.0,Cat_4,Budget,Very High,Low,Low,3.4,51.6,176.5,39.0,18.1,0,11.9,D
CUST_00750,Female,No,30,Yes,Marketing,1.0,Low,2.0,Cat_7,Casual,High,Low,Low,6.0,88.1,531.2,11.1,54.6,0,57.1,C
CUST_00751,Female,No,37,Yes,Artist,6.0,Average,2.0,Cat_6,Active,Low,Very High,Very High,15.3,286.6,4390.9,7.0,11.2,0,79.1,A
CUST_00752,Female,No,63,No,Homemaker,0.0,Low,1.0,Cat_6,Budget,Very High,Very Low,Very Low,2.6,76.9,198.8,44.3,8.8,0,21.5,D
CUST_00753,Female,No,32,No,Marketing,4.0,Low,3.0,Cat_6,Eco-conscious,High,Medium,Low,8.6,80.7,693.8,21.4,46.7,0,,C
CUST_00754,Male,No,28,No,Engineer,6.0,Average,2.0,,Casual,Medium,Medium,Medium,8.7,233.9,2043.8,14.7,42.4,1,71.3,B
CUST_00755,Female,Yes,35,Yes,Executive,6.0,High,3.0,Cat_6,Active,Low,Very High,High,15.3,226.1,3453.8,10.4,11.9,1,80.5,A
CUST_00756,Female,Yes,27,No,Healthcare,2.0,Low,4.0,,Budget,High,Medium,Medium,8.6,76.4,656.8,21.2,48.3,1,35.4,C
CUST_00757,Female,Yes,33,No,Marketing,5.0,Average,3.0,Cat_7,Eco-conscious,High,Low,Medium,10.8,56.5,612.7,32.7,61.1,0,78.0,C
CUST_00758,Female,No,32,Yes,Engineer,,Average,4.0,Cat_3,Active,Medium,Medium,High,16.3,163.0,2654.8,12.1,24.2,1,73.8,B
CUST_00759,Female,Yes,58,No,Healthcare,1.0,Average,1.0,Cat_4,Casual,High,Low,Low,4.8,95.2,459.4,29.8,9.7,0,29.8,D
CUST_00760,Female,Yes,31,No,Artist,0.0,Low,3.0,Cat_6,Casual,High,Medium,Medium,8.3,59.9,494.8,28.6,48.8,0,33.0,C
CUST_00761,Female,No,60,Yes,Engineer,5.0,Average,2.0,Cat_6,Active,Low,High,High,15.6,290.2,4525.4,3.5,23.1,1,95.1,A
CUST_00762,Female,No,46,No,Entertainment,1.0,High,3.0,Cat_3,Casual,High,High,High,6.9,170.7,1186.1,11.4,30.5,1,62.2,B
CUST_00763,Male,Yes,50,No,Engineer,10.0,High,1.0,Cat_6,Luxury,Medium,Very High,Very High,21.8,241.1,5256.2,5.0,13.5,1,88.0,A
CUST_00764,Female,Yes,26,No,Marketing,0.0,Low,,Cat_1,Casual,High,Low,High,8.9,57.5,514.2,20.4,50.4,0,45.4,C
CUST_00765,Male,Yes,65,Yes,Lawyer,1.0,Average,2.0,Cat_2,Casual,Medium,Very High,High,14.2,299.9,4272.9,8.4,9.6,1,86.9,A
CUST_00766,Female,Yes,40,No,Entertainment,2.0,Average,2.0,Cat_5,Active,Medium,High,High,6.7,148.8,995.4,10.6,31.4,1,66.8,B
CUST_00767,Male,No,26,Yes,Artist,1.0,Low,4.0,,,Very High,Low,Low,7.4,85.7,634.2,20.7,35.7,0,51.9,C
CUST_00768,Female,Yes,52,No,Healthcare,0.0,Low,3.0,Cat_4,Casual,High,Very Low,Very Low,1.7,40.3,67.8,31.5,5.4,0,14.6,D
CUST_00769,Female,Yes,30,Yes,Artist,0.0,Average,3.0,Cat_3,Active,Low,High,High,12.5,201.6,2519.5,13.1,38.5,1,78.2,B
CUST_00770,Male,No,22,Yes,Healthcare,1.0,Average,4.0,Cat_7,Eco-conscious,High,Medium,Medium,12.0,70.2,839.7,13.5,48.1,0,77.5,C
CUST_00771,Female,Yes,48,Yes,Engineer,5.0,High,1.0,Cat_6,Active,Medium,High,High,18.8,306.7,5777.7,3.7,11.7,0,,A
CUST_00772,Male,Yes,30,Yes,Artist,4.0,Low,1.0,Cat_1,Budget,Very High,Low,Low,6.6,87.1,574.3,13.2,37.2,0,59.0,C
CUST_00773,Female,No,53,Yes,Engineer,4.0,High,3.0,Cat_6,Luxury,Low,High,Very High,15.4,295.0,4536.9,7.0,13.6,1,90.2,A
CUST_00774,Male,No,40,No,Engineer,8.0,Average,3.0,Cat_5,Active,High,High,Medium,13.1,215.5,2816.5,13.4,27.5,0,57.7,B
CUST_00775,Male,No,22,No,Healthcare,0.0,Average,3.0,Cat_6,Casual,High,Low,Low,10.1,65.7,663.4,14.5,41.1,0,51.5,C
CUST_00776,Male,Yes,54,Yes,Lawyer,6.0,High,2.0,Cat_6,Active,Low,Very High,Very High,18.4,344.1,6327.1,9.2,19.3,1,95.7,A
CUST_00777,Female,Yes,52,Yes,Doctor,6.0,Average,2.0,Cat_6,Active,Medium,Very High,High,16.3,229.1,3735.6,4.1,8.1,1,86.1,A
CUST_00778,Female,No,30,Yes,Homemaker,3.0,Low,5.0,Cat_1,Eco-conscious,Very High,Medium,Medium,9.3,79.3,736.9,21.7,49.4,1,49.9,C
CUST_00779,Female,Yes,31,No,Healthcare,3.0,Low,3.0,Cat_6,Budget,High,Low,Medium,8.6,81.2,700.0,17.1,41.0,0,53.7,C
CUST_00780,Female,Yes,25,Yes,Artist,4.0,Average,3.0,Cat_1,Budget,Very High,Low,High,7.9,94.5,748.1,22.7,49.6,0,67.8,C
CUST_00781,Female,Yes,18,Yes,Artist,2.0,Low,5.0,Cat_6,Budget,High,Low,Medium,6.8,91.5,625.0,12.0,36.2,0,57.9,C
CUST_00782,Female,Yes,32,Yes,Artist,9.0,Average,3.0,Cat_6,Casual,Medium,High,Medium,13.0,200.7,2604.8,19.7,31.0,1,59.9,B
CUST_00783,Female,Yes,56,No,Artist,7.0,Average,2.0,Cat_6,Luxury,Medium,Very High,High,18.6,240.1,4461.2,2.2,17.6,1,90.0,A
CUST_00784,Female,No,28,Yes,Engineer,0.0,Average,3.0,Cat_3,Active,Low,Medium,High,14.4,197.2,2844.5,16.1,25.7,1,66.8,B
CUST_00785,Male,Yes,44,No,Engineer,8.0,High,1.0,Cat_2,Active,Low,High,High,16.5,290.9,4785.7,4.7,9.0,0,93.0,A
CUST_00786,Male,No,42,No,Healthcare,2.0,Low,2.0,Cat_6,Budget,High,Low,Very Low,3.8,18.7,71.4,42.8,21.1,0,25.9,D
CUST_00787,Female,No,33,Yes,Healthcare,1.0,High,3.0,Cat_3,Active,Medium,High,Medium,10.7,198.7,2118.2,12.7,34.8,1,68.1,B
CUST_00788,Female,No,49,No,Healthcare,2.0,Average,4.0,Cat_3,Active,Low,High,Medium,10.9,141.7,1545.0,8.8,5.5,1,68.0,B
CUST_00789,Male,Yes,42,Yes,Artist,2.0,High,3.0,Cat_6,Casual,High,High,Medium,12.7,99.4,1258.2,21.3,37.0,1,59.2,B
CUST_00790,Male,No,41,No,Healthcare,0.0,Average,1.0,Cat_6,Budget,High,Low,Very Low,0.6,45.8,25.6,19.9,14.6,0,26.6,D
CUST_00791,Female,Yes,51,No,Lawyer,7.0,High,1.0,Cat_2,Active,Low,Very High,High,16.2,280.8,4554.6,7.1,18.3,0,86.2,A
CUST_00792,Female,Yes,56,Yes,Entertainment,7.0,Average,2.0,,Casual,High,High,High,12.2,172.1,2098.4,14.2,41.1,1,56.8,B
CUST_00793,Male,No,34,Yes,Engineer,2.0,Average,3.0,Cat_3,Active,Low,Medium,Medium,10.1,145.9,1476.1,11.8,20.3,1,60.2,B
CUST_00794,Female,No,23,Yes,Healthcare,0.0,Average,2.0,,Budget,High,Medium,Medium,11.4,104.7,1198.2,13.6,45.8,0,65.2,C
CUST_00795,Male,Yes,31,Yes,Lawyer,9.0,High,,Cat_6,Active,Low,Very High,Medium,22.2,292.1,6487.6,6.2,9.9,1,88.2,A
CUST_00796,Male,No,47,No,Homemaker,4.0,Low,3.0,Cat_5,Budget,High,Low,Very Low,4.2,37.0,154.5,38.3,23.6,0,19.2,D
CUST_00797,Female,No,69,No,Healthcare,3.0,Low,2.0,Cat_6,Casual,High,Low,Very Low,1.9,34.9,66.8,24.6,18.7,0,21.5,D
CUST_00798,Male,No,39,Yes,Entertainment,3.0,Low,2.0,Cat_6,,Medium,High,Medium,15.7,159.9,2503.5,12.2,27.7,1,81.3,B
CUST_00799,Female,No,23,Yes,Artist,3.0,Low,4.0,Cat_6,Budget,High,Medium,Low,9.2,115.6,1066.0,24.7,58.1,0,54.3,C
CUST_00800,Female,No,68,Yes,Healthcare,3.0,Low,2.0,Cat_5,,High,Very Low,Very Low,1.2,35.1,43.2,43.4,14.2,1,28.9,D
CUST_00801,Female,No,24,No,Artist,0.0,Low,6.0,Cat_1,Casual,Very High,Medium,Medium,4.3,120.2,517.8,14.6,37.9,0,70.6,C
CUST_00802,Male,Yes,69,Yes,Lawyer,5.0,High,3.0,Cat_6,Luxury,Low,High,High,16.1,307.5,4962.9,10.5,14.5,1,84.8,A
CUST_00803,Female,Yes,33,Yes,Entertainment,7.0,Average,,Cat_3,Casual,High,High,High,8.6,169.1,1456.4,13.5,18.7,1,72.8,B
CUST_00804,Female,No,38,Yes,Homemaker,,Low,3.0,Cat_7,Casual,Very High,Low,Medium,7.1,88.3,628.9,22.7,41.9,0,41.0,C
CUST_00805,Male,Yes,24,Yes,Entertainment,2.0,High,4.0,Cat_5,Luxury,Medium,High,Medium,9.3,151.7,1408.2,15.7,17.9,0,50.6,B
CUST_00806,Male,No,32,Yes,Artist,6.0,Low,5.0,Cat_1,Budget,High,Medium,Medium,7.6,98.2,741.7,15.5,62.2,0,72.1,C
CUST_00807,Female,No,57,No,Healthcare,0.0,Low,4.0,Cat_6,Budget,Very High,Low,Very Low,3.7,49.6,181.7,41.9,11.2,0,28.9,D
CUST_00808,Female,No,67,No,Homemaker,0.0,Low,1.0,Cat_6,Budget,Very High,Very Low,Low,1.6,40.1,65.5,28.1,4.1,0,17.5,D
CUST_00809,Female,Yes,50,No,Engineer,6.0,Low,5.0,Cat_3,Active,Low,High,High,9.2,273.4,2504.0,6.2,24.5,1,57.9,B
CUST_00810,Female,Yes,31,Yes,Lawyer,6.0,Average,2.0,Cat_4,Luxury,Medium,Very High,Very High,16.1,305.2,4903.4,7.1,8.8,1,74.1,A
CUST_00811,Female,Yes,41,No,Healthcare,0.0,Low,1.0,Cat_6,Budget,High,Low,Low,3.7,45.6,168.5,36.3,3.0,0,19.8,D
CUST_00812,Female,No,23,No,Marketing,1.0,Average,5.0,Cat_6,Budget,High,Medium,High,5.9,93.5,550.7,4.6,46.1,1,40.4,C
CUST_00813,Male,No,52,No,Artist,4.0,Average,2.0,Cat_6,Casual,Low,High,Very High,15.1,335.8,5061.7,7.0,22.7,1,95.3,A
CUST_00814,Male,Yes,39,Yes,Lawyer,1.0,Low,2.0,Cat_4,Casual,High,Low,Very Low,5.9,94.6,561.2,44.4,1.6,1,34.8,D
CUST_00815,Female,No,23,Yes,Homemaker,4.0,Low,2.0,Cat_4,Casual,High,Low,Very Low,3.7,35.5,132.7,33.9,17.0,0,38.9,D
CUST_00816,Female,Yes,37,No,Artist,7.0,Average,3.0,Cat_6,Casual,Medium,High,Medium,11.6,192.3,2229.6,8.8,42.5,1,63.8,B
CUST_00817,Male,No,42,Yes,Artist,1.0,High,2.0,Cat_5,Casual,Medium,High,Medium,11.2,116.6,1307.0,6.1,43.5,1,66.7,B
CUST_00818,Male,Yes,24,No,Engineer,2.0,Low,2.0,Cat_6,Active,High,High,High,12.0,192.3,2315.6,17.1,45.5,1,64.5,B
CUST_00819,Female,Yes,60,No,Lawyer,6.0,High,3.0,Cat_4,Luxury,Low,Very High,Medium,15.4,252.8,3886.1,4.8,9.0,0,94.0,A
CUST_00820,Male,Yes,24,Yes,Artist,7.0,Average,3.0,Cat_6,Active,Medium,High,High,11.9,190.7,2265.5,7.5,22.0,1,73.0,B
CUST_00821,Female,Yes,30,No,Artist,3.0,Average,5.0,Cat_1,,Very High,Low,Medium,12.1,116.0,1399.0,26.9,30.4,0,52.0,C
CUST_00822,Male,Yes,46,No,Engineer,6.0,Average,3.0,Cat_6,Luxury,Low,High,Medium,15.3,250.6,3840.6,4.9,10.8,1,95.8,A
CUST_00823,Male,No,42,Yes,Healthcare,7.0,High,3.0,Cat_5,Casual,Medium,Medium,High,12.4,208.1,2578.2,7.1,39.5,0,75.6,B
CUST_00824,Female,No,28,Yes,Entertainment,2.0,Average,2.0,Cat_3,Active,Low,Medium,Medium,15.7,196.8,3092.1,15.1,30.1,1,78.5,B
CUST_00825,Female,Yes,53,No,Healthcare,2.0,Low,2.0,Cat_6,Active,High,High,Medium,6.2,204.3,1265.2,15.1,23.7,1,62.8,B
CUST_00826,Male,Yes,50,Yes,Healthcare,3.0,Low,2.0,,Budget,High,Low,Very Low,2.1,58.8,124.9,27.2,17.5,0,42.3,D
CUST_00827,Male,Yes,39,Yes,Entertainment,5.0,Average,3.0,Cat_6,Luxury,Medium,High,Medium,11.9,162.1,1926.4,15.2,19.6,1,88.1,B
CUST_00828,Male,Yes,50,No,Engineer,4.0,High,1.0,,Casual,High,Medium,High,4.9,111.8,544.9,11.1,28.2,0,75.3,B
CUST_00829,Male,Yes,37,Yes,Healthcare,0.0,Low,,Cat_7,Budget,Very High,Low,Medium,8.1,88.5,721.1,18.0,34.3,0,51.3,C
CUST_00830,Male,No,43,Yes,Artist,6.0,Low,4.0,Cat_3,Luxury,Low,Medium,High,9.2,165.6,1520.5,6.7,35.2,1,79.4,B
CUST_00831,Male,Yes,34,Yes,Artist,9.0,High,4.0,Cat_6,Active,Low,High,High,16.7,227.2,3801.6,2.0,12.1,1,91.2,A
CUST_00832,Male,Yes,25,Yes,Entertainment,4.0,Average,2.0,Cat_6,Active,Medium,Medium,Medium,16.5,140.1,2312.7,11.1,30.5,1,71.7,B
CUST_00833,Female,No,43,Yes,Lawyer,8.0,High,2.0,Cat_4,Luxury,Low,Very High,Very High,16.3,219.9,3581.6,4.0,20.5,0,93.5,A
CUST_00834,Male,No,42,No,Doctor,2.0,High,2.0,Cat_4,Casual,Medium,High,High,12.6,272.6,3423.0,7.9,19.9,0,95.2,A
CUST_00835,Female,Yes,24,Yes,Engineer,6.0,Average,4.0,Cat_5,Active,Medium,High,High,11.5,157.3,1808.3,9.3,40.0,1,90.0,B
CUST_00836,Male,Yes,33,Yes,Engineer,6.0,Average,1.0,Cat_6,Active,Low,High,High,10.9,178.4,1940.4,15.8,30.1,0,65.0,B
CUST_00837,Male,No,47,No,Healthcare,2.0,Low,3.0,Cat_5,Budget,Very High,Very Low,Very Low,4.4,56.0,248.7,42.0,0.0,0,45.0,D
CUST_00838,Male,No,46,No,Artist,3.0,Average,4.0,Cat_6,Active,Medium,High,High,14.0,192.1,2686.2,7.1,28.8,0,74.5,B
CUST_00839,Female,Yes,24,No,Healthcare,1.0,Average,3.0,Cat_3,Luxury,Medium,High,High,15.1,199.3,3013.8,9.9,18.8,1,70.1,B
CUST_00840,Male,No,26,Yes,Healthcare,6.0,Average,4.0,Cat_1,Budget,High,Medium,Low,5.9,75.8,446.0,21.8,55.5,0,60.6,C
CUST_00841,Male,No,50,Yes,Executive,5.0,Average,,Cat_4,Active,Low,High,Very High,19.5,342.8,6694.4,1.0,19.0,1,75.7,A
CUST_00842,Female,No,25,No,Healthcare,1.0,Low,2.0,Cat_6,Budget,Very High,Low,Low,5.5,81.4,444.8,11.7,62.3,0,63.9,C
CUST_00843,Female,No,51,Yes,Artist,5.0,Average,2.0,Cat_4,Casual,Medium,High,Very High,22.8,322.4,7357.2,8.8,12.9,1,90.5,A
CUST_00844,Male,Yes,62,No,Healthcare,0.0,Low,2.0,Cat_5,Casual,High,Very Low,Low,2.0,57.5,116.6,36.3,11.1,0,20.1,D
CUST_00845,Female,Yes,57,No,Artist,,High,3.0,Cat_4,Luxury,Low,Very High,Very High,18.2,279.3,5088.1,3.0,14.8,1,100.0,A
CUST_00846,Male,No,39,No,Engineer,5.0,High,2.0,Cat_6,Casual,Medium,Medium,High,8.5,177.5,1510.5,16.3,23.2,0,60.8,B
CUST_00847,Male,Yes,33,Yes,Doctor,10.0,High,2.0,Cat_6,Luxury,Medium,Very High,High,16.1,300.6,4828.4,9.1,13.1,1,77.9,A
CUST_00848,Female,No,74,Yes,Lawyer,2.0,Low,3.0,,Casual,Very High,Low,Low,4.4,43.3,189.3,43.4,11.2,0,21.2,D
CUST_00849,Male,Yes,32,No,Healthcare,3.0,High,3.0,Cat_6,Active,Medium,Medium,High,6.7,180.0,1200.8,11.7,33.1,0,70.9,B
CUST_00850,Male,Yes,33,Yes,Entertainment,5.0,Average,3.0,Cat_3,Active,Medium,High,High,8.0,192.5,1546.1,16.4,25.1,1,67.0,B
CUST_00851,Male,Yes,49,Yes,Engineer,6.0,High,3.0,Cat_4,Luxury,Low,Very High,High,13.5,311.0,4196.5,5.8,10.8,1,94.4,A
CUST_00852,Female,Yes,34,No,Artist,1.0,Low,7.0,Cat_6,Budget,High,Low,Low,10.2,93.4,949.7,12.8,34.5,0,32.5,C
CUST_00853,Male,No,76,Yes,Engineer,,Average,3.0,Cat_6,Luxury,Low,High,High,10.5,321.7,3367.8,6.0,23.7,1,83.4,A
CUST_00854,Male,Yes,63,No,Healthcare,0.0,Low,2.0,Cat_4,Budget,High,Low,Very Low,4.0,56.2,225.5,24.4,20.0,0,38.3,D
CUST_00855,Female,Yes,42,Yes,Doctor,5.0,High,3.0,Cat_4,Active,Low,Very High,Very High,11.8,282.2,3326.2,7.4,16.9,1,85.1,A
CUST_00856,Female,Yes,49,No,Lawyer,0.0,High,2.0,Cat_2,Active,Medium,Very High,High,12.1,358.0,4332.9,4.7,15.1,1,97.5,A
CUST_00857,Male,Yes,46,Yes,Engineer,8.0,Average,2.0,Cat_4,,Low,High,Very High,18.4,317.7,5850.4,8.0,12.4,1,95.3,A
CUST_00858,Male,Yes,59,Yes,Engineer,,Average,3.0,Cat_5,Active,Medium,High,Medium,9.2,147.9,1367.4,9.6,24.1,1,58.0,B
CUST_00859,Male,Yes,31,Yes,Artist,4.0,Low,4.0,,Active,High,High,Medium,8.6,149.5,1279.0,9.9,15.0,1,80.2,B
CUST_00860,Male,Yes,45,Yes,Doctor,6.0,High,2.0,Cat_6,Casual,Low,Very High,Very High,15.9,287.2,4557.4,4.3,15.0,1,77.1,A
CUST_00861,Female,Yes,41,Yes,Homemaker,1.0,Low,4.0,Cat_7,Budget,Very High,Low,Medium,2.0,79.6,162.0,21.7,46.9,1,62.8,C
CUST_00862,Female,Yes,37,Yes,Entertainment,1.0,Average,2.0,Cat_3,Luxury,Medium,High,High,9.5,152.2,1442.4,13.7,32.2,1,87.0,B
CUST_00863,Male,Yes,39,Yes,Artist,6.0,Low,4.0,Cat_6,Casual,Low,Medium,High,10.5,135.0,1422.6,8.7,26.0,1,67.1,B
CUST_00864,Female,Yes,40,Yes,Artist,3.0,High,3.0,Cat_6,Active,Medium,Medium,Medium,10.7,189.8,2025.7,20.4,34.5,1,57.2,B
CUST_00865,Male,Yes,35,No,Entertainment,3.0,High,1.0,Cat_3,Casual,Medium,Medium,Medium,7.2,208.2,1498.5,11.2,34.1,1,95.0,B
CUST_00866,Female,No,44,Yes,Artist,5.0,Average,4.0,Cat_6,Casual,Medium,High,High,6.3,112.0,703.9,14.0,26.0,0,72.6,B
CUST_00867,Male,No,49,Yes,Lawyer,3.0,High,3.0,Cat_2,Casual,Low,Very High,Medium,16.8,207.7,3487.6,6.0,11.2,0,95.0,A
CUST_00868,Female,No,40,Yes,Doctor,2.0,High,3.0,Cat_6,,Low,Very High,High,7.0,251.9,1757.1,8.8,10.2,1,91.2,A
CUST_00869,Female,Yes,76,Yes,Artist,2.0,Low,1.0,Cat_6,Budget,Very High,Very Low,Very Low,5.4,55.7,301.6,26.2,11.2,1,26.0,D
CUST_00870,Male,Yes,50,Yes,Healthcare,0.0,Low,2.0,Cat_5,Casual,Very High,Very Low,Very Low,2.4,66.2,158.5,65.7,19.4,0,24.0,D
CUST_00871,Male,No,29,Yes,Entertainment,6.0,Average,4.0,Cat_6,Active,Medium,High,High,12.9,138.1,1779.7,18.3,25.6,1,77.0,B
CUST_00872,Female,No,24,No,Engineer,5.0,Average,,Cat_6,Casual,Low,Medium,High,10.4,148.9,1551.6,5.7,37.9,0,64.0,B
CUST_00873,Female,No,28,No,Artist,3.0,Low,5.0,Cat_1,Budget,Very High,Medium,Low,8.1,44.8,363.3,23.6,46.9,0,46.7,C
CUST_00874,Male,Yes,61,Yes,Artist,4.0,Low,,Cat_5,Active,Medium,High,High,11.0,101.5,1111.8,9.4,22.2,0,64.4,B
CUST_00875,Male,Yes,52,Yes,Artist,9.0,Average,4.0,Cat_2,Casual,Low,High,Very High,11.0,231.6,2557.6,5.2,18.1,1,78.9,A
CUST_00876,Male,Yes,44,No,Executive,,Average,,Cat_4,Luxury,Low,Very High,Medium,17.8,312.0,5546.2,6.0,14.0,1,90.6,A
CUST_00877,Female,No,26,No,Artist,5.0,Low,4.0,Cat_1,Casual,High,Low,Low,3.3,73.1,238.2,11.1,31.6,1,56.4,C
CUST_00878,Female,Yes,33,No,Homemaker,1.0,Low,2.0,Cat_1,Eco-conscious,High,Low,Medium,8.4,94.4,795.5,20.7,41.9,1,67.6,C
CUST_00879,Male,No,71,Yes,Executive,4.0,High,3.0,Cat_6,Casual,Low,Very High,Very High,16.7,273.3,4564.2,3.4,14.8,0,84.9,A
CUST_00880,Female,No,47,Yes,Lawyer,3.0,High,4.0,Cat_6,Active,Low,Very High,High,13.0,170.9,2225.4,7.9,15.4,0,90.5,A
CUST_00881,Male,Yes,64,Yes,Artist,6.0,High,1.0,Cat_6,Active,Low,High,Medium,14.7,204.4,2995.7,8.6,11.3,1,80.7,A
CUST_00882,Male,Yes,23,Yes,Healthcare,4.0,Average,3.0,Cat_7,Budget,Very High,Low,High,12.1,91.6,1105.1,17.1,51.3,0,49.8,C
CUST_00883,Male,No,49,Yes,Engineer,6.0,Average,1.0,Cat_6,Active,Low,Very High,High,13.3,312.2,4137.2,1.6,11.5,1,86.6,A
CUST_00884,Male,No,36,Yes,Lawyer,2.0,Average,3.0,Cat_6,Luxury,Low,Very High,Very High,15.4,331.8,5102.9,6.9,11.2,1,88.1,A
CUST_00885,Male,Yes,26,Yes,Artist,1.0,Average,2.0,Cat_1,Eco-conscious,High,Medium,Medium,6.1,73.2,445.8,11.7,33.6,0,67.8,C
CUST_00886,Male,No,41,Yes,Engineer,0.0,High,3.0,Cat_6,Casual,Low,Very High,Very High,19.0,223.7,4247.5,6.5,5.4,1,76.2,A
CUST_00887,Male,No,24,No,Homemaker,0.0,Low,1.0,,Casual,Very High,Low,Medium,5.8,64.2,373.4,13.8,51.2,0,22.9,C
CUST_00888,Female,Yes,46,Yes,Engineer,8.0,Average,3.0,Cat_4,Active,Low,High,High,14.3,332.1,4754.1,8.1,14.7,1,90.8,A
CUST_00889,Male,Yes,55,Yes,Engineer,2.0,Average,3.0,Cat_6,Active,Medium,Very High,Very High,15.9,322.4,5137.4,4.7,12.5,1,95.7,A
CUST_00890,Male,Yes,57,Yes,Lawyer,11.0,High,2.0,Cat_6,Luxury,Low,High,High,13.1,356.5,4674.4,5.1,5.5,0,94.5,A
CUST_00891,Female,No,39,Yes,Marketing,3.0,Low,3.0,Cat_6,Budget,High,Medium,Medium,9.6,60.4,576.9,24.5,43.5,0,36.6,C
CUST_00892,Female,No,49,No,Homemaker,0.0,Low,3.0,Cat_5,Casual,High,Low,Low,3.9,58.2,228.1,18.5,3.0,0,31.2,D
CUST_00893,Female,Yes,35,No,Artist,1.0,Low,,Cat_7,Casual,High,Low,Low,7.3,84.3,612.7,17.5,31.1,1,70.2,C
CUST_00894,Male,No,37,Yes,Engineer,4.0,High,4.0,Cat_3,Luxury,High,Medium,High,12.0,167.5,2002.4,4.7,46.4,1,72.5,B
CUST_00895,Female,No,19,Yes,Artist,3.0,Average,1.0,,Budget,High,Medium,Low,7.7,104.2,797.0,10.3,55.3,1,45.2,C
CUST_00896,Female,Yes,62,Yes,Executive,4.0,High,3.0,Cat_6,Luxury,Low,Very High,Very High,11.9,273.6,3245.8,8.3,8.4,1,83.2,A
CUST_00897,Female,Yes,37,Yes,Artist,4.0,Average,3.0,Cat_5,Active,Low,Medium,High,9.0,184.4,1650.7,9.9,22.3,1,65.9,B
CUST_00898,Male,Yes,32,No,Artist,4.0,Low,1.0,Cat_6,Casual,High,Low,Low,1.5,53.4,82.7,40.5,0.0,0,34.4,D
CUST_00899,Male,Yes,29,Yes,Executive,5.0,High,2.0,Cat_6,Active,Low,High,High,18.6,338.0,6277.6,8.3,16.2,1,84.5,A
CUST_00900,Male,No,53,Yes,Doctor,7.0,High,1.0,Cat_6,Luxury,Low,Very High,High,17.2,292.0,5013.4,6.1,10.9,1,96.8,A
CUST_00901,Male,Yes,44,Yes,Lawyer,1.0,High,2.0,Cat_6,Active,Low,Very High,High,17.3,341.6,5919.3,4.5,16.1,1,98.8,A
CUST_00902,Female,No,45,No,Executive,2.0,High,2.0,Cat_2,Active,Low,High,High,11.9,229.2,2737.3,7.0,10.0,1,100.0,A
CUST_00903,Female,No,51,Yes,Engineer,6.0,High,3.0,Cat_6,Active,Low,Very High,Medium,11.2,212.2,2382.8,5.5,13.3,1,78.9,A
CUST_00904,Male,Yes,39,Yes,Engineer,,High,2.0,Cat_3,Active,High,High,Medium,14.5,166.2,2402.0,11.0,31.7,1,95.0,B
CUST_00905,Male,Yes,43,Yes,Healthcare,4.0,Low,1.0,Cat_3,Active,Medium,High,Medium,11.9,168.4,2012.1,11.6,31.3,1,82.0,B
CUST_00906,Female,No,78,No,Healthcare,0.0,Average,1.0,Cat_5,Casual,High,Low,Low,3.8,41.2,155.7,35.3,24.9,1,48.1,D
CUST_00907,Female,Yes,30,No,Artist,3.0,Average,3.0,Cat_7,,High,Medium,Low,8.5,76.4,653.1,10.3,44.1,0,46.4,C
CUST_00908,Female,No,40,Yes,Artist,3.0,Average,1.0,Cat_6,Casual,Medium,Medium,High,9.9,185.9,1831.7,19.1,27.2,0,76.3,B
CUST_00909,Female,Yes,32,No,Engineer,4.0,High,2.0,Cat_3,Luxury,Medium,Medium,High,6.0,151.3,911.3,10.8,27.3,1,72.4,B
CUST_00910,Male,Yes,35,Yes,Engineer,8.0,Average,3.0,Cat_3,Active,Medium,High,High,9.2,95.9,883.3,15.5,38.0,1,68.2,B
CUST_00911,Female,Yes,47,Yes,Artist,1.0,High,4.0,Cat_6,Casual,Medium,High,High,12.1,146.2,1765.8,18.6,27.1,1,92.7,B
CUST_00912,Male,Yes,49,Yes,Engineer,0.0,High,1.0,Cat_6,Active,Low,Medium,Medium,15.3,171.1,2623.9,10.7,22.1,1,61.1,B
CUST_00913,Female,No,40,Yes,Healthcare,4.0,Low,5.0,Cat_6,Budget,High,Medium,Medium,9.0,100.7,910.2,28.8,43.8,1,56.9,C
CUST_00914,Female,Yes,42,Yes,Entertainment,0.0,High,2.0,Cat_3,Active,Medium,Medium,High,12.7,205.8,2616.5,13.6,24.4,0,70.7,B
CUST_00915,Female,Yes,24,Yes,Entertainment,5.0,Average,3.0,Cat_3,Casual,Low,Medium,Medium,14.4,184.3,2653.4,16.0,22.6,1,75.0,B
CUST_00916,Male,Yes,27,No,Entertainment,3.0,Average,4.0,Cat_5,Luxury,High,Medium,High,9.6,193.9,1865.6,9.3,35.0,1,65.9,B
CUST_00917,Female,Yes,63,No,Engineer,4.0,Low,3.0,Cat_3,Casual,Medium,High,Medium,13.5,134.1,1811.3,15.3,20.7,1,93.3,B
CUST_00918,Male,No,50,No,Healthcare,0.0,Low,2.0,Cat_6,Budget,High,Low,Very Low,2.4,36.3,87.8,29.0,19.4,0,5.0,D
CUST_00919,Female,Yes,35,Yes,Healthcare,4.0,Low,4.0,Cat_6,Budget,Very High,Low,High,11.5,78.4,902.7,20.1,46.8,0,62.7,C
CUST_00920,Female,Yes,56,Yes,Executive,6.0,High,2.0,Cat_6,Casual,Low,Very High,Very High,15.4,265.4,4076.8,5.3,11.3,0,93.7,A
CUST_00921,Female,Yes,56,Yes,Artist,1.0,Average,2.0,Cat_4,Budget,Very High,Low,Low,3.6,28.0,101.5,33.2,15.6,1,27.8,D
CUST_00922,Female,No,47,No,Healthcare,2.0,High,4.0,Cat_6,Casual,Medium,High,High,10.9,126.7,1375.3,14.2,23.1,0,84.8,B
CUST_00923,Male,Yes,65,No,Homemaker,0.0,Average,2.0,Cat_6,Budget,High,Low,Low,5.0,53.6,270.2,49.2,18.0,0,30.5,D
CUST_00924,Female,No,25,No,Marketing,0.0,Low,3.0,Cat_6,Casual,Very High,Medium,Medium,7.3,85.1,617.6,14.5,46.7,0,44.7,C
CUST_00925,Male,Yes,36,Yes,Entertainment,3.0,Average,4.0,Cat_3,Active,Low,High,Medium,11.9,127.0,1507.2,12.4,25.7,1,95.0,B
CUST_00926,Female,No,26,Yes,Doctor,0.0,Average,1.0,,Active,Low,Very High,Very High,19.3,276.7,5344.9,5.7,11.6,0,87.1,A
CUST_00927,Male,No,25,No,Engineer,3.0,Average,2.0,Cat_6,,Medium,High,High,13.1,188.1,2462.9,6.3,35.6,0,67.9,B
CUST_00928,Male,Yes,35,Yes,Engineer,2.0,High,1.0,Cat_5,Active,Medium,High,High,11.9,166.8,1984.7,13.9,27.4,1,78.3,B
CUST_00929,Female,No,35,Yes,Healthcare,1.0,Low,1.0,Cat_1,Budget,Very High,Medium,Low,9.4,75.7,711.1,22.0,42.6,0,40.1,C
CUST_00930,Female,No,33,Yes,Engineer,5.0,Average,2.0,Cat_3,Casual,Low,High,Medium,12.4,192.1,2382.7,17.3,40.1,0,66.5,B
CUST_00931,Female,No,36,Yes,Executive,6.0,High,2.0,Cat_4,Luxury,Low,Very High,Very High,16.0,168.1,2688.1,4.7,19.3,0,91.6,A
CUST_00932,Male,No,28,Yes,Marketing,0.0,Low,8.0,Cat_7,Budget,High,Low,Medium,11.9,101.0,1197.5,24.4,43.8,0,53.3,C
CUST_00933,Female,Yes,28,No,Healthcare,2.0,Low,1.0,Cat_6,Budget,Very High,Low,Low,4.2,43.6,181.4,14.6,16.1,0,32.3,D
CUST_00934,Female,Yes,38,Yes,Engineer,3.0,High,2.0,Cat_3,Casual,Low,High,Medium,16.0,142.5,2279.1,9.2,14.5,0,51.9,B
CUST_00935,Male,Yes,39,Yes,Doctor,4.0,Average,3.0,Cat_2,Active,Medium,Very High,Medium,15.9,337.9,5358.6,7.6,6.7,1,90.4,A
CUST_00936,Female,Yes,24,Yes,Healthcare,7.0,Low,1.0,Cat_6,,Medium,High,High,13.1,201.2,2630.0,7.4,22.8,1,53.8,B
CUST_00937,Female,Yes,48,No,Lawyer,5.0,Average,2.0,Cat_4,Luxury,Medium,Very High,Very High,13.6,294.4,4012.9,8.6,28.9,1,95.9,A
CUST_00938,Male,Yes,51,No,Healthcare,,Low,3.0,Cat_6,,Very High,Very Low,Low,4.0,49.3,194.8,32.3,12.7,0,27.7,D
CUST_00939,Female,Yes,38,Yes,Executive,,Average,2.0,Cat_6,Casual,Low,High,High,15.4,292.8,4498.4,3.5,13.7,1,80.0,A
CUST_00940,Female,Yes,34,Yes,Healthcare,4.0,High,1.0,Cat_3,Active,Medium,High,Medium,11.0,249.0,2737.7,12.0,30.6,1,77.5,B
CUST_00941,Female,Yes,38,Yes,Artist,2.0,High,3.0,Cat_3,Active,Medium,High,Medium,6.9,187.5,1285.3,14.1,31.6,1,72.3,B
CUST_00942,Female,Yes,37,Yes,Entertainment,0.0,Low,5.0,Cat_6,Casual,Medium,Medium,High,13.2,126.8,1678.8,15.4,22.6,1,58.1,B
CUST_00943,Male,Yes,29,No,Healthcare,0.0,Low,5.0,Cat_1,Casual,Very High,Medium,Medium,5.0,55.5,279.7,19.1,46.8,0,47.9,C
CUST_00944,Female,No,30,No,Healthcare,0.0,Low,2.0,Cat_6,Casual,Very High,Low,Low,6.1,103.8,631.2,19.3,57.5,0,53.0,C
CUST_00945,Male,Yes,40,Yes,Doctor,12.0,High,,Cat_4,Active,Medium,High,High,10.8,268.7,2912.3,2.6,19.3,0,92.0,A
CUST_00946,Female,Yes,29,Yes,Doctor,3.0,High,1.0,Cat_2,Luxury,Medium,Very High,High,15.8,351.6,5548.7,5.0,17.2,1,74.7,A
CUST_00947,Male,No,48,Yes,Executive,10.0,Average,3.0,Cat_6,Casual,Low,Very High,High,14.8,325.3,4798.0,8.2,22.8,0,91.1,A
CUST_00948,Male,No,85,Yes,Healthcare,4.0,Low,1.0,Cat_4,Casual,Very High,Very Low,Low,2.9,58.9,169.4,44.1,12.5,1,24.5,D
CUST_00949,Male,No,45,No,Homemaker,5.0,Low,2.0,Cat_6,Budget,Very High,Very Low,Very Low,0.5,73.4,36.7,34.7,11.0,0,36.3,D
CUST_00950,Male,Yes,38,Yes,Engineer,5.0,Average,3.0,Cat_6,Luxury,Medium,Medium,Medium,11.1,145.1,1605.4,10.0,28.3,1,66.6,B
CUST_00951,Female,No,34,No,Artist,2.0,Average,2.0,Cat_1,Casual,High,Medium,Low,11.7,67.1,782.9,22.5,37.2,1,41.9,C
CUST_00952,Male,No,28,No,Marketing,4.0,Low,3.0,Cat_6,Budget,Very High,Medium,Medium,11.1,101.9,1129.7,18.9,53.3,0,39.8,C
CUST_00953,Male,Yes,54,Yes,Doctor,8.0,High,2.0,Cat_6,Luxury,Low,High,High,11.7,312.3,3646.5,2.9,21.3,1,93.8,A
CUST_00954,Male,Yes,50,Yes,Homemaker,2.0,Average,3.0,Cat_5,Budget,Very High,Low,Low,3.0,66.5,200.4,32.7,25.7,0,28.1,D
CUST_00955,Male,Yes,35,Yes,Engineer,1.0,Average,1.0,Cat_6,Casual,High,High,Medium,11.9,172.9,2049.4,12.0,35.8,1,78.0,B
CUST_00956,Female,Yes,28,Yes,Entertainment,1.0,Average,,Cat_6,Casual,Medium,High,High,11.9,149.9,1784.6,21.1,27.2,0,75.2,B
CUST_00957,Male,Yes,24,Yes,Engineer,,Average,4.0,Cat_3,Active,Medium,High,High,8.4,182.8,1543.0,17.9,23.0,0,64.0,B
CUST_00958,Male,Yes,55,Yes,Lawyer,12.0,High,1.0,Cat_6,Active,Low,High,High,18.1,298.7,5397.5,4.4,15.7,1,94.3,A
CUST_00959,Male,Yes,48,Yes,Executive,4.0,High,5.0,Cat_4,Luxury,Low,Very High,Very High,13.2,150.6,1984.7,4.4,18.6,1,95.5,A
CUST_00960,Female,Yes,25,No,Artist,4.0,Low,2.0,Cat_6,Casual,Very High,Medium,Low,9.2,88.4,817.6,25.6,30.7,1,59.3,C
CUST_00961,Male,No,61,Yes,Engineer,5.0,Average,3.0,Cat_4,Luxury,Medium,Very High,High,12.2,295.7,3594.8,6.9,10.3,1,92.6,A
CUST_00962,Female,Yes,31,Yes,Homemaker,0.0,Low,5.0,Cat_6,Casual,High,Medium,Medium,8.8,115.8,1017.0,10.9,53.2,0,50.8,C
CUST_00963,Male,Yes,49,Yes,Doctor,5.0,High,2.0,Cat_4,Luxury,Low,High,Very High,19.1,221.0,4221.4,7.4,18.6,1,86.9,A
CUST_00964,Female,No,36,Yes,Artist,2.0,Average,1.0,Cat_3,,Medium,High,High,8.2,140.7,1148.3,22.2,19.4,1,57.1,B
CUST_00965,Female,Yes,43,Yes,Healthcare,6.0,High,2.0,,Active,Medium,Medium,Medium,15.9,180.8,2871.7,10.4,22.4,1,77.6,B
CUST_00966,Male,No,51,No,Engineer,,Average,2.0,Cat_6,Casual,Medium,Medium,High,13.5,129.6,1756.1,15.2,28.2,1,79.5,B
CUST_00967,Male,No,21,No,Healthcare,,Low,7.0,Cat_6,Budget,Very High,Medium,Medium,8.7,50.1,438.3,22.3,30.8,0,42.5,C
CUST_00968,Female,Yes,24,No,Artist,7.0,Average,2.0,Cat_5,Active,Medium,Medium,High,7.6,121.6,918.8,14.7,16.1,1,86.4,B
CUST_00969,Female,Yes,47,Yes,Artist,7.0,High,4.0,Cat_3,Active,Medium,High,Medium,14.9,176.1,2618.4,18.8,24.4,0,69.0,B
CUST_00970,Female,Yes,35,Yes,Entertainment,7.0,High,1.0,Cat_6,Casual,Medium,High,High,8.0,188.0,1495.3,18.5,19.4,1,78.1,B
CUST_00971,Male,Yes,27,No,Marketing,1.0,Low,,Cat_1,Budget,Very High,Low,Medium,8.0,81.3,646.8,13.1,48.5,0,53.0,C
CUST_00972,Male,Yes,35,Yes,Healthcare,1.0,Low,2.0,Cat_4,Budget,Very High,Very Low,Very Low,1.8,80.3,141.3,39.1,7.1,0,37.5,D
CUST_00973,Male,Yes,27,Yes,Artist,0.0,Low,5.0,Cat_1,Budget,High,Low,Medium,8.9,81.5,729.2,26.7,54.1,1,63.5,C
CUST_00974,Male,Yes,62,No,Lawyer,0.0,Average,2.0,Cat_6,Active,Low,High,Medium,15.3,290.3,4447.8,5.7,0.9,0,79.2,A
CUST_00975,Male,No,56,No,Doctor,8.0,High,2.0,Cat_6,Active,Low,High,High,13.5,275.7,3721.4,3.0,11.4,1,62.4,A
CUST_00976,Male,Yes,51,No,Engineer,3.0,Average,1.0,Cat_6,Active,Medium,High,Medium,10.2,200.0,2035.3,11.1,32.1,1,72.0,B
CUST_00977,Male,Yes,41,Yes,Entertainment,8.0,High,1.0,Cat_3,Casual,Medium,High,High,13.2,140.5,1851.0,11.5,25.8,1,69.1,B
CUST_00978,Female,Yes,29,Yes,Executive,4.0,High,1.0,Cat_6,Luxury,Low,High,Very High,17.2,214.5,3685.6,9.0,6.8,1,90.9,A
CUST_00979,Female,Yes,47,Yes,Healthcare,4.0,Average,4.0,Cat_3,Active,Low,Medium,High,6.7,169.7,1140.5,16.3,30.6,1,79.6,B
CUST_00980,Male,No,24,Yes,Entertainment,7.0,Average,1.0,Cat_6,Luxury,Medium,Medium,Medium,7.9,226.3,1789.0,8.5,39.0,1,62.5,B
CUST_00981,Male,No,34,No,Engineer,1.0,Low,1.0,Cat_3,Active,Medium,Medium,High,11.1,184.6,2047.8,10.3,27.9,1,86.0,B
CUST_00982,Female,No,31,No,Homemaker,0.0,Average,2.0,Cat_7,Casual,Very High,Low,Low,5.9,51.1,299.2,20.2,65.4,1,51.4,C
CUST_00983,Female,Yes,55,Yes,Executive,4.0,High,3.0,Cat_6,Luxury,Low,High,Very High,17.2,234.3,4023.4,9.2,15.6,0,97.7,A
CUST_00984,Male,Yes,53,Yes,Artist,11.0,High,2.0,Cat_6,Active,Low,Very High,High,11.2,314.4,3521.1,5.7,14.3,1,97.3,A
CUST_00985,Female,Yes,24,Yes,Marketing,1.0,Low,4.0,Cat_7,Budget,High,Medium,Medium,7.8,131.9,1025.3,21.9,61.4,0,60.6,C
CUST_00986,Male,Yes,26,Yes,Engineer,6.0,Average,5.0,Cat_6,Luxury,Medium,Medium,High,11.8,149.9,1769.5,9.1,35.2,1,67.8,B
CUST_00987,Female,Yes,32,Yes,Artist,3.0,Low,3.0,Cat_1,Eco-conscious,Very High,Low,Low,6.9,101.7,700.9,17.0,45.2,0,49.5,C
CUST_00988,Male,Yes,50,No,Engineer,0.0,Average,3.0,Cat_3,Active,Medium,Medium,High,8.4,153.1,1290.3,7.8,30.4,0,71.6,B
CUST_00989,Female,No,52,Yes,Doctor,7.0,Average,1.0,Cat_6,Luxury,Low,Very High,High,17.5,299.8,5247.3,7.8,6.0,1,80.2,A
CUST_00990,Female,Yes,24,No,Healthcare,4.0,Average,2.0,Cat_1,Eco-conscious,High,Medium,Low,5.5,79.0,431.4,26.3,37.0,0,46.6,C
CUST_00991,Female,No,21,No,Artist,0.0,Average,2.0,Cat_7,Casual,High,Medium,Low,3.8,101.1,381.1,22.8,27.3,0,50.2,C
CUST_00992,Female,Yes,28,No,Artist,0.0,Low,2.0,Cat_1,Eco-conscious,High,Low,Low,9.4,77.5,727.9,18.4,44.3,0,44.6,C
CUST_00993,Male,No,46,Yes,Engineer,4.0,Average,2.0,Cat_6,,Medium,High,High,12.6,193.7,2440.1,8.0,39.7,1,58.6,B
CUST_00994,Male,Yes,34,Yes,Artist,4.0,Average,2.0,Cat_6,Active,High,High,High,9.2,210.0,1931.5,17.8,32.4,0,58.6,B
CUST_00995,Female,No,36,No,Artist,1.0,High,2.0,Cat_6,Active,High,Medium,High,13.0,157.3,2036.8,13.2,35.5,1,64.9,B
CUST_00996,Female,Yes,49,No,Doctor,13.0,High,3.0,Cat_6,Luxury,Low,Very High,Very High,15.1,313.0,4730.8,2.4,19.2,0,92.4,A
CUST_00997,Male,Yes,49,No,Healthcare,0.0,Low,2.0,Cat_6,Budget,High,Low,Low,0.5,77.4,38.7,40.0,5.3,0,10.6,D
CUST_00998,Male,Yes,72,Yes,Engineer,7.0,High,1.0,,Active,Low,Very High,Very High,15.2,266.1,4038.4,4.5,17.2,1,88.3,A
CUST_00999,Male,No,45,Yes,Healthcare,0.0,Average,4.0,Cat_6,Casual,High,Low,Low,5.3,51.3,271.0,39.0,0.3,0,18.9,D
CUST_01000,Male,Yes,30,No,Entertainment,8.0,Average,,Cat_3,Casual,Low,High,Medium,12.4,183.2,2264.9,5.9,32.8,1,67.1,B
CUST_01001,Female,No,51,Yes,Lawyer,8.0,Average,3.0,Cat_6,Luxury,Low,High,Very High,17.1,246.3,4210.8,11.5,20.9,1,91.2,A
CUST_01002,Female,No,24,Yes,Entertainment,2.0,Average,1.0,Cat_6,Casual,Low,High,Medium,7.8,131.1,1028.6,16.7,36.5,1,85.5,B
CUST_01003,Female,No,62,No,Lawyer,0.0,Low,3.0,,Budget,High,Low,Very Low,2.7,56.2,150.5,36.5,8.2,1,14.6,D
CUST_01004,Male,No,38,No,Artist,0.0,Low,1.0,Cat_6,Budget,High,Medium,Medium,8.6,79.6,688.1,13.8,47.4,0,39.6,C
CUST_01005,Female,No,24,No,Healthcare,3.0,Low,1.0,Cat_7,Casual,High,Low,Low,6.5,70.3,457.2,23.9,58.5,0,64.4,C
CUST_01006,Female,No,30,Yes,Healthcare,0.0,Average,5.0,Cat_6,Budget,Very High,Low,Low,5.1,106.9,544.1,10.8,45.3,0,55.8,C
CUST_01007,Male,Yes,27,Yes,Homemaker,4.0,Low,4.0,Cat_1,Casual,High,Low,Low,4.4,76.4,333.4,21.4,57.5,0,55.6,C
CUST_01008,Female,No,24,Yes,Artist,0.0,Average,5.0,Cat_6,Budget,Very High,Low,Medium,12.2,83.1,1015.5,16.1,40.8,0,29.5,C
CUST_01009,Female,Yes,58,Yes,Executive,5.0,High,1.0,Cat_6,Luxury,Low,High,High,10.3,311.3,3214.5,4.3,5.1,1,91.7,A
CUST_01010,Male,Yes,35,No,Entertainment,6.0,Average,3.0,Cat_3,Casual,Medium,High,High,5.3,215.9,1137.0,3.3,30.2,0,80.4,B
CUST_01011,Female,Yes,43,No,Executive,7.0,High,2.0,Cat_4,Luxury,Low,Very High,High,20.9,270.9,5661.6,9.5,16.5,1,87.4,A
CUST_01012,Male,No,48,No,Artist,0.0,Low,2.0,Cat_4,Casual,Very High,Low,Low,5.2,50.8,265.5,31.7,11.4,0,35.0,D
CUST_01013,Female,No,62,No,Healthcare,4.0,Low,1.0,Cat_6,Casual,High,Low,Low,6.8,41.6,284.2,14.6,14.1,0,37.8,D
CUST_01014,Female,No,55,No,Doctor,,Average,2.0,Cat_6,,Medium,Very High,Very High,15.2,290.2,4417.1,10.9,11.5,1,86.5,A
CUST_01015,Female,No,22,No,Marketing,1.0,Low,3.0,Cat_1,Budget,High,Low,Medium,11.3,109.6,1233.4,9.8,48.7,1,47.5,C
CUST_01016,Female,No,63,Yes,Artist,3.0,Low,2.0,Cat_4,Budget,High,Low,Very Low,3.0,46.5,139.5,32.6,21.8,0,25.8,D
CUST_01017,Male,Yes,55,Yes,Executive,6.0,Average,2.0,Cat_6,Luxury,Low,High,High,17.2,272.9,4703.3,6.6,13.4,1,99.2,A
CUST_01018,Male,Yes,46,No,Engineer,3.0,High,2.0,Cat_3,Luxury,Medium,Medium,Medium,7.5,166.1,1251.6,1.9,29.9,1,75.7,B
CUST_01019,Female,No,48,Yes,Homemaker,2.0,Low,1.0,Cat_6,Casual,High,Low,Very Low,2.1,53.1,112.4,35.7,17.4,0,38.2,D
CUST_01020,Male,Yes,56,Yes,Artist,6.0,High,1.0,,Active,Low,Very High,High,17.3,244.5,4237.0,6.5,24.2,1,88.0,A
CUST_01021,Female,No,25,No,Artist,3.0,Low,4.0,Cat_1,Casual,High,Low,Medium,7.3,114.2,829.7,25.0,49.9,0,25.2,C
CUST_01022,Female,No,44,No,Engineer,,High,2.0,Cat_6,Luxury,Low,High,Medium,16.9,183.0,3090.3,13.8,30.4,0,61.0,B
CUST_01023,Male,No,56,No,Healthcare,2.0,Low,2.0,Cat_6,,High,Low,Low,3.0,71.5,216.3,18.8,19.7,1,38.9,D
CUST_01024,Male,No,56,No,Lawyer,3.0,Low,1.0,Cat_6,Budget,Very High,Low,Low,2.2,23.9,53.1,25.1,8.6,0,7.3,D
CUST_01025,Female,Yes,18,No,Lawyer,4.0,Low,1.0,Cat_4,Casual,Very High,Low,Low,2.7,56.4,154.9,50.4,22.7,0,,D
CUST_01026,Female,Yes,58,No,Artist,0.0,High,3.0,Cat_6,Casual,Low,High,High,12.1,164.8,1995.8,19.3,26.0,0,86.8,B
CUST_01027,Male,No,71,No,Healthcare,0.0,Low,3.0,Cat_5,Casual,High,Low,Low,1.1,42.7,48.1,30.9,9.4,0,16.2,D
CUST_01028,Female,Yes,32,No,Artist,2.0,Low,5.0,Cat_6,Casual,High,Low,Low,8.1,86.5,697.8,14.7,44.7,0,43.1,C
CUST_01029,Male,Yes,46,Yes,Artist,7.0,Average,2.0,Cat_6,Luxury,Medium,Medium,Medium,6.6,164.7,1089.4,12.7,27.4,1,59.0,B
CUST_01030,Female,No,33,Yes,Marketing,0.0,Low,3.0,Cat_6,Budget,High,Low,High,8.3,110.2,914.6,21.5,38.0,0,47.7,C
CUST_01031,Female,No,41,No,Executive,5.0,Average,2.0,Cat_6,Luxury,Low,Very High,High,18.3,253.7,4642.1,3.2,18.1,1,97.6,A
CUST_01032,Female,No,24,Yes,Entertainment,5.0,High,2.0,Cat_3,Casual,Medium,High,High,11.8,224.7,2655.4,17.1,40.5,0,83.3,B
CUST_01033,Male,Yes,46,Yes,Engineer,7.0,High,3.0,Cat_6,Luxury,Medium,Very High,High,24.1,225.6,5432.6,4.5,11.5,1,92.2,A
CUST_01034,Male,Yes,28,Yes,Lawyer,9.0,Average,2.0,Cat_6,Active,Low,High,High,17.1,284.3,4859.9,5.9,18.4,1,92.4,A
CUST_01035,Male,Yes,35,Yes,Executive,7.0,High,3.0,Cat_6,Luxury,Low,Very High,High,17.9,315.4,5655.1,7.7,20.7,1,87.3,A
CUST_01036,Male,Yes,24,Yes,Homemaker,3.0,Low,2.0,Cat_6,Budget,High,Medium,Medium,8.5,63.9,540.7,19.1,32.7,1,,C
CUST_01037,Female,No,32,No,Engineer,1.0,High,4.0,Cat_3,Casual,High,High,Medium,14.9,169.9,2526.7,10.8,26.4,0,72.7,B
CUST_01038,Female,No,23,Yes,Healthcare,4.0,Average,3.0,Cat_7,Casual,Very High,Low,Low,7.2,89.3,644.8,18.8,39.3,1,,C
CUST_01039,Male,Yes,45,Yes,Artist,9.0,High,2.0,Cat_4,Luxury,Low,Very High,Medium,19.9,351.7,7002.6,3.6,14.9,1,80.2,A
CUST_01040,Male,Yes,39,Yes,Entertainment,0.0,High,3.0,Cat_3,Luxury,Low,High,High,10.0,169.2,1686.6,11.7,20.0,1,48.2,B
CUST_01041,Male,Yes,44,Yes,Artist,0.0,High,5.0,,Casual,Medium,High,Medium,11.0,146.1,1605.3,7.2,25.7,1,72.8,B
CUST_01042,Female,No,26,No,Artist,3.0,Low,3.0,Cat_6,Eco-conscious,Very High,Medium,High,8.5,74.6,633.3,20.0,22.7,1,62.0,C
CUST_01043,Female,Yes,37,Yes,Healthcare,3.0,High,,Cat_3,Casual,Low,Medium,Medium,19.3,159.8,3080.3,15.2,19.5,1,68.9,B
CUST_01044,Female,Yes,47,No,Marketing,0.0,Low,4.0,Cat_7,Casual,High,Medium,Low,10.8,77.3,838.5,30.1,56.5,1,27.0,C
CUST_01045,Male,No,82,Yes,Homemaker,2.0,Average,4.0,,Budget,Very High,Low,Very Low,4.6,73.3,335.5,35.4,21.8,0,16.5,D
CUST_01046,Male,No,18,No,Healthcare,4.0,Low,,Cat_7,Casual,High,Medium,High,10.3,72.0,738.3,18.7,32.2,0,55.8,C
CUST_01047,Male,No,38,No,Executive,2.0,High,3.0,Cat_6,Luxury,Low,Very High,Very High,14.8,281.3,4150.7,10.9,22.8,1,93.0,A
CUST_01048,Male,Yes,42,Yes,Engineer,8.0,High,3.0,Cat_6,,Low,Very High,Very High,16.6,261.5,4330.7,6.1,13.0,1,81.5,A
CUST_01049,Female,No,28,No,Artist,1.0,Low,1.0,Cat_5,Budget,Very High,Low,Low,1.6,23.1,36.7,46.1,6.3,0,25.4,D
CUST_01050,Female,Yes,51,Yes,Executive,3.0,High,,Cat_2,Luxury,Low,Very High,Very High,13.1,313.8,4121.9,5.8,21.1,1,,A
CUST_01051,Male,Yes,54,Yes,Healthcare,0.0,Low,1.0,,Casual,Very High,Very Low,Low,4.6,60.2,279.9,24.3,11.7,1,34.7,D
CUST_01052,Female,No,43,Yes,Engineer,6.0,Average,3.0,Cat_6,Casual,Medium,High,Medium,12.9,209.5,2698.6,8.4,28.0,0,53.3,B
CUST_01053,Male,Yes,52,Yes,Artist,0.0,Low,2.0,Cat_6,Budget,Very High,Low,Low,2.1,69.9,150.0,33.7,20.8,0,36.6,D
CUST_01054,Male,Yes,18,No,Homemaker,2.0,Low,4.0,Cat_1,Casual,High,Low,Medium,6.3,89.3,563.6,28.5,49.4,0,58.9,C
CUST_01055,Male,No,48,No,Healthcare,0.0,Low,3.0,Cat_6,Casual,Very High,Low,Low,2.7,72.4,193.1,52.1,2.7,0,,D
CUST_01056,Female,No,36,Yes,Engineer,4.0,Low,2.0,Cat_5,Casual,Low,High,High,6.5,169.0,1093.6,15.8,34.2,1,53.5,B
CUST_01057,Female,No,29,Yes,Marketing,5.0,Low,1.0,Cat_1,Budget,High,Medium,Low,8.8,80.3,705.6,18.9,56.9,1,36.0,C
CUST_01058,Female,Yes,46,No,Artist,2.0,Low,3.0,Cat_5,Casual,Low,High,Medium,16.4,159.1,2608.5,12.0,35.1,0,66.7,B
CUST_01059,Male,No,65,Yes,Healthcare,6.0,Average,2.0,Cat_3,Casual,Medium,High,Medium,9.6,126.8,1215.7,18.3,30.7,1,58.4,B
CUST_01060,Female,Yes,33,No,Artist,0.0,Low,5.0,Cat_7,Budget,High,Medium,Low,4.5,92.1,416.2,32.5,45.2,1,57.4,C
CUST_01061,Male,Yes,27,Yes,Artist,0.0,Average,2.0,Cat_6,Budget,Very High,Low,Low,0.5,65.6,32.8,31.3,11.6,0,21.3,D
CUST_01062,Female,No,28,Yes,Healthcare,0.0,Low,3.0,Cat_6,Budget,High,Low,Very Low,5.1,70.2,359.4,30.3,4.6,0,11.2,D
CUST_01063,Female,No,46,Yes,Artist,0.0,Low,6.0,Cat_1,Budget,High,Medium,Medium,12.0,73.9,886.4,19.8,49.9,0,72.9,C
CUST_01064,Female,Yes,42,No,Artist,0.0,Average,6.0,Cat_6,Luxury,Medium,High,High,12.2,229.3,2798.4,10.7,30.6,1,52.3,B
CUST_01065,Female,No,48,No,Entertainment,1.0,Low,2.0,Cat_3,Casual,Medium,High,Medium,8.6,161.5,1391.4,14.4,33.9,0,61.7,B
CUST_01066,Male,No,21,No,Homemaker,3.0,Average,6.0,Cat_6,Casual,High,Low,Medium,7.1,103.3,735.0,10.2,42.6,1,54.5,C
CUST_01067,Female,Yes,66,Yes,Executive,5.0,High,3.0,Cat_4,Luxury,Low,High,High,9.2,215.9,1979.3,2.6,11.0,1,96.1,A
CUST_01068,Male,Yes,47,Yes,Doctor,,High,4.0,Cat_6,Luxury,Low,Very High,Medium,14.9,205.4,3059.3,7.8,10.5,1,99.7,A
CUST_01069,Male,Yes,32,Yes,Entertainment,2.0,High,4.0,,Active,Medium,High,High,11.9,148.9,1765.6,11.0,33.9,1,72.2,B
CUST_01070,Male,Yes,29,Yes,Entertainment,1.0,High,,,Active,High,Medium,High,13.6,142.5,1937.7,20.4,32.0,1,64.0,B
CUST_01071,Male,Yes,33,Yes,Artist,4.0,Average,4.0,Cat_6,Luxury,Medium,High,High,6.2,245.6,1521.8,14.7,16.0,0,64.7,B
CUST_01072,Male,Yes,35,Yes,Lawyer,5.0,High,3.0,Cat_6,Luxury,Low,Very High,Medium,20.0,324.9,6496.1,6.7,12.8,0,85.1,A
CUST_01073,Female,Yes,47,Yes,Doctor,6.0,Average,1.0,Cat_6,Active,Low,Very High,Very High,13.3,292.5,3880.7,12.1,21.2,1,86.0,A
CUST_01074,Male,Yes,51,Yes,Engineer,10.0,High,,Cat_6,Luxury,Medium,Very High,High,18.6,293.2,5455.3,4.7,16.6,1,,A
CUST_01075,Female,Yes,54,No,Healthcare,1.0,Low,1.0,Cat_6,Budget,High,Low,Very Low,1.4,59.4,85.3,37.3,21.5,0,21.7,D
CUST_01076,Male,Yes,48,Yes,Engineer,5.0,Low,4.0,Cat_3,Active,Medium,High,High,12.6,156.2,1962.4,6.1,37.6,1,60.8,B
CUST_01077,Female,No,50,Yes,Entertainment,1.0,Average,3.0,Cat_3,Casual,Medium,Medium,Medium,9.0,187.8,1695.3,16.4,20.5,1,73.9,B
CUST_01078,Female,No,21,Yes,Artist,6.0,Low,5.0,Cat_6,,High,Medium,High,7.7,59.5,461.0,18.3,34.5,0,55.7,C
CUST_01079,Female,No,37,Yes,Executive,3.0,High,4.0,Cat_4,Luxury,Low,Very High,Very High,16.5,217.0,3576.9,3.8,19.3,1,90.4,A
CUST_01080,Female,No,51,No,Homemaker,1.0,Average,1.0,Cat_4,Budget,Very High,Very Low,Low,5.1,76.3,387.4,43.8,10.2,0,24.0,D
CUST_01081,Female,Yes,18,No,Artist,0.0,Low,4.0,Cat_7,Casual,Very High,Medium,Medium,4.8,68.8,330.3,23.1,51.3,0,37.8,C
CUST_01082,Male,Yes,50,Yes,Doctor,8.0,High,2.0,Cat_6,Luxury,Medium,Very High,High,9.8,256.0,2503.2,2.1,17.8,1,78.3,A
CUST_01083,Male,Yes,25,Yes,Artist,3.0,High,3.0,Cat_3,Casual,High,High,Medium,12.9,157.5,2039.6,15.7,30.1,0,70.9,B
CUST_01084,Male,Yes,39,No,Homemaker,0.0,Low,3.0,Cat_6,Budget,High,Low,Very Low,2.9,66.0,193.3,27.3,13.8,0,22.7,D
CUST_01085,Female,Yes,47,No,Artist,0.0,Low,1.0,Cat_4,Casual,Very High,Very Low,Low,1.5,84.4,127.5,30.4,10.5,0,,D
CUST_01086,Female,Yes,46,No,Engineer,3.0,Average,4.0,Cat_5,Casual,Medium,High,Medium,10.5,220.4,2318.4,7.2,24.7,0,95.0,B
CUST_01087,Male,No,40,No,Artist,0.0,Low,3.0,Cat_1,Casual,High,Low,Low,6.9,66.4,456.8,25.3,58.6,1,56.5,C
CUST_01088,Female,Yes,49,Yes,Lawyer,3.0,High,2.0,Cat_6,Active,Low,High,Medium,13.5,352.7,4765.6,6.2,11.2,1,88.4,A
CUST_01089,Male,Yes,60,No,Homemaker,0.0,Low,1.0,Cat_5,Casual,Very High,Low,Low,3.5,57.8,204.1,19.6,6.6,0,,D
CUST_01090,Male,Yes,22,Yes,Executive,9.0,Average,1.0,Cat_6,Luxury,Medium,Very High,High,12.1,284.1,3447.2,7.8,7.5,0,82.7,A
CUST_01091,Female,Yes,68,Yes,Healthcare,1.0,Low,1.0,Cat_5,Budget,High,Low,Low,3.2,57.5,182.7,33.9,4.6,0,24.1,D
CUST_01092,Male,Yes,18,Yes,Homemaker,0.0,Low,4.0,Cat_6,Eco-conscious,High,Low,Medium,9.5,82.8,790.0,28.6,39.7,1,61.5,C
CUST_01093,Female,No,22,No,Artist,0.0,Low,3.0,Cat_6,Eco-conscious,Very High,Low,Low,6.9,75.7,518.8,21.6,55.9,0,49.7,C
CUST_01094,Male,Yes,50,Yes,Artist,2.0,High,3.0,Cat_5,,Medium,High,High,8.6,227.9,1965.7,19.4,25.5,1,82.5,B
CUST_01095,Male,No,56,Yes,Executive,5.0,High,2.0,Cat_6,Luxury,Low,Very High,Very High,16.4,251.1,4129.9,6.6,7.0,1,81.4,A
CUST_01096,Female,Yes,36,Yes,Executive,8.0,High,1.0,Cat_4,Luxury,Medium,Very High,High,15.0,322.6,4848.2,5.3,14.0,1,82.7,A
CUST_01097,Female,No,53,Yes,Executive,3.0,High,2.0,Cat_6,Luxury,Low,Very High,Very High,17.3,223.9,3880.4,5.8,12.4,0,86.3,A
CUST_01098,Male,No,43,Yes,Engineer,0.0,Average,1.0,Cat_4,Luxury,Low,Very High,High,13.9,234.3,3260.2,6.3,11.4,1,100.0,A
CUST_01099,Male,No,24,No,Artist,2.0,Low,5.0,Cat_1,Budget,High,Low,Medium,5.8,76.7,444.2,12.6,56.3,1,58.2,C
CUST_01100,Male,No,36,Yes,Entertainment,6.0,High,3.0,,Active,Low,High,Medium,10.5,107.2,1122.5,12.9,39.1,0,78.6,B
CUST_01101,Male,Yes,38,Yes,Lawyer,,High,,Cat_6,Luxury,Low,Very High,Very High,15.8,282.7,4476.2,5.5,18.9,1,86.9,A
CUST_01102,Male,No,57,Yes,Homemaker,1.0,Low,1.0,Cat_6,Budget,High,Very Low,Low,4.0,62.8,248.9,35.6,13.2,0,55.9,D
CUST_01103,Male,No,37,No,Healthcare,0.0,Low,2.0,Cat_5,Casual,High,Low,Very Low,4.3,31.5,134.3,39.9,6.0,0,35.1,D
CUST_01104,Male,No,44,No,Homemaker,1.0,Average,4.0,Cat_6,Budget,High,Low,Very Low,0.5,63.2,31.6,39.0,5.4,0,38.2,D
CUST_01105,Male,No,60,Yes,Healthcare,0.0,Low,4.0,Cat_5,Budget,Very High,Low,Very Low,2.5,45.8,113.9,25.6,17.7,0,26.0,D
CUST_01106,Female,Yes,22,Yes,Lawyer,3.0,Average,3.0,Cat_2,Luxury,Medium,High,Very High,20.9,245.6,5142.9,9.8,16.5,1,78.8,A
CUST_01107,Male,No,24,Yes,Artist,6.0,Average,2.0,Cat_5,Casual,Medium,High,Medium,7.2,201.2,1453.5,15.6,18.3,1,70.3,B
CUST_01108,Female,No,35,Yes,Artist,0.0,Low,1.0,Cat_7,Casual,Very High,Low,Medium,12.7,68.2,862.8,22.4,37.9,1,55.5,C
CUST_01109,Female,No,26,Yes,Artist,1.0,Low,3.0,Cat_6,Eco-conscious,High,Low,Medium,11.0,84.8,930.4,8.3,49.3,0,29.7,C
CUST_01110,Female,No,44,Yes,Executive,6.0,High,1.0,,Luxury,Medium,High,Very High,17.5,408.1,7147.4,7.2,14.9,1,100.0,A
CUST_01111,Male,Yes,27,Yes,Artist,2.0,Average,5.0,Cat_7,Budget,High,Low,Medium,8.8,46.9,410.6,24.3,47.3,0,85.0,C
CUST_01112,Male,Yes,38,Yes,Doctor,8.0,Average,2.0,Cat_6,Luxury,Low,High,High,20.3,220.8,4470.8,6.0,11.8,0,94.8,A
CUST_01113,Female,Yes,35,Yes,Doctor,14.0,Average,3.0,Cat_4,Luxury,Medium,Very High,Very High,14.9,290.0,4326.7,5.0,16.4,1,90.6,A
CUST_01114,Male,Yes,46,No,Engineer,2.0,High,2.0,Cat_3,Casual,Medium,Medium,High,11.4,154.9,1766.3,17.2,29.1,1,86.3,B
CUST_01115,Female,Yes,50,No,Engineer,6.0,High,1.0,Cat_6,Active,Low,Medium,High,8.0,198.3,1591.8,13.8,25.0,0,82.6,B
CUST_01116,Male,No,52,Yes,Artist,4.0,High,5.0,Cat_5,Casual,Medium,Medium,High,13.7,196.2,2679.1,13.6,28.1,1,86.4,B
CUST_01117,Male,No,51,Yes,Executive,2.0,Average,6.0,Cat_6,Casual,Low,Very High,Very High,17.1,361.4,6173.0,3.5,10.3,1,91.5,A
CUST_01118,Female,No,44,No,Healthcare,0.0,Low,1.0,Cat_4,Casual,Very High,Very Low,Low,3.3,31.6,104.5,36.2,14.9,0,34.4,D
CUST_01119,Female,Yes,30,Yes,Engineer,7.0,High,1.0,Cat_5,Active,Medium,Medium,High,9.6,209.0,2007.4,9.6,25.2,1,67.4,B
CUST_01120,Male,No,43,Yes,Doctor,8.0,High,3.0,Cat_6,Luxury,Low,Very High,Very High,17.3,286.9,4971.5,3.7,8.3,1,84.5,A
CUST_01121,Male,No,18,Yes,Healthcare,0.0,Average,1.0,Cat_6,Budget,High,Low,Low,4.8,44.7,216.4,30.1,16.2,0,22.5,D
CUST_01122,Male,Yes,60,Yes,Homemaker,2.0,Low,1.0,Cat_4,Casual,Very High,Very Low,Low,2.3,73.4,170.3,50.1,19.0,0,43.0,D
CUST_01123,Male,Yes,51,No,Healthcare,0.0,Low,2.0,Cat_6,Budget,Very High,Very Low,Very Low,3.6,42.0,149.6,39.3,14.9,0,35.4,D
CUST_01124,Female,Yes,18,No,Artist,0.0,Low,5.0,Cat_1,,High,Low,Low,5.2,63.6,328.8,15.5,67.6,1,52.6,C
CUST_01125,Male,No,25,Yes,Homemaker,2.0,Low,4.0,Cat_1,,High,Low,Low,9.9,48.1,476.4,22.9,38.2,1,32.0,C
CUST_01126,Female,Yes,24,Yes,Engineer,0.0,Average,2.0,Cat_3,Casual,Medium,Medium,Medium,8.0,214.2,1703.8,19.2,30.9,0,65.4,B
CUST_01127,Male,No,60,Yes,Engineer,0.0,Average,2.0,Cat_6,Casual,Low,High,Very High,18.2,351.4,6387.3,5.2,9.6,1,100.0,A
CUST_01128,Male,Yes,27,Yes,Engineer,5.0,Average,1.0,Cat_3,Casual,High,Medium,Medium,8.9,80.4,717.8,10.6,27.3,0,69.0,B
CUST_01129,Male,Yes,29,Yes,Artist,1.0,Average,4.0,Cat_3,Casual,Low,High,High,17.4,155.8,2710.1,8.0,31.4,1,89.2,B
CUST_01130,Male,Yes,47,Yes,Artist,1.0,High,1.0,,Luxury,Low,Medium,High,12.8,182.2,2325.8,18.5,22.2,1,67.8,B
CUST_01131,Female,No,32,Yes,Healthcare,2.0,Low,4.0,Cat_7,Casual,High,Low,Low,10.6,101.3,1078.9,19.2,41.2,1,51.3,C
CUST_01132,Male,No,35,Yes,Artist,3.0,Low,4.0,Cat_6,Casual,Medium,Medium,High,14.7,156.7,2298.5,10.0,28.9,0,58.4,B
CUST_01133,Male,No,45,No,Lawyer,6.0,High,4.0,Cat_6,Luxury,Low,Very High,Very High,14.0,245.3,3430.8,9.0,19.1,0,81.0,A
CUST_01134,Male,No,36,Yes,Engineer,10.0,High,4.0,Cat_6,Active,Low,Very High,Very High,15.1,347.7,5259.1,6.6,10.5,0,100.0,A
CUST_01135,Male,Yes,20,No,Artist,0.0,Low,5.0,Cat_7,Budget,High,Low,Medium,5.3,104.5,550.2,14.4,37.4,0,50.3,C
CUST_01136,Male,Yes,24,No,Engineer,6.0,Average,3.0,Cat_6,Luxury,Low,Very High,Very High,20.3,354.6,7202.0,5.2,14.4,1,91.2,A
CUST_01137,Female,Yes,25,No,Artist,0.0,Low,5.0,Cat_7,Casual,Very High,Low,Medium,7.5,85.3,642.4,21.9,47.5,0,,C
CUST_01138,Female,No,47,Yes,Artist,4.0,High,2.0,Cat_6,Casual,Medium,High,High,10.8,145.2,1573.0,11.0,34.2,1,76.8,B
CUST_01139,Male,No,43,Yes,Engineer,3.0,Average,3.0,Cat_3,Casual,Medium,High,Medium,11.6,177.4,2063.7,15.8,27.3,0,84.4,B
CUST_01140,Female,Yes,38,Yes,Healthcare,5.0,Average,4.0,Cat_6,Active,Medium,Medium,High,4.1,187.8,778.8,12.3,30.2,0,77.9,B
CUST_01141,Male,Yes,29,Yes,Homemaker,1.0,Low,7.0,,Casual,High,Low,Medium,4.4,60.4,265.0,20.5,38.0,1,53.2,C
CUST_01142,Male,Yes,48,Yes,Artist,7.0,Average,4.0,Cat_6,Active,High,High,High,10.7,200.8,2156.7,17.1,24.0,1,77.1,B
CUST_01143,Male,No,36,Yes,Artist,0.0,Low,3.0,Cat_1,Casual,High,Low,Medium,7.3,49.6,363.7,11.7,62.7,1,55.0,C
CUST_01144,Female,Yes,56,No,Artist,0.0,Average,1.0,Cat_6,Active,Medium,High,Medium,12.4,138.8,1715.9,13.2,30.0,1,80.7,B
CUST_01145,Male,Yes,44,Yes,Engineer,3.0,Low,,Cat_3,Luxury,Medium,High,High,13.2,142.8,1889.8,16.3,39.1,1,71.6,B
CUST_01146,Male,No,37,Yes,Healthcare,1.0,Low,3.0,Cat_6,Budget,Very High,Low,Low,5.5,76.5,422.5,39.0,20.2,0,14.1,D
CUST_01147,Male,No,29,Yes,Artist,1.0,Low,3.0,Cat_6,,High,Low,Low,5.8,98.4,569.1,10.2,44.4,0,58.2,C
CUST_01148,Female,No,38,Yes,Healthcare,0.0,Low,4.0,Cat_1,Budget,High,Medium,Low,6.9,58.7,405.2,13.7,56.9,0,54.3,C
CUST_01149,Female,Yes,18,No,Healthcare,0.0,Low,5.0,Cat_1,Casual,Very High,Low,Medium,7.0,90.1,629.8,14.1,63.1,0,65.7,C
CUST_01150,Female,No,69,Yes,Healthcare,4.0,Low,3.0,Cat_6,Budget,High,Very Low,Low,4.4,39.2,172.7,32.1,14.6,0,31.0,D
CUST_01151,Female,Yes,18,Yes,Homemaker,0.0,Low,4.0,Cat_1,Eco-conscious,Very High,Low,Medium,9.7,109.9,1068.6,12.3,54.7,1,52.8,C
CUST_01152,Male,Yes,18,Yes,Healthcare,0.0,Low,4.0,Cat_7,Eco-conscious,High,Low,Medium,6.2,83.5,514.2,18.0,42.7,0,,C
CUST_01153,Female,No,35,Yes,Artist,0.0,Low,3.0,Cat_1,Budget,Very High,Low,Medium,8.4,69.1,581.1,19.9,32.3,0,61.5,C
CUST_01154,Male,Yes,37,Yes,Marketing,3.0,Average,6.0,,,Very High,Low,Medium,4.4,91.9,406.7,22.4,60.7,1,39.3,C
CUST_01155,Male,Yes,28,Yes,Homemaker,1.0,Low,3.0,Cat_7,Budget,Very High,Low,Low,3.1,69.5,212.3,13.9,65.4,1,58.1,C
CUST_01156,Male,No,31,Yes,Marketing,4.0,Low,1.0,Cat_6,Casual,High,Low,Low,9.5,93.7,892.0,15.2,47.4,0,38.0,C
CUST_01157,Male,Yes,61,No,Engineer,6.0,Average,2.0,Cat_4,Luxury,Low,High,High,18.3,361.9,6628.9,8.5,17.2,1,93.4,A
CUST_01158,Male,Yes,61,Yes,Homemaker,1.0,Low,3.0,Cat_6,Casual,Very High,Low,Very Low,1.1,18.3,20.9,33.2,17.4,0,25.8,D
CUST_01159,Male,No,55,No,Lawyer,0.0,Low,1.0,Cat_5,Budget,Very High,Very Low,Very Low,3.6,34.2,122.4,44.6,3.4,0,12.9,D
CUST_01160,Male,Yes,48,Yes,Doctor,7.0,Average,2.0,Cat_6,Luxury,Medium,Very High,High,18.2,262.9,4781.2,8.0,10.5,0,75.6,A
CUST_01161,Male,No,35,No,Artist,1.0,Low,4.0,Cat_6,Casual,High,Low,Medium,6.5,120.4,786.0,9.7,59.7,0,60.9,C
CUST_01162,Male,Yes,37,Yes,Executive,10.0,High,3.0,Cat_6,Active,Low,Very High,High,9.7,223.0,2156.4,1.5,11.8,0,95.0,A
CUST_01163,Female,Yes,42,Yes,Healthcare,7.0,Average,2.0,Cat_3,Active,High,High,Medium,9.0,136.3,1230.1,8.1,33.1,1,71.9,B
CUST_01164,Female,Yes,29,Yes,Marketing,0.0,Average,,Cat_6,Budget,Very High,Medium,Medium,4.9,88.1,434.6,7.7,59.0,0,44.6,C
CUST_01165,Male,No,38,Yes,Doctor,3.0,Average,1.0,Cat_6,Luxury,Low,Very High,Very High,16.8,294.8,4938.3,6.7,24.1,0,88.7,A
CUST_01166,Female,No,22,No,Marketing,3.0,Low,4.0,Cat_1,Budget,High,Medium,Medium,9.6,85.5,821.9,23.6,52.0,1,,C
CUST_01167,Female,No,32,Yes,Artist,6.0,Low,4.0,Cat_6,Casual,High,Medium,Medium,9.2,67.4,616.6,15.7,58.3,1,68.3,C
CUST_01168,Male,Yes,56,No,Entertainment,3.0,High,1.0,Cat_5,Active,High,High,Medium,10.1,214.3,2165.1,14.3,22.4,1,63.3,B
CUST_01169,Female,Yes,61,No,Engineer,10.0,High,3.0,,Luxury,Low,Very High,Very High,19.2,300.8,5767.5,6.5,20.8,1,,A
CUST_01170,Male,Yes,32,Yes,Artist,4.0,High,2.0,Cat_5,Active,Low,High,Medium,16.0,166.5,2668.5,12.6,32.9,0,61.0,B
CUST_01171,Female,No,35,No,Artist,1.0,Average,3.0,Cat_6,Eco-conscious,Very High,Low,Low,5.1,76.2,384.9,10.9,36.0,0,,C
CUST_01172,Female,No,57,No,Lawyer,0.0,Low,2.0,Cat_6,Budget,High,Low,Low,2.9,68.7,202.2,29.0,16.5,0,40.1,D
CUST_01173,Female,Yes,27,Yes,Artist,0.0,Low,2.0,Cat_6,Casual,High,Low,Medium,4.8,74.5,358.1,16.7,40.3,1,70.3,C
CUST_01174,Male,Yes,25,Yes,Entertainment,5.0,Average,5.0,Cat_3,Luxury,Low,Medium,High,8.8,134.9,1180.2,10.4,38.8,1,70.8,B
CUST_01175,Female,No,39,Yes,Homemaker,,Low,4.0,Cat_7,Budget,Very High,Medium,Medium,4.4,78.9,345.1,25.3,43.6,1,39.4,C
CUST_01176,Male,Yes,42,Yes,Artist,1.0,Average,2.0,Cat_3,Active,Medium,High,Medium,12.2,175.6,2137.8,14.5,23.8,0,64.0,B
CUST_01177,Male,No,32,No,Homemaker,1.0,Low,5.0,Cat_7,Casual,High,Medium,Low,7.4,91.0,671.1,19.9,47.6,1,60.9,C
CUST_01178,Male,Yes,54,Yes,Executive,9.0,Average,3.0,Cat_6,Luxury,Low,Very High,High,12.5,276.6,3457.9,5.8,13.1,0,76.7,A
CUST_01179,Male,No,20,Yes,Homemaker,0.0,Low,2.0,Cat_6,Eco-conscious,Very High,Low,Low,9.1,70.1,638.0,19.4,32.8,0,49.1,C
CUST_01180,Female,Yes,34,No,Entertainment,2.0,Average,1.0,,Active,High,High,High,9.5,195.9,1861.0,14.7,40.5,1,63.7,B
CUST_01181,Male,Yes,67,No,Healthcare,0.0,Low,2.0,Cat_6,Budget,Very High,Very Low,Low,3.1,67.0,208.3,25.6,6.3,0,22.2,D
CUST_01182,Male,No,39,Yes,Engineer,3.0,Average,2.0,Cat_3,Active,Medium,Medium,High,11.0,180.7,1988.3,18.3,26.3,0,79.0,B
CUST_01183,Female,No,38,No,Artist,2.0,Low,5.0,Cat_7,Casual,High,Low,Low,4.8,45.4,215.7,15.8,33.4,0,57.0,C
CUST_01184,Male,Yes,53,No,Homemaker,1.0,Low,,Cat_5,Budget,Very High,Low,Low,5.4,65.1,353.5,36.7,13.3,0,32.6,D
CUST_01185,Female,No,37,Yes,Executive,5.0,Average,2.0,Cat_6,Luxury,Low,High,Very High,8.6,228.6,1965.1,6.6,12.8,1,78.0,A
CUST_01186,Male,No,68,No,Artist,0.0,Low,1.0,Cat_5,Budget,High,Low,Very Low,4.8,64.5,308.8,31.1,14.8,1,25.2,D
CUST_01187,Female,No,23,No,Artist,0.0,Average,,Cat_6,Casual,High,Medium,Medium,6.1,96.0,581.2,21.5,33.7,1,51.9,C
CUST_01188,Male,Yes,54,Yes,Engineer,7.0,Average,,Cat_4,Casual,Low,Very High,Very High,19.5,230.1,4478.3,4.6,20.4,1,100.0,A
CUST_01189,Male,No,25,Yes,Artist,8.0,High,1.0,Cat_6,Casual,High,Medium,Medium,14.8,228.3,3389.7,13.2,29.7,0,75.2,B
CUST_01190,Male,No,35,Yes,Homemaker,2.0,Average,4.0,Cat_7,Casual,High,Low,Low,5.6,79.5,443.3,15.2,55.4,0,41.7,C
CUST_01191,Female,Yes,25,Yes,Engineer,6.0,Average,3.0,Cat_6,Luxury,Low,High,Very High,17.0,274.6,4670.3,7.1,13.4,1,92.7,A
CUST_01192,Female,Yes,40,Yes,Healthcare,2.0,High,1.0,Cat_6,Luxury,Medium,High,Medium,16.8,105.6,1777.1,10.4,20.7,1,64.3,B
CUST_01193,Female,Yes,32,Yes,Healthcare,0.0,Average,2.0,Cat_6,Active,Low,High,High,13.2,145.2,1910.1,15.4,34.4,1,67.3,B
CUST_01194,Female,Yes,20,No,Marketing,1.0,Average,5.0,Cat_1,Budget,Very High,Low,Medium,7.0,105.7,737.6,14.0,34.8,0,36.3,C
CUST_01195,Male,Yes,61,Yes,Engineer,8.0,High,1.0,Cat_6,Luxury,Medium,High,Medium,17.1,299.8,5122.3,5.6,12.6,1,81.5,A
CUST_01196,Male,No,80,No,Healthcare,0.0,Low,4.0,Cat_4,Casual,Very High,Very Low,Low,0.7,38.0,27.7,17.7,27.6,0,49.0,D
CUST_01197,Male,Yes,61,No,Artist,3.0,Low,2.0,Cat_6,Budget,High,Low,Low,1.8,66.1,119.5,25.6,15.9,1,34.1,D
CUST_01198,Male,Yes,18,Yes,Healthcare,5.0,Low,,Cat_6,Budget,Very High,Very Low,Low,2.9,37.7,109.6,25.5,9.0,1,34.1,D
CUST_01199,Female,No,41,No,Marketing,3.0,Average,6.0,Cat_7,Eco-conscious,Very High,Low,Medium,10.4,71.6,746.8,13.7,60.8,1,74.4,C
CUST_01200,Male,No,51,Yes,Lawyer,4.0,Average,2.0,Cat_6,Active,Medium,Very High,Medium,17.6,309.3,5430.3,8.6,11.9,1,92.7,A
CUST_01201,Female,No,33,Yes,Artist,0.0,Low,2.0,Cat_7,Budget,High,Low,Low,6.3,107.1,680.0,21.0,32.1,1,,C
CUST_01202,Male,No,53,Yes,Executive,11.0,High,3.0,Cat_6,Luxury,Low,High,High,19.2,227.8,4370.2,3.2,14.6,0,79.2,A
CUST_01203,Female,Yes,53,Yes,Executive,4.0,Average,2.0,Cat_6,Active,Low,Very High,Very High,20.6,302.2,6226.1,4.6,23.3,0,70.5,A
CUST_01204,Male,Yes,24,Yes,Healthcare,1.0,High,2.0,Cat_6,Active,Low,Medium,High,12.4,114.7,1419.2,11.4,28.2,1,65.5,B
CUST_01205,Male,No,37,No,Artist,1.0,Average,1.0,Cat_6,,Medium,Medium,High,8.3,165.3,1367.7,5.5,26.2,0,58.1,B
CUST_01206,Male,No,35,Yes,Marketing,2.0,Low,4.0,Cat_6,Eco-conscious,High,Medium,Low,7.3,119.5,877.8,17.9,43.2,0,57.3,C
CUST_01207,Male,Yes,38,Yes,Healthcare,1.0,Average,4.0,,Budget,Very High,Medium,Medium,6.9,114.8,788.0,19.1,53.3,0,62.4,C
CUST_01208,Female,No,52,Yes,Entertainment,3.0,High,2.0,Cat_6,Casual,Low,High,High,9.6,146.5,1402.3,16.2,27.8,0,65.5,B
CUST_01209,Female,Yes,39,No,Entertainment,2.0,Average,2.0,Cat_5,Luxury,Low,Medium,High,9.1,125.8,1149.3,13.6,27.0,1,73.6,B
CUST_01210,Male,No,63,No,Lawyer,0.0,Low,2.0,Cat_4,,Very High,Low,Low,1.9,84.1,156.8,48.3,7.9,0,20.2,D
CUST_01211,Male,Yes,39,Yes,Engineer,1.0,Average,2.0,Cat_6,Casual,Medium,Medium,High,7.4,185.8,1382.4,13.5,26.2,1,69.4,B
CUST_01212,Male,Yes,34,Yes,Engineer,4.0,High,3.0,Cat_6,,Low,High,Medium,12.2,104.3,1268.1,9.4,22.0,1,84.0,B
CUST_01213,Male,Yes,38,No,Executive,9.0,High,3.0,Cat_2,Active,Low,High,Medium,17.8,289.5,5151.8,3.2,5.3,0,100.0,A
CUST_01214,Male,No,29,No,Artist,0.0,Low,1.0,Cat_1,Budget,Very High,Low,Low,8.6,55.0,474.5,19.6,49.8,0,47.7,C
CUST_01215,Female,No,22,Yes,Homemaker,4.0,Low,4.0,Cat_6,Budget,Very High,Low,Medium,10.8,82.8,892.0,16.0,70.2,0,37.8,C
CUST_01216,Female,No,47,Yes,Artist,8.0,High,1.0,Cat_6,Luxury,Low,High,Very High,14.6,260.6,3803.4,1.3,9.3,1,89.1,A
CUST_01217,Female,Yes,54,Yes,Executive,4.0,Average,1.0,Cat_2,Luxury,Medium,Very High,High,14.8,242.8,3599.6,6.2,17.6,1,90.5,A
CUST_01218,Female,Yes,34,Yes,Artist,3.0,Low,3.0,Cat_1,Casual,Very High,Low,Low,9.0,94.7,849.7,13.5,56.4,1,65.7,C
CUST_01219,Male,No,32,Yes,Healthcare,,Low,4.0,Cat_1,Eco-conscious,Very High,Medium,Medium,9.3,76.2,705.6,23.6,51.2,1,55.8,C
CUST_01220,Male,Yes,40,Yes,Healthcare,3.0,Average,2.0,Cat_6,Active,Medium,High,Medium,11.7,235.9,2769.0,2.5,31.6,1,59.1,B
CUST_01221,Male,No,35,No,Healthcare,3.0,Low,3.0,Cat_4,Budget,High,Low,Low,1.5,58.7,86.2,37.7,15.2,0,27.9,D
CUST_01222,Male,Yes,60,No,Engineer,7.0,High,3.0,Cat_6,Luxury,Low,High,High,18.8,290.5,5450.3,6.8,21.8,0,73.6,A
CUST_01223,Female,No,44,Yes,Healthcare,1.0,Average,4.0,Cat_3,Casual,Medium,Medium,High,15.7,221.8,3477.9,15.3,39.7,0,73.5,B
CUST_01224,Female,Yes,77,Yes,Healthcare,0.0,Low,1.0,Cat_6,Casual,High,Low,Very Low,0.5,71.2,35.6,18.7,15.0,0,34.1,D
CUST_01225,Male,Yes,24,Yes,Engineer,4.0,Average,1.0,Cat_3,Casual,Low,Medium,Medium,9.6,152.4,1461.0,13.1,28.1,1,71.9,B
CUST_01226,Male,Yes,33,Yes,Healthcare,0.0,Low,5.0,Cat_6,,High,Medium,Low,9.8,80.0,784.2,15.4,39.8,0,30.9,C
CUST_01227,Male,No,39,No,Entertainment,4.0,High,3.0,Cat_5,Active,Medium,Medium,High,3.3,116.9,380.4,15.1,36.5,1,57.1,B
CUST_01228,Male,Yes,49,No,Healthcare,0.0,Low,3.0,Cat_6,Luxury,Medium,Medium,High,11.6,215.3,2508.2,3.6,36.8,0,66.2,B
CUST_01229,Female,No,52,No,Lawyer,1.0,Low,2.0,Cat_4,Budget,High,Very Low,Low,2.1,74.2,156.2,20.0,13.7,0,11.2,D
CUST_01230,Female,Yes,43,No,Engineer,4.0,High,4.0,Cat_6,,Medium,High,High,6.4,171.4,1101.8,7.1,34.4,1,71.6,B
CUST_01231,Male,No,59,Yes,Healthcare,0.0,Low,1.0,Cat_5,Budget,High,Very Low,Low,2.3,54.1,123.8,36.4,7.8,0,30.1,D
CUST_01232,Female,Yes,49,No,Artist,9.0,High,3.0,Cat_6,Active,Low,High,Very High,17.3,246.0,4244.3,8.9,15.2,1,99.2,A
CUST_01233,Female,No,61,Yes,Executive,11.0,High,2.0,Cat_2,Luxury,Medium,High,High,19.2,316.5,6073.5,5.7,24.6,1,91.9,A
CUST_01234,Female,No,54,Yes,Artist,4.0,Average,1.0,Cat_4,Luxury,Low,Very High,Very High,15.6,281.2,4376.6,5.9,7.4,1,,A
CUST_01235,Female,Yes,32,Yes,Healthcare,3.0,Low,2.0,Cat_7,Budget,High,Low,Medium,10.0,55.1,551.1,2.0,54.9,1,62.9,C
CUST_01236,Female,Yes,50,Yes,Entertainment,2.0,Low,1.0,Cat_6,,Low,Medium,Medium,12.1,186.9,2259.2,14.9,24.6,0,78.9,B
CUST_01237,Female,No,68,No,Homemaker,1.0,Low,1.0,Cat_6,Casual,High,Low,Low,8.5,24.3,205.6,23.8,7.1,0,14.5,D
CUST_01238,Male,No,44,Yes,Artist,1.0,Average,3.0,Cat_3,Casual,Medium,Medium,High,13.1,162.8,2137.1,11.9,23.0,0,69.3,B
CUST_01239,Male,No,58,Yes,Healthcare,0.0,Low,1.0,Cat_6,Casual,High,Low,Low,2.3,51.4,116.0,36.7,8.3,0,25.8,D
CUST_01240,Female,No,54,No,Doctor,12.0,High,2.0,Cat_6,Luxury,Low,Very High,High,15.7,244.6,3842.7,8.1,22.3,0,95.1,A
CUST_01241,Male,Yes,32,No,Artist,0.0,Average,1.0,,Budget,Very High,Low,Very Low,2.0,32.8,64.3,12.8,8.2,0,7.6,D
CUST_01242,Female,No,28,Yes,Marketing,3.0,Low,5.0,Cat_6,Casual,High,Low,Medium,9.4,88.4,835.3,17.0,31.2,1,65.3,C
CUST_01243,Female,Yes,34,No,Artist,3.0,Average,2.0,Cat_1,Eco-conscious,High,Medium,Medium,6.2,89.9,559.8,14.9,42.7,1,40.1,C
CUST_01244,Male,Yes,35,No,Homemaker,4.0,Low,4.0,Cat_6,Casual,Very High,Low,High,8.6,47.6,408.0,20.0,41.6,0,64.6,C
CUST_01245,Female,No,26,No,Marketing,0.0,Low,5.0,Cat_6,Casual,Very High,Medium,Low,7.8,76.7,601.8,19.9,49.7,0,51.5,C
CUST_01246,Female,No,28,Yes,Homemaker,3.0,Average,5.0,Cat_1,Casual,High,Medium,Medium,9.2,110.2,1009.8,18.0,39.6,0,53.4,C
CUST_01247,Female,Yes,42,Yes,Doctor,8.0,Average,1.0,Cat_4,Luxury,Low,Very High,High,17.3,327.7,5673.5,6.4,7.3,0,87.9,A
CUST_01248,Male,No,40,Yes,Executive,,High,1.0,Cat_6,Luxury,Low,Very High,Very High,16.4,355.2,5837.4,7.8,10.1,1,100.0,A
CUST_01249,Male,Yes,32,No,Artist,1.0,Low,1.0,Cat_5,Budget,High,Very Low,Low,1.6,56.0,92.1,45.2,13.4,1,42.5,D
CUST_01250,Female,No,35,No,Healthcare,0.0,Average,3.0,Cat_1,Casual,High,Medium,Low,5.5,97.9,542.2,27.4,48.6,1,38.2,C
CUST_01251,Female,Yes,33,No,Artist,0.0,Low,3.0,Cat_6,Budget,High,Low,High,10.8,76.2,824.4,17.2,43.0,0,33.9,C
CUST_01252,Male,Yes,24,Yes,Artist,6.0,Average,3.0,Cat_6,Casual,Low,High,Medium,11.4,177.8,2025.5,9.0,14.9,1,79.4,B
CUST_01253,Male,Yes,63,Yes,Doctor,7.0,High,2.0,Cat_2,Luxury,Low,Very High,High,12.6,269.9,3391.3,6.8,16.3,1,82.3,A
CUST_01254,Female,No,46,Yes,Executive,6.0,High,3.0,Cat_2,Luxury,Medium,Very High,Medium,12.5,306.8,3837.1,6.0,23.9,0,68.5,A
CUST_01255,Female,No,38,No,Artist,1.0,Low,4.0,Cat_7,Eco-conscious,Very High,Medium,High,9.8,90.1,878.7,19.8,46.6,0,49.0,C
CUST_01256,Female,Yes,35,No,Healthcare,,Low,1.0,Cat_6,Active,Low,High,High,7.3,113.4,822.5,11.2,27.8,1,67.2,B
CUST_01257,Male,Yes,70,No,Doctor,8.0,High,1.0,,Luxury,Medium,Very High,Medium,11.5,264.1,3027.8,7.0,10.3,0,93.2,A
CUST_01258,Male,Yes,34,No,Artist,0.0,High,5.0,Cat_3,Active,Medium,High,High,11.7,136.7,1598.0,11.2,18.6,0,69.1,B
CUST_01259,Female,Yes,54,Yes,Artist,7.0,High,2.0,Cat_6,Casual,Medium,Very High,Medium,20.1,298.9,6017.6,4.1,12.0,0,82.1,A
CUST_01260,Male,Yes,25,Yes,Engineer,2.0,High,2.0,Cat_6,Casual,Medium,High,High,7.0,152.2,1071.8,13.9,28.4,0,62.5,B
CUST_01261,Male,Yes,24,Yes,Healthcare,1.0,Average,2.0,Cat_6,Active,Medium,High,High,13.5,196.1,2645.0,10.3,31.0,1,66.0,B
CUST_01262,Female,Yes,30,No,Healthcare,0.0,Average,4.0,Cat_7,Budget,High,Medium,Medium,8.5,83.5,709.6,9.7,45.6,1,65.5,C
CUST_01263,Female,No,28,Yes,Entertainment,1.0,Average,4.0,Cat_6,,High,Medium,Medium,8.5,180.0,1522.3,11.6,22.8,0,76.7,B
CUST_01264,Male,Yes,45,Yes,Artist,5.0,Average,3.0,Cat_6,Active,Low,High,Medium,12.3,197.1,2416.7,7.4,29.3,0,59.0,B
CUST_01265,Female,Yes,50,Yes,Executive,12.0,High,1.0,Cat_4,Luxury,Low,Very High,Very High,16.2,388.2,6301.4,7.7,19.8,1,87.4,A
CUST_01266,Female,Yes,43,Yes,Lawyer,7.0,High,2.0,Cat_6,Luxury,Low,High,Very High,16.8,320.8,5380.2,8.0,22.5,1,88.1,A
CUST_01267,Male,Yes,33,Yes,Entertainment,2.0,Average,3.0,Cat_5,Casual,Medium,High,Medium,15.2,128.6,1960.9,12.7,35.2,1,60.7,B
CUST_01268,Female,No,39,Yes,Artist,4.0,Low,2.0,Cat_6,Active,Medium,High,High,11.4,134.3,1527.9,12.3,27.3,0,86.1,B
CUST_01269,Female,Yes,26,No,Artist,2.0,Low,2.0,Cat_7,Eco-conscious,Very High,Low,Medium,7.9,78.1,619.7,4.2,50.5,0,37.5,C
CUST_01270,Female,No,55,Yes,Engineer,6.0,Low,2.0,Cat_3,Luxury,Medium,High,Medium,12.9,82.3,1059.5,8.1,31.9,0,68.9,B
CUST_01271,Male,Yes,19,Yes,Healthcare,1.0,Low,2.0,Cat_1,Casual,High,Medium,High,7.1,73.0,515.9,19.8,50.1,1,47.0,C
CUST_01272,Male,Yes,56,Yes,Homemaker,2.0,Low,2.0,Cat_6,Budget,Very High,Low,Low,0.8,84.3,68.0,61.1,11.0,0,16.7,D
CUST_01273,Male,Yes,36,No,Artist,1.0,Average,4.0,Cat_1,Budget,High,Medium,High,9.3,82.7,767.9,23.8,49.0,0,40.8,C
CUST_01274,Male,Yes,50,No,Engineer,4.0,High,3.0,Cat_2,Active,Low,Very High,High,19.8,359.3,7098.5,9.3,10.7,1,73.0,A
CUST_01275,Female,No,35,Yes,Engineer,2.0,Average,,Cat_3,Luxury,High,High,High,5.5,169.7,935.2,10.4,20.4,0,83.1,B
CUST_01276,Male,No,55,No,Doctor,5.0,Average,1.0,Cat_4,Luxury,Low,High,Very High,22.3,309.4,6905.4,8.9,19.5,1,,A
CUST_01277,Female,No,48,Yes,Doctor,10.0,Average,2.0,Cat_6,Luxury,Low,High,Very High,11.4,271.8,3090.9,2.7,10.1,1,,A
CUST_01278,Male,Yes,50,Yes,Healthcare,0.0,Low,2.0,Cat_6,Budget,High,Very Low,Low,3.3,75.9,248.4,36.7,4.2,0,8.5,D
CUST_01279,Female,No,44,Yes,Artist,10.0,Average,3.0,Cat_6,,Low,Very High,Very High,21.0,363.8,7633.0,8.7,12.3,1,88.2,A
CUST_01280,Male,Yes,36,Yes,Entertainment,3.0,Average,3.0,Cat_6,Active,Low,High,High,6.8,127.0,865.2,2.5,25.3,1,76.7,B
CUST_01281,Female,Yes,28,Yes,Healthcare,0.0,Low,4.0,Cat_6,Eco-conscious,High,Medium,Low,5.9,104.1,612.3,12.9,43.4,0,59.8,C
CUST_01282,Male,Yes,24,No,Marketing,3.0,Average,4.0,Cat_1,Casual,High,Low,Medium,7.7,46.3,358.1,27.3,53.6,0,52.4,C
CUST_01283,Male,No,47,Yes,Engineer,2.0,Average,3.0,Cat_6,Luxury,Medium,High,Medium,9.4,207.6,1950.1,14.5,20.2,0,76.5,B
CUST_01284,Male,Yes,45,Yes,Doctor,8.0,High,4.0,Cat_6,Luxury,Medium,Very High,Very High,13.1,321.8,4207.4,5.7,12.0,0,82.8,A
CUST_01285,Female,Yes,45,Yes,Artist,2.0,High,3.0,Cat_6,Casual,Low,High,High,11.8,167.0,1968.2,22.5,16.3,0,73.6,B
CUST_01286,Male,Yes,51,Yes,Engineer,1.0,Average,2.0,Cat_3,Casual,Low,High,High,10.5,186.9,1966.8,13.5,20.5,1,79.0,B
CUST_01287,Male,Yes,64,Yes,Lawyer,9.0,Average,2.0,Cat_6,Luxury,Low,Very High,High,13.6,266.0,3608.5,5.4,16.9,1,97.1,A
CUST_01288,Male,Yes,41,Yes,Engineer,,Average,3.0,Cat_6,Active,Medium,High,Medium,16.8,156.0,2624.1,19.7,38.5,0,72.8,B
CUST_01289,Male,Yes,28,Yes,Executive,,High,3.0,Cat_6,Active,Medium,Very High,High,20.1,323.6,6492.8,5.2,14.3,1,79.2,A
CUST_01290,Male,No,55,Yes,Doctor,5.0,Average,1.0,Cat_4,Luxury,Medium,High,High,17.1,274.3,4685.5,9.5,10.2,1,95.9,A
CUST_01291,Female,Yes,30,Yes,Entertainment,6.0,High,5.0,Cat_6,Active,High,Medium,High,12.8,159.0,2035.8,11.3,22.3,1,64.3,B
CUST_01292,Female,Yes,50,Yes,Artist,9.0,Average,2.0,Cat_6,Luxury,Low,Very High,High,17.7,365.5,6460.8,5.1,17.1,1,87.8,A
CUST_01293,Female,Yes,33,No,Entertainment,8.0,High,3.0,,Active,Medium,Medium,Medium,7.0,221.7,1549.0,15.9,38.9,0,75.1,B
CUST_01294,Female,Yes,30,No,Healthcare,0.0,Low,2.0,Cat_6,Eco-conscious,Very High,Medium,Low,9.7,104.7,1015.0,20.6,56.0,0,35.4,C
CUST_01295,Female,Yes,22,No,Marketing,0.0,Average,2.0,Cat_6,Casual,Very High,Medium,Medium,5.5,67.8,375.3,13.7,58.0,0,45.4,C
CUST_01296,Female,Yes,38,Yes,Lawyer,4.0,Average,2.0,Cat_6,Active,Low,Very High,Very High,13.5,250.4,3377.7,5.3,20.0,1,80.5,A
CUST_01297,Female,Yes,38,Yes,Doctor,1.0,High,2.0,Cat_6,Luxury,Low,High,High,21.4,183.0,3922.9,7.3,15.8,1,84.7,A
CUST_01298,Male,No,44,Yes,Engineer,6.0,High,2.0,Cat_6,Active,Low,Very High,Very High,19.0,343.0,6519.3,4.0,22.3,0,97.9,A
CUST_01299,Female,Yes,22,No,Homemaker,1.0,Low,4.0,Cat_1,,High,Low,Medium,10.1,89.0,899.3,17.9,51.4,0,73.2,C
CUST_01300,Male,No,30,Yes,Artist,2.0,Low,1.0,Cat_1,Budget,High,Medium,Medium,8.0,75.5,605.1,24.4,40.2,0,50.0,C
CUST_01301,Male,No,37,Yes,Artist,4.0,High,2.0,Cat_6,Luxury,Low,Very High,Very High,18.2,384.0,6997.9,3.3,12.0,1,98.5,A
CUST_01302,Female,No,65,Yes,Artist,0.0,Low,1.0,Cat_5,Budget,High,Very Low,Very Low,3.2,42.4,136.0,38.4,20.1,0,27.3,D
CUST_01303,Male,Yes,48,Yes,Doctor,10.0,High,1.0,Cat_6,Active,Medium,High,Very High,18.1,292.7,5311.8,5.8,19.3,1,83.4,A
CUST_01304,Female,No,33,Yes,Artist,2.0,Average,1.0,Cat_6,Casual,Medium,Medium,Medium,12.0,161.6,1936.8,16.3,29.9,0,92.3,B
CUST_01305,Male,Yes,20,Yes,Healthcare,3.0,Low,3.0,Cat_7,Budget,High,Low,Medium,8.0,60.8,485.4,24.8,42.7,0,36.1,C
CUST_01306,Female,No,47,No,Healthcare,2.0,Low,1.0,Cat_6,Casual,High,Low,Very Low,3.8,87.1,332.6,34.4,9.1,0,33.8,D
CUST_01307,Female,No,27,Yes,Marketing,1.0,Low,4.0,Cat_6,,High,Low,Medium,10.3,77.5,796.5,29.6,42.7,1,69.4,C
CUST_01308,Male,No,24,Yes,Marketing,3.0,Low,,Cat_1,Casual,High,Low,Medium,5.9,88.3,516.5,32.9,41.1,0,51.9,C
CUST_01309,Male,Yes,52,Yes,Engineer,7.0,Average,4.0,Cat_3,Casual,High,High,High,16.2,147.1,2384.6,15.1,17.6,0,70.2,B
CUST_01310,Male,Yes,21,No,Healthcare,3.0,Low,5.0,,Budget,Very High,Low,High,6.6,103.9,684.9,19.9,38.9,0,59.5,C
CUST_01311,Male,No,35,No,Artist,6.0,Average,3.0,Cat_4,Luxury,Medium,High,High,19.7,284.3,5607.3,8.1,17.4,1,87.6,A
CUST_01312,Female,No,71,No,Homemaker,3.0,Low,2.0,Cat_6,Budget,High,Very Low,Very Low,3.6,56.9,203.6,40.9,20.6,0,25.9,D
CUST_01313,Male,Yes,29,Yes,Engineer,0.0,Average,2.0,Cat_6,Active,Low,Medium,Medium,12.6,145.0,1832.1,15.9,28.1,1,72.2,B
CUST_01314,Male,No,33,No,Homemaker,0.0,Low,4.0,Cat_1,Casual,High,Medium,Medium,4.5,43.9,195.6,21.7,41.7,1,55.6,C
CUST_01315,Female,Yes,38,Yes,Entertainment,6.0,Average,2.0,Cat_5,Casual,High,Medium,High,7.9,176.5,1396.2,6.5,27.3,1,82.3,B
CUST_01316,Male,Yes,18,No,Artist,0.0,Average,6.0,Cat_6,Budget,Very High,Low,Medium,8.8,67.8,593.6,15.0,50.9,1,43.4,C
CUST_01317,Female,No,30,Yes,Artist,4.0,Average,3.0,Cat_3,Active,Medium,High,Medium,10.6,204.7,2174.2,5.8,16.9,0,70.9,B
CUST_01318,Male,No,39,No,Healthcare,0.0,Low,2.0,Cat_6,Casual,High,Medium,Medium,7.6,75.1,568.7,29.4,42.4,0,46.5,C
CUST_01319,Female,Yes,53,Yes,Doctor,7.0,Average,2.0,Cat_4,,Medium,High,High,20.4,350.9,7149.5,10.0,18.0,1,92.1,A
CUST_01320,Female,No,59,Yes,Doctor,10.0,Average,3.0,Cat_4,Active,Low,High,High,17.6,321.7,5661.2,8.1,15.5,0,87.9,A
CUST_01321,Female,No,60,Yes,Executive,14.0,High,1.0,Cat_2,Luxury,Low,Very High,Very High,18.0,264.2,4749.6,8.0,21.1,1,100.0,A
CUST_01322,Female,Yes,50,Yes,Doctor,1.0,High,2.0,Cat_6,,Low,Very High,High,14.4,299.3,4319.1,5.7,12.9,0,76.4,A
CUST_01323,Male,No,42,No,Artist,0.0,Low,3.0,Cat_6,Budget,High,Low,Low,5.6,48.3,269.3,44.8,4.7,0,34.3,D
CUST_01324,Female,No,25,No,Executive,5.0,Average,3.0,Cat_2,Active,Low,Very High,Very High,20.1,289.3,5805.0,5.1,18.6,1,91.9,A
CUST_01325,Female,No,40,Yes,Healthcare,3.0,Low,3.0,Cat_4,Budget,High,Low,Low,3.2,12.4,39.7,49.6,7.1,1,48.4,D
CUST_01326,Male,Yes,24,Yes,Artist,5.0,Average,1.0,Cat_6,Active,Medium,High,High,9.9,211.9,2091.2,16.3,45.0,1,77.9,B
CUST_01327,Female,No,47,Yes,Artist,6.0,High,1.0,,Luxury,Low,High,Medium,18.2,342.7,6252.7,12.4,8.7,1,89.2,A
CUST_01328,Female,Yes,24,No,Artist,1.0,Average,4.0,Cat_6,Budget,Very High,Low,High,5.7,72.3,412.1,23.2,35.3,0,45.3,C
CUST_01329,Male,No,35,No,Artist,3.0,Low,7.0,Cat_6,Casual,Very High,Low,Medium,10.2,78.6,805.3,16.3,50.4,0,34.9,C
CUST_01330,Male,Yes,24,No,Artist,6.0,Average,4.0,Cat_3,Active,Medium,Medium,Medium,11.7,183.6,2146.8,22.7,32.8,1,63.6,B
CUST_01331,Female,Yes,30,Yes,Artist,1.0,Average,3.0,Cat_3,Active,Medium,High,Medium,11.3,206.1,2335.1,9.4,32.1,0,73.1,B
CUST_01332,Male,No,31,No,Homemaker,1.0,Average,4.0,Cat_1,Budget,Very High,Medium,Medium,5.9,82.5,485.2,15.5,38.2,0,59.8,C
CUST_01333,Male,Yes,67,Yes,Engineer,7.0,High,1.0,Cat_2,,Low,Very High,Very High,21.3,349.9,7461.3,10.6,12.1,1,92.6,A
CUST_01334,Male,No,58,Yes,Lawyer,1.0,Low,1.0,Cat_6,Budget,High,Very Low,Very Low,2.2,78.3,175.6,22.1,5.5,1,34.2,D
CUST_01335,Male,Yes,34,No,Artist,0.0,Low,1.0,Cat_6,Casual,Very High,Very Low,Very Low,2.3,58.2,134.6,37.6,13.3,0,28.0,D
CUST_01336,Female,Yes,31,Yes,Artist,3.0,Low,4.0,Cat_7,Casual,Very High,Low,Medium,9.1,66.0,603.8,15.2,48.8,0,63.9,C
CUST_01337,Female,Yes,42,No,Executive,9.0,Average,1.0,Cat_6,Luxury,Low,Very High,Medium,18.3,355.0,6490.6,11.7,16.7,0,,A
CUST_01338,Male,No,42,No,Homemaker,3.0,Low,5.0,Cat_1,Casual,High,Low,Medium,7.7,48.8,375.5,13.1,40.3,0,72.2,C
CUST_01339,Male,Yes,42,Yes,Lawyer,7.0,High,4.0,Cat_6,,Medium,Very High,Medium,21.8,289.1,6314.2,5.2,9.7,1,89.2,A
CUST_01340,Female,No,38,No,Lawyer,4.0,High,2.0,Cat_6,Luxury,Low,High,High,17.6,310.1,5467.0,5.0,21.7,1,95.0,A
CUST_01341,Female,Yes,45,No,Engineer,2.0,Average,2.0,Cat_6,Active,Medium,High,High,14.0,177.0,2473.5,15.7,25.8,1,65.3,B
CUST_01342,Female,Yes,55,Yes,Healthcare,4.0,Average,3.0,Cat_3,,Low,Medium,High,10.8,228.9,2477.3,15.2,25.4,0,81.8,B
CUST_01343,Female,No,55,No,Lawyer,5.0,Low,1.0,Cat_4,Casual,Very High,Very Low,Very Low,3.8,66.9,254.3,28.1,9.3,0,22.6,D
CUST_01344,Female,Yes,26,No,Marketing,0.0,Low,2.0,Cat_6,Casual,High,Low,Medium,8.2,73.1,598.3,21.3,37.4,0,32.4,C
CUST_01345,Female,Yes,27,No,Artist,0.0,Low,3.0,Cat_1,,High,Low,Medium,6.9,98.0,679.2,25.5,45.6,0,74.7,C
CUST_01346,Male,Yes,39,Yes,Engineer,8.0,Average,5.0,Cat_6,Casual,High,High,High,7.8,176.2,1370.5,15.1,26.4,0,63.1,B
CUST_01347,Female,Yes,50,Yes,Entertainment,4.0,Low,4.0,Cat_6,Active,High,High,High,9.8,77.4,761.4,10.8,19.2,1,76.9,B
CUST_01348,Male,Yes,56,Yes,Engineer,7.0,High,2.0,,Active,Medium,High,Medium,13.9,210.7,2929.1,6.6,30.2,1,80.3,B
CUST_01349,Female,No,54,Yes,Healthcare,3.0,Average,2.0,Cat_6,Casual,Very High,Low,Low,2.3,63.3,143.6,13.6,10.0,0,30.1,D
CUST_01350,Female,Yes,48,Yes,Executive,8.0,High,1.0,Cat_6,Luxury,Low,Very High,High,15.0,285.5,4270.5,6.6,12.5,1,84.6,A
CUST_01351,Female,Yes,50,No,Homemaker,0.0,Low,4.0,Cat_6,Budget,High,Low,Low,0.5,70.0,35.0,31.2,14.8,0,33.6,D
CUST_01352,Female,Yes,33,Yes,Engineer,5.0,High,3.0,Cat_3,Casual,Low,High,High,16.6,156.9,2604.2,7.9,35.9,0,83.1,B
CUST_01353,Male,Yes,42,Yes,Artist,3.0,High,3.0,Cat_6,Active,Medium,Medium,Medium,13.6,170.9,2333.0,8.3,36.4,0,71.8,B
CUST_01354,Female,Yes,30,Yes,Artist,0.0,Average,4.0,Cat_6,Casual,Very High,Medium,Low,8.8,45.9,406.4,19.3,65.4,1,,C
CUST_01355,Female,Yes,48,Yes,Artist,3.0,Average,2.0,Cat_6,Active,Low,Medium,High,12.8,163.2,2095.9,8.2,31.6,1,63.5,B
CUST_01356,Female,No,68,No,Healthcare,0.0,Low,2.0,Cat_4,Budget,High,Low,Low,3.5,61.5,213.9,35.7,20.1,0,19.3,D
CUST_01357,Male,No,44,No,Artist,2.0,Low,2.0,Cat_6,Budget,Very High,Low,Low,3.2,85.9,271.3,26.1,11.3,0,23.1,D
CUST_01358,Male,Yes,45,Yes,Engineer,0.0,Average,5.0,Cat_6,Casual,High,High,High,14.2,129.6,1835.9,11.1,22.1,1,71.9,B
CUST_01359,Male,Yes,24,Yes,Artist,1.0,Average,2.0,Cat_3,Active,Low,High,High,13.0,135.0,1754.1,19.5,32.2,1,79.9,B
CUST_01360,Female,No,31,Yes,Artist,4.0,Average,4.0,Cat_3,Casual,Medium,High,Medium,15.0,215.6,3223.4,10.5,26.4,1,69.4,B
CUST_01361,Male,No,45,No,Healthcare,1.0,Low,1.0,Cat_6,Casual,Very High,Low,Low,4.1,59.8,246.8,35.0,17.5,0,26.3,D
CUST_01362,Male,No,31,Yes,Executive,3.0,High,3.0,,Luxury,Low,High,High,14.3,254.3,3629.9,4.7,17.6,1,75.3,A
CUST_01363,Male,No,41,No,Artist,0.0,Low,4.0,Cat_1,Casual,High,Low,Low,6.3,89.3,562.4,9.8,53.1,0,57.9,C
CUST_01364,Male,No,35,Yes,Artist,4.0,Low,4.0,Cat_6,Budget,Very High,Medium,High,10.6,77.1,814.1,17.3,54.5,1,56.6,C
CUST_01365,Female,Yes,38,Yes,Homemaker,4.0,Average,5.0,Cat_6,Eco-conscious,High,Low,Medium,2.2,99.7,215.0,16.8,54.3,0,49.4,C
CUST_01366,Female,Yes,42,Yes,Executive,1.0,High,1.0,Cat_6,Luxury,Low,High,Very High,13.2,224.0,2949.3,5.9,22.5,1,82.3,A
CUST_01367,Male,Yes,32,No,Marketing,4.0,Low,3.0,Cat_1,Budget,High,Low,Medium,6.7,80.1,537.0,16.0,39.2,0,35.1,C
CUST_01368,Female,No,43,No,Lawyer,3.0,Average,3.0,Cat_5,Budget,Very High,Very Low,Low,4.3,83.6,359.9,36.7,8.8,0,39.4,D
CUST_01369,Female,Yes,38,Yes,Engineer,8.0,Average,3.0,Cat_4,Active,Medium,High,Very High,16.6,232.8,3856.3,4.2,11.6,1,91.8,A
CUST_01370,Female,No,30,Yes,Executive,4.0,High,2.0,Cat_6,Luxury,Low,High,High,13.7,302.8,4160.9,6.2,15.5,1,,A
CUST_01371,Male,Yes,61,No,Artist,1.0,Average,1.0,,Casual,Very High,Low,Very Low,3.7,38.3,141.0,36.3,16.6,0,28.0,D
CUST_01372,Female,Yes,24,Yes,Artist,6.0,High,1.0,Cat_6,Luxury,Medium,Very High,High,15.5,264.7,4102.2,8.0,20.7,1,94.2,A
CUST_01373,Male,No,33,Yes,Homemaker,0.0,Average,2.0,Cat_6,Budget,Very High,Very Low,Very Low,4.0,57.5,231.4,41.8,14.9,0,22.8,D
CUST_01374,Female,No,39,Yes,Healthcare,2.0,Average,3.0,Cat_6,Casual,Medium,High,Medium,10.8,178.2,1930.7,12.2,25.8,1,62.1,B
CUST_01375,Female,Yes,28,Yes,Executive,4.0,High,2.0,Cat_6,Luxury,Low,High,Very High,15.7,275.4,4316.2,7.0,10.1,0,91.9,A
CUST_01376,Male,No,85,No,Healthcare,1.0,Low,3.0,Cat_6,Budget,High,Low,Very Low,6.0,35.9,216.6,32.7,4.7,0,25.6,D
CUST_01377,Male,Yes,28,Yes,Artist,5.0,Average,,Cat_6,Active,High,High,Medium,12.6,182.0,2302.1,9.3,34.5,1,75.5,B
CUST_01378,Male,Yes,36,No,Engineer,,Average,4.0,Cat_5,Active,High,High,Medium,6.7,133.4,892.4,16.3,27.5,1,69.5,B
CUST_01379,Female,No,46,Yes,Engineer,6.0,High,5.0,Cat_3,Active,Medium,Medium,High,12.9,156.6,2020.9,17.5,23.7,0,67.1,B
CUST_01380,Female,Yes,64,Yes,Artist,2.0,Average,3.0,Cat_6,Active,Medium,High,Medium,4.3,172.2,747.9,10.0,30.7,0,,B
CUST_01381,Male,No,41,Yes,Executive,5.0,High,1.0,Cat_4,Luxury,Low,Very High,Very High,10.8,208.4,2256.2,6.3,14.8,1,88.4,A
CUST_01382,Male,No,25,Yes,Artist,7.0,Average,,Cat_6,,Low,High,Medium,16.3,193.2,3145.0,7.4,25.3,0,65.4,B
CUST_01383,Female,No,60,No,Artist,3.0,Low,1.0,Cat_4,Casual,High,Low,Very Low,6.5,46.9,305.0,47.2,15.3,0,17.0,D
CUST_01384,Male,Yes,34,Yes,Entertainment,4.0,Average,2.0,Cat_3,Active,Low,Medium,High,5.8,198.9,1150.4,10.7,33.7,1,69.6,B
CUST_01385,Male,No,43,Yes,Marketing,0.0,Low,2.0,Cat_1,Budget,High,Low,Low,11.7,53.4,626.9,18.8,21.8,0,38.2,C
CUST_01386,Male,Yes,51,No,Artist,5.0,Average,2.0,,Casual,Low,High,High,9.2,152.3,1399.0,14.8,17.5,1,79.1,B
CUST_01387,Male,No,26,No,Artist,0.0,Average,2.0,Cat_6,Casual,High,Low,High,5.1,99.9,510.2,20.2,47.0,1,40.6,C
CUST_01388,Female,No,37,Yes,Doctor,3.0,Average,2.0,Cat_6,Luxury,Low,High,Very High,16.1,230.0,3696.5,1.6,18.1,1,72.9,A
CUST_01389,Male,Yes,67,No,Homemaker,,Low,2.0,Cat_6,Budget,Very High,Very Low,Low,4.5,79.7,360.5,33.7,14.3,0,18.1,D
CUST_01390,Female,Yes,49,No,Entertainment,9.0,Low,2.0,Cat_6,,High,High,High,13.8,205.8,2840.4,17.1,35.8,1,74.9,B
CUST_01391,Male,No,28,Yes,Lawyer,7.0,Average,1.0,Cat_6,Active,Low,Very High,High,19.4,232.9,4515.7,7.9,13.3,1,88.9,A
CUST_01392,Female,Yes,52,Yes,Doctor,6.0,High,3.0,,Luxury,Low,Very High,Very High,10.6,277.6,2932.9,7.1,18.1,1,97.1,A
CUST_01393,Male,Yes,64,No,Lawyer,12.0,Average,2.0,Cat_6,Luxury,Low,High,Very High,17.1,215.8,3682.9,11.9,12.1,0,100.0,A
CUST_01394,Male,Yes,27,Yes,Healthcare,5.0,Average,3.0,Cat_6,Luxury,Medium,Medium,High,7.6,178.4,1348.2,17.7,29.2,1,71.6,B
CUST_01395,Female,No,47,Yes,Engineer,,Average,1.0,Cat_6,Active,Medium,Medium,Medium,8.4,191.6,1618.0,17.6,33.8,1,80.6,B
CUST_01396,Male,Yes,30,No,Marketing,2.0,Low,4.0,Cat_1,Eco-conscious,High,Low,Medium,8.6,102.6,883.7,18.7,49.5,0,43.7,C
CUST_01397,Male,Yes,25,Yes,Engineer,1.0,Average,5.0,Cat_3,Casual,High,Medium,Medium,13.8,197.8,2727.4,11.4,22.6,1,83.9,B
CUST_01398,Female,Yes,48,Yes,Artist,1.0,High,1.0,Cat_4,Luxury,Medium,Very High,Very High,20.0,339.1,6785.1,5.5,14.4,1,90.6,A
CUST_01399,Female,No,22,Yes,Healthcare,1.0,Low,4.0,Cat_7,Casual,Very High,Low,Low,9.0,114.2,1028.3,19.0,42.0,0,62.2,C
CUST_01400,Male,Yes,23,Yes,Healthcare,3.0,Average,5.0,Cat_7,Budget,Very High,Low,Medium,6.7,71.4,479.4,15.2,33.6,0,37.4,C
CUST_01401,Female,No,48,Yes,Doctor,11.0,High,,Cat_6,Luxury,Low,High,Very High,16.4,270.4,4424.6,5.4,13.4,1,87.2,A
CUST_01402,Male,Yes,53,Yes,Executive,8.0,Average,,Cat_6,Active,Low,Very High,Very High,18.2,302.0,5502.5,4.4,18.4,1,91.9,A
CUST_01403,Male,Yes,68,Yes,Doctor,6.0,High,2.0,Cat_6,Active,Low,Very High,Very High,13.0,256.7,3339.5,6.8,11.8,1,93.4,A
CUST_01404,Female,No,28,Yes,Healthcare,,Low,4.0,Cat_6,Budget,High,Low,Medium,7.3,98.3,721.2,16.4,61.3,0,21.4,C
CUST_01405,Male,No,43,No,Marketing,2.0,Low,3.0,Cat_1,Casual,High,Low,Medium,9.5,86.8,824.1,16.1,58.2,1,,C
CUST_01406,Male,Yes,29,No,Engineer,3.0,High,3.0,Cat_6,Luxury,Medium,High,High,10.4,128.6,1333.9,12.8,33.5,1,65.1,B
CUST_01407,Female,No,28,No,Artist,2.0,Low,5.0,Cat_6,Casual,Very High,Low,Low,7.8,86.2,672.1,4.7,28.6,1,41.9,C
CUST_01408,Female,No,37,Yes,Marketing,1.0,Low,2.0,Cat_1,Casual,High,Medium,High,6.1,101.4,614.0,19.7,49.7,0,57.6,C
CUST_01409,Female,Yes,35,Yes,Healthcare,1.0,High,3.0,Cat_6,Casual,Medium,High,Medium,12.6,205.5,2591.9,14.1,34.4,1,63.6,B
CUST_01410,Male,No,36,No,Homemaker,1.0,Low,2.0,Cat_5,Casual,High,Low,Low,7.6,49.9,381.1,27.0,7.6,0,20.2,D
CUST_01411,Male,Yes,44,Yes,Executive,10.0,High,,Cat_2,Active,Low,Very High,High,15.5,285.9,4431.2,7.6,13.7,1,85.8,A
CUST_01412,Male,No,65,Yes,Doctor,9.0,High,1.0,Cat_2,Active,Low,High,Medium,21.3,304.4,6485.2,4.9,14.2,1,78.2,A
CUST_01413,Female,Yes,51,Yes,Engineer,6.0,High,2.0,Cat_5,Active,Medium,Medium,High,19.4,204.9,3983.6,10.3,27.7,0,56.0,B
CUST_01414,Female,No,44,Yes,Engineer,9.0,High,3.0,Cat_4,Luxury,Medium,High,High,12.7,259.4,3289.9,2.7,23.2,1,84.3,A
CUST_01415,Male,Yes,53,No,Artist,,Average,1.0,Cat_3,Active,Medium,Medium,Medium,8.8,198.9,1749.2,15.9,32.1,0,75.9,B
CUST_01416,Male,No,80,Yes,Artist,0.0,Low,1.0,Cat_4,Budget,High,Low,Low,2.1,21.5,46.1,48.1,3.7,0,26.1,D
CUST_01417,Male,Yes,43,Yes,Doctor,2.0,Average,2.0,Cat_6,Active,Low,High,Very High,19.1,229.7,4384.8,1.0,8.5,0,91.1,A
CUST_01418,Male,Yes,39,Yes,Engineer,9.0,Average,4.0,Cat_6,Luxury,Low,High,Very High,19.2,293.9,5640.8,5.8,15.6,1,81.8,A
CUST_01419,Female,Yes,37,Yes,Entertainment,0.0,High,2.0,Cat_5,Active,Medium,High,High,16.2,157.7,2548.8,9.2,19.4,1,70.9,B
CUST_01420,Male,No,55,No,Healthcare,0.0,Low,1.0,Cat_6,Casual,Very High,Low,Low,5.5,86.0,473.9,19.5,2.2,0,5.0,D
CUST_01421,Female,Yes,36,Yes,Engineer,,High,3.0,Cat_3,Active,Low,Medium,High,8.6,172.2,1482.8,15.7,23.6,0,73.2,B
CUST_01422,Male,Yes,38,Yes,Engineer,7.0,Average,1.0,Cat_5,Active,High,Medium,Medium,8.2,156.1,1272.6,10.8,27.2,0,60.9,B
CUST_01423,Male,Yes,33,Yes,Executive,8.0,Average,4.0,Cat_6,Luxury,Medium,High,High,18.4,245.6,4513.4,6.8,17.0,1,92.3,A
CUST_01424,Female,Yes,48,Yes,Executive,7.0,Average,2.0,Cat_6,Luxury,Medium,High,Very High,15.0,324.4,4858.0,3.9,17.6,1,,A
CUST_01425,Male,Yes,53,No,Homemaker,4.0,Low,2.0,Cat_4,Budget,Very High,Low,Low,3.9,68.2,262.6,36.6,7.6,0,15.6,D
CUST_01426,Female,Yes,33,Yes,Homemaker,2.0,Low,3.0,Cat_4,Budget,High,Very Low,Low,2.3,66.9,156.7,48.6,7.0,0,20.4,D
CUST_01427,Male,Yes,63,Yes,Engineer,11.0,Average,2.0,Cat_6,Luxury,Low,High,Very High,17.1,260.4,4454.0,10.0,15.3,0,66.6,A
CUST_01428,Female,Yes,58,Yes,Homemaker,1.0,Low,2.0,Cat_4,Casual,Very High,Low,Low,3.9,48.8,191.2,34.5,21.3,0,23.8,D
CUST_01429,Male,No,20,No,Homemaker,2.0,Low,,Cat_7,Budget,High,Medium,Medium,7.0,86.2,600.3,17.0,37.0,1,58.8,C
CUST_01430,Male,Yes,62,No,Homemaker,4.0,Low,3.0,Cat_4,Budget,High,Low,Low,5.9,57.0,334.4,24.8,18.7,1,30.9,D
CUST_01431,Female,Yes,39,Yes,Entertainment,2.0,High,4.0,Cat_5,Active,Medium,High,Medium,11.3,192.4,2182.0,12.5,32.9,0,61.9,B
CUST_01432,Female,Yes,26,Yes,Engineer,4.0,Average,2.0,Cat_3,Active,Medium,High,High,14.7,212.8,3125.2,6.1,30.3,0,78.1,B
CUST_01433,Male,Yes,43,Yes,Artist,1.0,Average,2.0,Cat_5,Active,Medium,High,Medium,11.5,158.2,1827.0,5.8,18.7,0,76.4,B
CUST_01434,Female,No,28,No,Homemaker,0.0,Low,5.0,Cat_1,Budget,High,Low,Medium,7.8,90.9,710.0,22.6,54.5,0,68.9,C
CUST_01435,Male,No,22,No,Doctor,13.0,Average,2.0,Cat_6,Casual,Low,Very High,Very High,18.2,338.9,6156.7,7.6,10.2,1,93.9,A
CUST_01436,Female,Yes,43,Yes,Doctor,7.0,High,3.0,Cat_4,Luxury,Low,Very High,Very High,16.4,212.2,3486.4,7.8,13.4,1,89.7,A
CUST_01437,Female,Yes,41,Yes,Artist,6.0,Low,,Cat_6,Active,Medium,Medium,High,15.4,183.2,2830.0,12.2,29.4,0,63.8,B
CUST_01438,Female,No,31,Yes,Homemaker,3.0,Average,1.0,Cat_1,Budget,High,Medium,Low,8.2,54.0,443.1,23.4,51.4,0,39.4,C
CUST_01439,Male,Yes,46,No,Lawyer,0.0,Average,5.0,Cat_6,Active,Low,High,Very High,18.8,253.1,4762.4,8.1,16.3,1,86.9,A
CUST_01440,Male,Yes,33,No,Artist,0.0,Average,3.0,Cat_7,,Very High,Medium,Medium,7.3,137.5,997.5,4.5,46.8,0,60.5,C
CUST_01441,Male,No,58,Yes,Healthcare,0.0,Low,3.0,Cat_4,Budget,Very High,Low,Very Low,5.8,81.5,475.4,33.1,3.6,1,6.0,D
CUST_01442,Male,Yes,58,Yes,Doctor,9.0,High,2.0,Cat_4,Luxury,Low,Very High,High,18.9,270.0,5096.6,6.0,12.3,1,82.1,A
CUST_01443,Male,No,18,No,Healthcare,0.0,Average,2.0,Cat_6,Budget,High,Low,Low,4.3,80.2,342.4,18.0,59.8,1,56.8,C
CUST_01444,Male,No,36,No,Artist,5.0,Low,3.0,Cat_6,Active,High,High,High,9.1,218.7,1994.3,7.0,23.4,0,64.1,B
CUST_01445,Female,Yes,48,Yes,Healthcare,4.0,Low,,Cat_6,Budget,Very High,Low,Very Low,2.7,70.1,187.9,34.3,13.6,0,21.5,D
CUST_01446,Female,Yes,38,Yes,Doctor,5.0,Average,1.0,Cat_6,Luxury,Medium,High,Very High,14.9,296.2,4422.8,5.6,15.1,1,94.9,A
CUST_01447,Male,No,28,No,Marketing,1.0,Low,4.0,Cat_6,Casual,Very High,Low,Medium,4.7,82.7,389.6,5.3,56.8,0,60.5,C
CUST_01448,Female,No,23,No,Artist,0.0,Low,5.0,Cat_1,Budget,High,Medium,Medium,2.5,82.1,208.1,18.0,55.0,1,47.2,C
CUST_01449,Male,No,52,No,Healthcare,0.0,Low,1.0,Cat_4,Casual,Very High,Low,Low,6.2,35.5,218.1,27.7,13.2,0,43.0,D
CUST_01450,Female,No,25,Yes,Healthcare,0.0,Low,,Cat_1,Budget,High,Low,Low,4.2,91.2,381.7,20.6,49.9,1,33.9,C
CUST_01451,Male,Yes,28,No,Engineer,1.0,Average,3.0,Cat_3,Active,Medium,Medium,High,10.4,166.1,1730.1,14.0,30.7,1,68.9,B
CUST_01452,Male,Yes,24,Yes,Artist,3.0,Average,2.0,Cat_1,Budget,Very High,Low,Low,6.1,66.2,404.5,17.5,49.5,0,66.2,C
CUST_01453,Female,No,52,No,Healthcare,0.0,Low,4.0,Cat_5,Budget,Very High,Very Low,Very Low,1.6,14.7,23.3,43.2,3.5,0,6.3,D
CUST_01454,Female,Yes,47,No,Engineer,,Average,2.0,Cat_3,Active,Low,High,Medium,12.2,186.0,2264.6,12.7,34.6,1,95.0,B
CUST_01455,Male,Yes,59,Yes,Engineer,,Average,2.0,Cat_6,Active,Low,Very High,High,17.7,287.0,5085.9,3.9,17.6,1,77.5,A
CUST_01456,Male,No,57,Yes,Healthcare,2.0,Average,3.0,Cat_4,,High,Low,Low,2.7,52.3,139.3,37.4,5.0,0,20.1,D
CUST_01457,Female,No,27,No,Artist,3.0,Low,,Cat_6,Budget,High,Low,Low,10.1,67.9,684.4,11.1,59.3,0,41.7,C
CUST_01458,Female,No,32,No,Artist,1.0,Low,4.0,Cat_1,Casual,Very High,Low,Low,6.3,66.1,416.7,7.3,68.2,0,,C
CUST_01459,Female,No,41,Yes,Executive,2.0,Average,2.0,Cat_4,Luxury,Low,Very High,High,22.2,238.0,5275.7,6.3,16.7,1,79.5,A
CUST_01460,Female,No,28,Yes,Marketing,0.0,Low,2.0,,Budget,High,Low,Medium,6.4,89.5,575.3,11.1,47.1,1,50.4,C
CUST_01461,Male,Yes,45,Yes,Artist,3.0,High,2.0,Cat_6,Casual,Low,High,Medium,10.1,133.3,1345.7,16.3,21.9,0,80.1,B
CUST_01462,Male,No,31,Yes,Homemaker,0.0,Low,3.0,Cat_6,Budget,Very High,Medium,High,6.9,92.7,637.6,18.3,37.5,1,69.9,C
CUST_01463,Male,Yes,58,Yes,Doctor,5.0,High,2.0,Cat_6,Active,Low,High,Very High,20.9,295.1,6160.7,6.4,2.5,0,81.0,A
CUST_01464,Female,No,18,Yes,Artist,3.0,Low,4.0,Cat_7,Eco-conscious,High,Low,Low,4.8,112.5,535.1,19.0,46.3,1,65.7,C
CUST_01465,Male,Yes,69,Yes,Healthcare,0.0,Average,3.0,Cat_6,Budget,High,Low,Low,3.6,50.9,185.3,46.4,12.5,0,33.3,D
CUST_01466,Female,No,49,Yes,Executive,12.0,Average,2.0,Cat_6,Luxury,Low,Very High,Very High,19.3,277.5,5358.6,4.8,17.4,1,90.4,A
CUST_01467,Female,No,76,Yes,Homemaker,1.0,Low,2.0,Cat_4,Casual,High,Low,Very Low,4.2,30.0,125.5,22.7,3.9,0,33.4,D
CUST_01468,Male,Yes,25,Yes,Engineer,8.0,Average,1.0,Cat_3,,Medium,High,High,11.2,118.2,1320.7,14.3,28.2,0,72.6,B
CUST_01469,Male,No,46,No,Lawyer,0.0,Low,2.0,Cat_6,Budget,High,Very Low,Low,3.2,64.4,207.2,25.9,16.8,0,26.2,D
CUST_01470,Female,Yes,35,No,Artist,4.0,Average,2.0,Cat_7,Budget,High,Medium,Medium,6.8,90.2,613.7,14.5,43.6,0,62.3,C
CUST_01471,Male,Yes,28,Yes,Artist,2.0,High,3.0,Cat_5,Active,Medium,Medium,High,10.0,145.2,1445.3,14.7,25.5,1,44.9,B
CUST_01472,Female,Yes,18,Yes,Marketing,6.0,Average,4.0,Cat_6,Budget,Very High,Low,Medium,9.3,58.6,548.0,15.1,48.9,0,51.7,C
CUST_01473,Male,No,60,Yes,Homemaker,0.0,Low,3.0,Cat_4,Casual,Very High,Very Low,Very Low,0.5,64.8,32.4,39.2,8.9,0,9.4,D
CUST_01474,Male,No,32,No,Artist,,Low,3.0,Cat_6,Active,Medium,High,High,10.3,129.5,1328.7,10.8,25.6,0,82.1,B
CUST_01475,Female,Yes,60,No,Healthcare,,High,,Cat_5,,High,Medium,High,9.7,221.0,2142.9,13.5,20.6,1,68.8,B
CUST_01476,Male,Yes,34,No,Homemaker,2.0,Low,1.0,Cat_6,Casual,Very High,Medium,Low,8.9,100.2,893.1,27.1,39.8,0,62.8,C
CUST_01477,Male,No,24,Yes,Homemaker,3.0,Low,6.0,Cat_7,Casual,High,Medium,High,8.6,73.5,631.1,16.1,26.6,1,38.8,C
CUST_01478,Male,No,39,Yes,Healthcare,5.0,Average,4.0,Cat_6,Budget,High,Low,Medium,7.7,80.0,618.0,12.3,41.7,1,43.7,C
CUST_01479,Female,No,32,Yes,Artist,2.0,Low,3.0,Cat_1,Budget,Very High,Low,Low,6.9,77.1,533.0,25.0,25.9,1,47.4,C
CUST_01480,Female,Yes,38,Yes,Engineer,2.0,High,1.0,Cat_6,Casual,Medium,High,Medium,6.4,133.7,861.8,10.5,17.5,1,,B
CUST_01481,Female,No,28,Yes,Homemaker,5.0,Low,4.0,,Budget,High,Low,High,5.8,121.2,698.7,8.6,47.3,0,46.1,C
CUST_01482,Female,Yes,51,Yes,Executive,10.0,Average,2.0,Cat_4,Luxury,Low,Very High,High,12.3,281.0,3467.3,2.0,15.3,1,72.6,A
CUST_01483,Female,Yes,45,Yes,Engineer,6.0,Average,2.0,Cat_6,Active,Medium,High,Medium,16.6,151.6,2523.1,7.8,34.5,1,77.8,B
CUST_01484,Male,Yes,27,Yes,Executive,3.0,Average,2.0,Cat_2,Active,Low,Very High,Medium,15.0,230.4,3464.1,10.7,15.8,0,96.4,A
CUST_01485,Female,Yes,26,No,Entertainment,3.0,High,1.0,Cat_6,Casual,Low,High,Medium,11.0,178.8,1964.1,19.0,29.5,1,57.3,B
CUST_01486,Male,Yes,35,Yes,Engineer,,Average,4.0,Cat_6,Active,Low,Medium,High,12.8,132.1,1691.8,17.7,31.1,1,70.1,B
CUST_01487,Male,Yes,49,Yes,Engineer,5.0,Average,,Cat_6,Casual,Medium,High,High,12.1,147.3,1778.3,14.6,22.7,1,73.3,B
CUST_01488,Male,Yes,28,No,Artist,6.0,Low,2.0,Cat_7,Casual,Very High,Low,Medium,6.2,54.7,337.9,15.1,39.3,1,55.7,C
CUST_01489,Female,Yes,26,Yes,Artist,4.0,Average,3.0,Cat_3,Active,Medium,High,Medium,15.7,145.2,2273.1,14.1,31.2,1,78.0,B
CUST_01490,Female,No,39,Yes,Engineer,0.0,Low,3.0,Cat_6,Casual,Medium,High,High,13.6,132.7,1802.0,12.8,25.9,0,72.4,B
CUST_01491,Female,No,29,Yes,Artist,6.0,High,1.0,Cat_6,Luxury,Medium,Very High,Very High,15.3,278.5,4274.3,7.8,5.8,1,83.7,A
CUST_01492,Male,No,47,Yes,Entertainment,0.0,Average,3.0,Cat_6,Active,Low,Medium,Medium,12.1,169.9,2063.6,9.5,30.0,1,66.9,B
CUST_01493,Female,Yes,35,Yes,Lawyer,9.0,High,2.0,Cat_6,Luxury,Low,High,High,21.1,290.0,6118.4,4.3,16.9,1,93.8,A
CUST_01494,Male,No,60,Yes,Lawyer,6.0,Average,2.0,Cat_6,,Low,High,Very High,16.5,191.3,3157.8,7.0,29.6,1,,A
CUST_01495,Male,No,31,Yes,Healthcare,4.0,Low,1.0,Cat_7,Budget,High,Low,Low,8.8,122.5,1075.0,12.0,41.4,0,46.7,C
CUST_01496,Male,Yes,30,No,Artist,0.0,Low,3.0,Cat_1,Budget,High,Low,Medium,5.5,79.0,435.6,15.4,60.9,1,48.8,C
CUST_01497,Female,Yes,19,Yes,Healthcare,1.0,Average,3.0,Cat_6,Casual,High,Medium,High,11.2,57.1,637.7,25.7,38.4,0,67.1,C
CUST_01498,Male,Yes,36,Yes,Entertainment,2.0,High,7.0,Cat_5,Active,Medium,High,Medium,8.2,157.2,1286.8,15.9,36.5,1,62.7,B
CUST_01499,Male,No,34,Yes,Healthcare,1.0,Average,2.0,Cat_3,Active,Medium,High,High,10.1,156.8,1586.9,11.7,26.2,0,68.2,B
CUST_01500,Male,Yes,48,No,Homemaker,3.0,Low,2.0,Cat_6,Casual,High,Low,Low,3.9,48.8,192.2,18.2,12.5,0,39.0,D
CUST_01501,Male,Yes,31,Yes,Healthcare,1.0,Average,2.0,Cat_6,Active,Low,High,High,11.2,203.2,2280.0,21.6,29.8,0,64.9,B
CUST_01502,Male,Yes,43,No,Artist,2.0,Average,1.0,Cat_6,Casual,Medium,High,Medium,9.6,145.6,1391.0,13.4,32.1,1,,B
CUST_01503,Male,No,35,Yes,Lawyer,9.0,Average,3.0,Cat_4,Casual,Low,High,Very High,17.0,280.8,4783.3,5.0,13.8,0,87.2,A
CUST_01504,Female,No,31,Yes,Artist,2.0,Average,1.0,Cat_6,Active,High,High,High,10.1,171.9,1740.1,11.4,22.7,1,68.6,B
CUST_01505,Female,No,45,Yes,Engineer,1.0,Average,4.0,Cat_5,Active,Medium,High,High,9.5,118.4,1119.2,15.5,23.2,0,78.1,B
CUST_01506,Male,Yes,36,Yes,Entertainment,1.0,High,1.0,Cat_5,Casual,Medium,Medium,Medium,12.8,116.8,1490.5,16.0,15.8,0,83.0,B
CUST_01507,Male,No,26,No,Engineer,5.0,Average,3.0,,Casual,Low,High,Medium,11.2,98.8,1104.4,19.2,28.0,0,76.9,B
CUST_01508,Male,Yes,40,Yes,Healthcare,5.0,Average,1.0,Cat_3,Active,Medium,Medium,High,14.3,132.6,1902.6,6.0,28.8,0,63.1,B
CUST_01509,Female,No,22,Yes,Homemaker,2.0,Low,,Cat_7,,High,Low,Low,6.3,93.0,586.1,19.7,52.6,0,71.1,C
CUST_01510,Female,Yes,29,No,Marketing,4.0,Average,3.0,Cat_6,Eco-conscious,High,Medium,Medium,8.0,97.4,777.9,34.4,36.0,0,59.0,C
CUST_01511,Female,Yes,24,Yes,Artist,1.0,Average,3.0,Cat_6,Budget,Very High,Medium,Medium,7.5,110.0,826.6,26.7,26.9,0,,C
CUST_01512,Male,Yes,24,Yes,Homemaker,0.0,Average,2.0,Cat_7,Budget,High,Low,Low,12.5,71.2,892.1,10.1,58.0,1,51.3,C
CUST_01513,Female,Yes,66,No,Artist,2.0,Low,1.0,Cat_6,Budget,High,Very Low,Low,3.7,58.6,214.8,37.7,14.1,1,41.2,D
CUST_01514,Male,No,59,Yes,Lawyer,12.0,Average,2.0,,Luxury,Low,High,Very High,14.9,276.2,4111.8,10.3,10.1,0,89.1,A
CUST_01515,Female,Yes,35,Yes,Engineer,4.0,Average,1.0,Cat_6,Luxury,Low,Very High,High,14.8,244.5,3625.7,1.1,23.6,1,96.1,A
CUST_01516,Male,No,45,Yes,Lawyer,8.0,Average,1.0,Cat_2,Luxury,Medium,Very High,Very High,19.4,329.3,6396.8,2.6,18.2,1,90.9,A
CUST_01517,Male,Yes,32,No,Marketing,3.0,Low,7.0,Cat_6,Casual,Very High,Low,Low,8.9,116.5,1037.9,20.0,51.0,0,39.6,C
CUST_01518,Female,No,49,Yes,Artist,2.0,Low,1.0,Cat_5,Budget,High,Low,Very Low,1.0,51.7,49.6,30.6,20.0,0,24.5,D
CUST_01519,Male,Yes,53,Yes,Lawyer,4.0,Average,3.0,Cat_6,,Low,Very High,High,12.9,245.0,3165.9,3.5,11.3,1,96.9,A
CUST_01520,Female,No,47,No,Healthcare,0.0,Low,3.0,Cat_6,Budget,High,Low,Very Low,2.4,33.7,80.1,18.0,14.2,0,35.4,D
CUST_01521,Female,Yes,55,Yes,Engineer,5.0,High,1.0,Cat_6,Luxury,Low,High,High,16.9,328.9,5543.2,5.3,20.7,1,88.3,A
CUST_01522,Male,No,36,Yes,Artist,0.0,Low,1.0,Cat_4,Budget,Very High,Very Low,Low,1.7,57.8,95.4,42.6,13.3,1,30.4,D
CUST_01523,Male,Yes,29,Yes,Entertainment,0.0,Average,1.0,,Casual,Medium,High,High,10.7,119.6,1280.5,7.3,41.6,0,86.9,B
CUST_01524,Female,Yes,68,No,Lawyer,4.0,Average,2.0,Cat_4,Active,Low,Very High,High,12.9,372.4,4814.7,4.7,19.2,1,73.8,A
CUST_01525,Female,Yes,24,No,Entertainment,0.0,Low,1.0,Cat_3,Active,Medium,Medium,High,14.1,184.2,2593.5,9.8,33.3,1,78.5,B
CUST_01526,Female,No,53,Yes,Executive,9.0,Average,1.0,Cat_4,Luxury,Low,Very High,Very High,20.1,310.8,6250.6,4.4,17.9,1,89.7,A
CUST_01527,Female,No,39,Yes,Artist,6.0,High,3.0,Cat_3,Active,Medium,High,Medium,11.6,132.7,1542.5,7.7,27.5,1,79.0,B
CUST_01528,Female,No,54,No,Engineer,2.0,High,2.0,Cat_6,,Medium,High,High,6.4,214.5,1371.6,17.9,15.5,0,78.7,B
CUST_01529,Male,Yes,40,Yes,Artist,2.0,Average,1.0,Cat_7,Casual,Very High,Low,Medium,8.2,96.1,792.1,10.5,48.7,0,47.3,C
CUST_01530,Female,Yes,37,Yes,Healthcare,1.0,Low,1.0,,Casual,Medium,High,High,10.4,165.0,1718.9,15.8,16.3,0,75.6,B
CUST_01531,Male,Yes,63,Yes,Artist,4.0,High,1.0,Cat_6,Active,Low,High,High,11.4,143.5,1639.4,16.7,22.3,0,73.2,B
CUST_01532,Female,No,31,No,Artist,2.0,Low,,Cat_7,Casual,High,Low,Medium,9.5,108.9,1033.5,15.2,51.5,0,49.8,C
CUST_01533,Female,No,46,No,Healthcare,4.0,Low,6.0,Cat_7,Budget,Very High,Medium,Medium,10.3,91.8,946.6,15.4,52.6,0,,C
CUST_01534,Female,Yes,24,Yes,Artist,5.0,High,1.0,Cat_6,Casual,Medium,High,Medium,12.3,150.2,1848.7,11.9,37.3,0,58.0,B
CUST_01535,Female,Yes,24,Yes,Artist,2.0,Average,1.0,Cat_6,Active,Low,High,Medium,13.3,167.5,2229.7,10.0,25.6,1,,B
CUST_01536,Female,Yes,50,Yes,Executive,4.0,Average,1.0,,Luxury,Low,High,Very High,20.3,306.7,6227.4,10.2,20.4,0,96.1,A
CUST_01537,Male,Yes,43,Yes,Engineer,6.0,High,3.0,Cat_6,Active,Medium,High,High,12.0,314.8,3787.4,7.3,17.5,1,94.2,A
CUST_01538,Male,No,32,Yes,Artist,2.0,Low,5.0,Cat_6,Casual,High,Medium,High,5.3,92.1,488.4,5.5,35.8,0,66.0,C
CUST_01539,Female,Yes,30,Yes,Engineer,7.0,High,2.0,,,Medium,High,Very High,19.7,314.9,6210.2,5.4,2.5,0,91.7,A
CUST_01540,Male,Yes,48,Yes,Artist,8.0,High,5.0,Cat_6,Casual,Medium,Medium,High,13.4,124.5,1670.8,10.8,16.2,0,75.4,B
CUST_01541,Female,Yes,22,Yes,Healthcare,0.0,Low,3.0,Cat_7,Casual,High,Low,High,12.4,59.0,733.1,18.5,44.4,1,49.4,C
CUST_01542,Female,Yes,40,Yes,Artist,10.0,Average,3.0,Cat_2,,Low,Very High,High,19.6,335.4,6559.5,8.2,25.2,1,93.6,A
CUST_01543,Female,Yes,43,No,Engineer,4.0,Low,2.0,Cat_3,Casual,Medium,Medium,Medium,7.1,188.4,1334.6,13.4,23.8,0,78.3,B
CUST_01544,Female,Yes,64,Yes,Engineer,7.0,High,3.0,Cat_6,Luxury,Medium,Very High,High,19.7,276.1,5440.1,2.7,1.7,1,83.2,A
CUST_01545,Male,Yes,41,No,Artist,2.0,Low,1.0,Cat_4,Casual,Very High,Low,Low,1.6,73.2,117.3,35.9,21.9,0,22.0,D
CUST_01546,Female,Yes,32,Yes,Artist,5.0,Average,4.0,Cat_6,Active,Medium,High,High,5.0,125.5,633.3,12.0,30.7,1,68.8,B
CUST_01547,Female,Yes,28,Yes,Artist,4.0,Low,2.0,Cat_7,Casual,High,Medium,Low,4.7,89.9,421.8,15.0,38.0,1,51.4,C
CUST_01548,Male,Yes,31,Yes,Entertainment,0.0,High,4.0,Cat_5,,Medium,High,High,12.3,133.2,1640.1,11.1,20.8,1,53.8,B
CUST_01549,Female,Yes,56,No,Doctor,9.0,Average,3.0,Cat_6,Luxury,Low,Very High,Very High,13.4,384.5,5142.9,7.3,22.9,1,97.1,A
CUST_01550,Female,No,28,Yes,Marketing,0.0,Low,4.0,Cat_6,Budget,High,Medium,Low,7.1,73.9,527.0,19.0,48.7,1,42.6,C
CUST_01551,Female,No,44,No,Lawyer,2.0,Low,1.0,Cat_4,Casual,High,Low,Low,3.4,68.7,233.3,58.6,0.0,1,49.7,D
CUST_01552,Male,No,18,Yes,Artist,4.0,Low,5.0,Cat_1,Casual,High,Low,Medium,7.6,78.3,597.3,13.7,42.0,1,60.7,C
CUST_01553,Female,No,34,Yes,Artist,6.0,Average,1.0,Cat_6,Casual,High,Medium,Medium,12.2,74.3,905.2,17.4,43.5,0,,C
CUST_01554,Male,No,37,No,Lawyer,1.0,Low,2.0,Cat_6,Casual,Very High,Low,Very Low,3.6,91.4,327.2,13.1,6.6,0,22.7,D
CUST_01555,Male,Yes,44,Yes,Engineer,8.0,High,2.0,Cat_6,Luxury,Low,Very High,Very High,19.7,390.0,7701.7,4.0,22.1,1,87.4,A
CUST_01556,Male,No,45,Yes,Doctor,8.0,Average,3.0,Cat_6,Luxury,Medium,High,High,16.5,299.3,4949.7,8.1,11.8,1,100.0,A
CUST_01557,Male,No,21,Yes,Marketing,1.0,Low,3.0,Cat_6,Casual,High,Low,Low,5.7,77.1,441.3,19.5,57.4,0,71.2,C
CUST_01558,Male,Yes,27,Yes,Artist,7.0,High,1.0,Cat_5,Luxury,Medium,High,Medium,10.6,170.4,1799.0,11.1,24.3,1,85.4,B
CUST_01559,Male,No,27,Yes,Artist,0.0,Low,7.0,Cat_6,Casual,Very High,Medium,Low,6.2,78.8,490.4,15.5,57.9,0,54.8,C
CUST_01560,Female,No,50,No,Healthcare,0.0,Low,1.0,Cat_6,Casual,High,Low,Very Low,4.3,48.9,208.8,14.6,11.7,0,35.0,D
CUST_01561,Female,Yes,46,Yes,Engineer,1.0,Average,2.0,Cat_3,Active,Low,High,High,9.6,145.7,1401.9,19.3,30.4,0,81.0,B
CUST_01562,Male,No,63,No,Engineer,8.0,Average,4.0,Cat_6,Luxury,Low,High,High,19.6,313.7,6140.4,9.4,9.9,1,84.2,A
CUST_01563,Male,No,24,Yes,Artist,3.0,Low,1.0,Cat_6,Eco-conscious,High,Medium,Low,7.0,105.7,743.3,14.8,48.2,0,51.6,C
CUST_01564,Male,Yes,41,No,Artist,2.0,Average,3.0,Cat_3,Active,Medium,Medium,High,12.9,195.8,2535.0,17.6,31.2,1,66.6,B
CUST_01565,Female,No,42,No,Artist,2.0,Low,3.0,Cat_6,Casual,Very High,Medium,Medium,9.8,93.0,909.0,26.6,60.6,1,57.1,C
CUST_01566,Male,Yes,40,Yes,Artist,1.0,High,3.0,Cat_5,Active,Low,High,Medium,13.4,217.2,2907.3,6.4,21.5,0,67.1,B
CUST_01567,Female,Yes,27,Yes,Healthcare,0.0,Average,4.0,Cat_6,Budget,High,Medium,Medium,7.9,84.8,672.5,19.7,34.7,0,67.8,C
CUST_01568,Female,No,33,Yes,Lawyer,11.0,High,2.0,Cat_6,Luxury,Low,High,High,19.9,327.7,6527.4,5.5,5.9,0,94.1,A
CUST_01569,Male,Yes,30,Yes,Artist,7.0,Low,4.0,Cat_7,Budget,Very High,Medium,Medium,6.2,100.9,621.4,17.0,34.2,0,62.0,C
CUST_01570,Female,No,38,Yes,Entertainment,3.0,Low,1.0,,Luxury,Medium,Medium,High,11.1,206.3,2288.6,9.6,33.5,1,81.0,B
CUST_01571,Male,No,41,Yes,Engineer,6.0,Low,1.0,Cat_5,Active,Low,High,High,12.2,161.7,1980.1,17.1,25.0,1,82.1,B
CUST_01572,Male,Yes,63,Yes,Lawyer,6.0,High,2.0,Cat_4,Luxury,Low,Very High,Very High,15.4,262.4,4047.0,6.3,2.7,0,90.9,A
CUST_01573,Female,No,18,No,Artist,1.0,Low,4.0,Cat_6,Eco-conscious,Very High,Low,Medium,9.4,54.4,510.3,20.6,36.5,0,74.3,C
CUST_01574,Male,No,56,No,Homemaker,6.0,Low,1.0,Cat_6,Budget,High,Low,Low,3.6,38.9,139.9,45.2,16.5,0,26.8,D
CUST_01575,Female,Yes,46,Yes,Artist,3.0,High,4.0,Cat_6,Active,Low,High,High,21.4,272.0,5818.7,1.1,11.0,1,82.8,A
CUST_01576,Female,Yes,41,Yes,Engineer,6.0,Average,3.0,Cat_6,Active,Low,High,High,15.5,306.1,4745.8,7.5,6.8,1,91.4,A
CUST_01577,Male,Yes,71,Yes,Engineer,6.0,Average,2.0,Cat_2,Active,Low,Very High,Very High,12.7,256.5,3266.5,8.9,16.4,1,79.5,A
CUST_01578,Male,No,34,No,Homemaker,3.0,Low,,Cat_6,Casual,High,Medium,Medium,9.5,90.5,855.4,9.6,59.6,0,35.8,C
CUST_01579,Female,Yes,18,No,Homemaker,3.0,Low,5.0,Cat_7,Casual,Very High,Low,Low,4.5,87.1,396.1,20.7,48.5,1,67.4,C
CUST_01580,Female,No,34,Yes,Artist,5.0,High,2.0,,Casual,Low,Medium,High,9.3,179.2,1667.7,16.0,34.9,0,61.6,B
CUST_01581,Female,No,64,Yes,Lawyer,4.0,Average,2.0,Cat_6,Casual,Low,High,Medium,15.3,268.1,4098.8,5.0,8.5,1,96.8,A
CUST_01582,Female,Yes,35,Yes,Artist,2.0,Average,3.0,Cat_6,Active,Low,High,High,14.3,156.1,2226.6,15.3,35.7,1,66.8,B
CUST_01583,Male,Yes,40,Yes,Entertainment,0.0,Average,2.0,Cat_5,Casual,Low,Medium,High,10.3,144.5,1488.9,11.5,25.6,1,72.2,B
CUST_01584,Male,Yes,27,Yes,Healthcare,7.0,High,6.0,Cat_3,Active,Medium,Medium,High,12.5,160.6,2007.4,11.4,24.8,0,68.5,B
CUST_01585,Male,No,34,Yes,Healthcare,0.0,Low,1.0,Cat_6,Budget,High,Low,Low,2.3,47.8,109.5,50.0,7.4,1,34.7,D
CUST_01586,Female,Yes,60,Yes,Doctor,9.0,High,4.0,Cat_2,Luxury,Low,Very High,High,19.6,357.2,7013.4,5.8,15.0,1,85.3,A
CUST_01587,Male,No,18,No,Healthcare,2.0,Low,4.0,Cat_6,Budget,High,Low,Low,8.7,76.0,665.1,16.2,76.4,0,59.3,C
CUST_01588,Female,Yes,34,Yes,Artist,5.0,Low,3.0,Cat_3,Casual,Medium,High,High,11.0,184.3,2028.1,11.4,32.4,1,77.8,B
CUST_01589,Male,Yes,46,No,Engineer,3.0,High,3.0,Cat_3,Active,Medium,Medium,High,16.2,170.1,2755.3,18.6,20.9,1,89.5,B
CUST_01590,Male,Yes,38,Yes,Healthcare,2.0,Low,4.0,Cat_6,Budget,Very High,Low,Medium,7.6,80.7,609.6,19.4,48.7,0,33.1,C
CUST_01591,Female,No,28,Yes,Artist,,Average,2.0,Cat_7,,High,Low,Low,3.0,102.7,308.0,26.0,44.8,0,43.6,C
CUST_01592,Female,No,53,No,Healthcare,0.0,Low,2.0,Cat_6,Casual,High,Low,Low,3.6,69.9,249.1,34.1,10.4,1,26.6,D
CUST_01593,Male,Yes,52,Yes,Doctor,7.0,High,2.0,,Active,Low,Very High,High,15.0,254.2,3800.5,7.1,11.1,0,83.1,A
CUST_01594,Female,Yes,54,No,Executive,,High,1.0,Cat_6,Luxury,Medium,Very High,Very High,18.6,213.6,3980.1,5.3,13.9,1,92.2,A
CUST_01595,Male,Yes,21,Yes,Artist,1.0,Low,6.0,Cat_1,Casual,Very High,Medium,Low,7.8,101.6,787.2,19.2,52.7,1,81.6,C
CUST_01596,Female,Yes,60,Yes,Entertainment,,Average,3.0,Cat_3,Luxury,Medium,Medium,Medium,10.0,206.8,2066.3,10.7,33.1,0,,B
CUST_01597,Male,Yes,32,Yes,Artist,0.0,High,,,,Low,High,High,14.7,103.6,1521.2,14.6,24.7,1,68.5,B
CUST_01598,Male,Yes,43,Yes,Engineer,3.0,Average,3.0,Cat_4,Luxury,Low,Very High,Very High,23.4,290.2,6784.7,2.0,22.4,1,,A
CUST_01599,Male,Yes,48,No,Lawyer,5.0,High,1.0,Cat_4,Luxury,Low,High,Very High,11.6,265.2,3084.8,12.8,15.3,1,100.0,A
CUST_01600,Female,No,67,No,Healthcare,4.0,Low,1.0,Cat_6,Casual,High,Low,Low,5.8,27.8,162.3,20.0,9.0,0,17.1,D
CUST_01601,Male,No,63,Yes,Executive,6.0,High,3.0,Cat_4,Luxury,Low,Very High,High,16.8,286.9,4811.3,10.0,14.6,1,88.7,A
CUST_01602,Male,Yes,33,No,Entertainment,3.0,Average,3.0,Cat_6,Luxury,Low,Medium,High,13.3,99.6,1327.2,12.5,37.0,0,52.2,B
CUST_01603,Female,Yes,32,Yes,Artist,3.0,Average,2.0,Cat_4,Casual,Medium,Very High,High,12.8,290.6,3715.2,6.0,14.0,1,91.5,A
CUST_01604,Female,Yes,43,Yes,Healthcare,3.0,High,4.0,Cat_6,Active,High,High,High,9.8,135.2,1324.8,11.5,8.0,1,65.7,B
CUST_01605,Male,Yes,46,Yes,Artist,4.0,Average,1.0,Cat_4,Casual,Medium,Very High,High,20.0,218.6,4378.5,8.6,14.6,1,76.0,A
CUST_01606,Female,Yes,53,Yes,Entertainment,0.0,High,3.0,Cat_3,Casual,High,Medium,High,11.1,163.8,1818.9,14.6,29.9,0,50.9,B
CUST_01607,Male,No,49,Yes,Engineer,9.0,High,1.0,Cat_6,Luxury,Medium,High,Medium,16.6,242.9,4020.8,5.9,16.8,1,78.3,A
CUST_01608,Male,Yes,18,No,Artist,2.0,Low,3.0,Cat_1,Casual,Very High,Medium,Low,9.2,44.1,403.9,14.1,51.2,1,53.6,C
CUST_01609,Female,Yes,58,Yes,Executive,6.0,High,2.0,Cat_6,Luxury,Medium,High,High,21.2,277.2,5872.7,6.3,5.8,1,97.7,A
CUST_01610,Male,No,33,Yes,Engineer,1.0,Average,3.0,,Casual,Medium,Medium,High,9.5,137.3,1310.7,13.4,32.8,1,65.2,B
CUST_01611,Male,No,82,No,Homemaker,3.0,Low,2.0,Cat_4,Budget,Very High,Low,Low,4.4,80.9,356.1,14.7,20.2,0,18.3,D
CUST_01612,Male,No,32,Yes,Artist,1.0,Low,3.0,Cat_7,Casual,Very High,Low,High,4.5,84.7,381.7,20.8,61.8,1,,C
CUST_01613,Male,No,41,Yes,Engineer,6.0,Average,4.0,Cat_6,Casual,Medium,High,High,9.8,153.4,1503.4,6.4,12.5,1,61.0,B
CUST_01614,Male,Yes,43,Yes,Artist,6.0,Average,2.0,Cat_3,Active,Low,High,High,8.1,188.9,1522.0,7.5,41.4,1,74.2,B
CUST_01615,Male,Yes,35,Yes,Entertainment,2.0,High,3.0,Cat_3,Active,Medium,Medium,Medium,7.8,173.0,1342.4,10.2,40.3,1,71.3,B
CUST_01616,Male,No,18,No,Healthcare,1.0,Low,4.0,Cat_1,Casual,High,Low,Medium,6.2,88.4,550.0,19.2,60.6,1,52.1,C
CUST_01617,Female,No,39,Yes,Artist,,Low,3.0,Cat_6,Casual,Very High,Low,Low,2.9,44.2,127.9,32.8,3.0,1,37.4,D
CUST_01618,Female,No,35,Yes,Artist,0.0,Low,6.0,Cat_7,Casual,High,Low,Medium,7.6,88.1,673.5,28.1,50.2,1,60.0,C
CUST_01619,Male,Yes,28,Yes,Healthcare,0.0,Average,1.0,Cat_6,Active,Low,High,Medium,8.9,153.8,1372.8,13.2,29.1,1,90.4,B
CUST_01620,Female,No,37,Yes,Healthcare,4.0,Low,2.0,Cat_6,Budget,High,Low,Low,10.4,90.9,940.6,19.5,30.1,0,82.1,C
CUST_01621,Female,Yes,24,Yes,Artist,1.0,Average,2.0,Cat_3,Luxury,Low,Medium,Medium,7.6,162.1,1230.2,13.0,11.3,1,,B
CUST_01622,Female,Yes,31,Yes,Doctor,11.0,Average,2.0,Cat_4,Luxury,Low,High,High,16.7,210.5,3522.5,5.7,7.0,0,91.0,A
CUST_01623,Female,Yes,44,No,Artist,1.0,High,1.0,Cat_5,Active,Medium,High,High,14.6,209.6,3066.4,6.1,16.4,1,80.3,B
CUST_01624,Male,No,39,No,Artist,0.0,Low,1.0,Cat_6,Casual,High,Low,Low,3.2,54.4,175.0,30.7,6.0,0,15.2,D
CUST_01625,Female,Yes,68,Yes,Engineer,9.0,Average,1.0,Cat_4,,Low,Very High,High,13.8,378.7,5232.5,7.0,12.2,1,81.9,A
CUST_01626,Male,No,29,Yes,Artist,4.0,Low,4.0,Cat_7,Budget,High,Medium,Medium,7.7,58.5,450.9,31.0,38.5,0,54.5,C
CUST_01627,Male,Yes,52,Yes,Doctor,7.0,High,2.0,Cat_4,Active,Low,High,Very High,17.5,329.6,5779.3,5.9,7.0,1,90.6,A
CUST_01628,Female,Yes,49,Yes,Artist,8.0,Low,4.0,Cat_6,Active,Medium,High,Medium,13.0,222.9,2901.0,12.3,24.2,0,60.4,B
CUST_01629,Female,No,54,No,Engineer,9.0,Average,1.0,Cat_6,Active,Low,High,Very High,16.9,201.4,3412.9,3.9,26.4,1,90.2,A
CUST_01630,Male,Yes,28,Yes,Entertainment,0.0,Average,3.0,Cat_5,Casual,Medium,High,Medium,9.2,85.6,783.5,14.5,30.8,0,71.1,B
CUST_01631,Female,Yes,18,Yes,Marketing,3.0,Low,4.0,Cat_6,Budget,Very High,Medium,Low,7.4,64.4,478.6,24.9,54.2,1,51.9,C
CUST_01632,Female,Yes,32,Yes,Healthcare,2.0,Low,5.0,Cat_3,Casual,Low,High,High,11.7,170.2,1990.8,12.7,33.0,0,75.0,B
CUST_01633,Female,No,18,No,Artist,0.0,Low,2.0,,Eco-conscious,High,Low,Low,11.9,57.9,686.1,16.9,55.7,1,62.6,C
CUST_01634,Female,No,33,Yes,Artist,0.0,Average,3.0,Cat_7,Casual,High,Low,Medium,8.2,98.5,811.2,16.9,41.9,0,36.3,C
CUST_01635,Male,Yes,33,Yes,Healthcare,,Low,1.0,Cat_4,Budget,Very High,Low,Low,0.5,41.9,21.0,35.7,3.9,0,27.6,D
CUST_01636,Male,No,54,No,Executive,3.0,Average,2.0,,,Medium,Very High,Very High,16.2,243.8,3937.3,11.4,11.8,0,96.7,A
CUST_01637,Male,Yes,43,No,Artist,4.0,Average,3.0,Cat_6,Active,Low,Medium,Medium,10.3,184.7,1898.1,6.3,33.1,0,82.1,B
CUST_01638,Male,No,39,Yes,Executive,6.0,High,2.0,Cat_6,Active,Low,Very High,Medium,17.7,284.6,5025.0,2.8,9.8,1,95.3,A
CUST_01639,Male,Yes,49,No,Healthcare,2.0,Low,2.0,Cat_6,Budget,Very High,Low,Very Low,5.4,51.1,275.5,33.0,14.7,0,27.2,D
CUST_01640,Male,Yes,20,No,Homemaker,0.0,Low,2.0,Cat_6,Budget,Very High,Low,Low,6.0,48.9,293.1,32.3,19.9,0,27.2,D
CUST_01641,Female,Yes,41,Yes,Entertainment,,Average,,Cat_6,Active,Medium,High,Medium,5.6,146.5,823.2,8.2,14.0,0,69.8,B
CUST_01642,Male,No,22,No,Healthcare,2.0,Low,2.0,Cat_1,Budget,Very High,Low,Low,6.9,87.8,605.9,18.2,40.0,1,41.1,C
CUST_01643,Male,Yes,36,No,Healthcare,0.0,High,4.0,Cat_5,Luxury,Low,High,High,10.4,160.8,1664.9,5.0,27.0,0,82.4,B
CUST_01644,Male,No,28,No,Healthcare,1.0,Low,,Cat_6,Eco-conscious,High,Low,Low,8.2,100.7,830.7,12.7,58.3,1,50.4,C
CUST_01645,Male,No,38,Yes,Engineer,1.0,High,3.0,Cat_6,Casual,Low,High,Very High,14.0,262.7,3682.8,3.1,12.7,1,85.1,A
CUST_01646,Female,Yes,35,No,Artist,2.0,Low,3.0,Cat_1,Casual,High,Low,Medium,6.1,92.5,561.9,26.9,55.6,0,67.4,C
CUST_01647,Male,No,48,Yes,Doctor,7.0,High,3.0,Cat_6,Active,Low,High,Very High,20.2,244.3,4945.1,7.0,16.0,1,94.3,A
CUST_01648,Female,No,27,Yes,Artist,6.0,Low,2.0,Cat_1,Casual,High,Medium,High,9.5,116.0,1103.2,17.6,57.8,0,50.8,C
CUST_01649,Male,Yes,31,No,Healthcare,1.0,Low,2.0,Cat_6,Casual,High,Medium,Medium,9.4,117.8,1108.3,16.9,48.2,1,41.5,C
CUST_01650,Female,No,33,Yes,Artist,1.0,Low,,Cat_6,Casual,High,Medium,High,4.9,86.6,424.9,14.8,50.8,1,43.8,C
CUST_01651,Male,No,45,No,Artist,5.0,High,4.0,Cat_6,Casual,Medium,High,Very High,22.6,256.0,5788.9,1.0,12.2,1,85.7,A
CUST_01652,Male,Yes,30,Yes,Artist,1.0,Average,3.0,Cat_3,Luxury,Medium,High,High,13.7,125.0,1708.0,13.6,15.2,1,73.1,B
CUST_01653,Female,Yes,48,Yes,Artist,3.0,High,4.0,Cat_5,Active,Medium,High,Medium,10.4,125.6,1309.4,15.2,33.8,0,58.7,B
CUST_01654,Male,Yes,37,Yes,Entertainment,2.0,Average,1.0,Cat_6,Casual,Medium,Medium,Medium,9.7,173.8,1688.4,15.7,22.0,0,53.6,B
CUST_01655,Female,Yes,51,No,Lawyer,8.0,High,,Cat_6,Active,Low,High,Very High,17.2,264.9,4545.4,6.0,23.8,1,85.7,A
CUST_01656,Male,No,39,No,Artist,4.0,Low,3.0,Cat_4,Casual,Very High,Low,Low,4.2,61.5,256.7,31.3,11.5,0,30.8,D
CUST_01657,Male,Yes,42,No,Healthcare,2.0,Average,3.0,,Luxury,Medium,High,High,9.0,139.7,1254.8,8.2,29.8,0,76.3,B
CUST_01658,Female,Yes,41,No,Healthcare,7.0,Average,3.0,Cat_5,Casual,High,Medium,High,7.7,183.5,1417.2,13.4,33.8,1,68.3,B
CUST_01659,Male,Yes,45,Yes,Engineer,3.0,High,2.0,Cat_6,Active,High,High,High,9.0,193.4,1739.3,14.3,26.2,1,59.5,B
CUST_01660,Male,Yes,35,Yes,Engineer,4.0,Low,4.0,Cat_6,Casual,Medium,High,Medium,11.9,147.7,1750.1,14.1,24.1,1,52.7,B
CUST_01661,Female,No,29,No,Artist,3.0,Low,5.0,Cat_1,Eco-conscious,High,Low,Medium,7.0,50.8,356.9,19.9,69.2,1,51.5,C
CUST_01662,Female,Yes,36,Yes,Artist,6.0,Average,2.0,Cat_6,Active,Medium,Medium,Medium,11.6,110.7,1282.7,13.8,29.1,1,83.5,B
CUST_01663,Male,Yes,49,No,Homemaker,3.0,Low,2.0,Cat_6,Budget,Very High,Very Low,Low,5.4,65.3,351.0,22.1,18.9,0,5.7,D
CUST_01664,Female,No,40,Yes,Entertainment,0.0,High,2.0,,Casual,Medium,Medium,Medium,9.8,197.8,1940.6,13.6,34.0,1,69.6,B
CUST_01665,Male,No,46,No,Healthcare,1.0,Average,4.0,Cat_5,Casual,High,Low,Low,4.6,73.8,337.4,25.5,8.5,0,23.8,D
CUST_01666,Female,No,21,No,Healthcare,4.0,Low,,Cat_1,Casual,High,Low,Low,8.2,104.8,854.8,17.1,33.3,1,45.6,C
CUST_01667,Female,No,60,Yes,Artist,8.0,High,1.0,Cat_2,Casual,Medium,Very High,Very High,16.9,201.4,3403.6,4.8,11.7,0,88.3,A
CUST_01668,Male,Yes,38,No,Artist,3.0,Low,1.0,Cat_4,Budget,High,Very Low,Very Low,3.2,67.5,213.9,33.6,16.2,0,31.5,D
CUST_01669,Male,Yes,64,Yes,Executive,7.0,High,1.0,Cat_6,Luxury,Low,Very High,High,18.5,196.4,3641.9,3.7,15.1,1,99.2,A
CUST_01670,Female,Yes,29,Yes,Homemaker,4.0,Low,5.0,Cat_7,Eco-conscious,High,Medium,Medium,5.9,102.4,600.4,19.7,52.7,0,59.9,C
CUST_01671,Female,No,31,Yes,Engineer,7.0,Low,3.0,Cat_3,,Medium,High,High,13.7,144.5,1982.5,17.8,22.4,1,88.0,B
CUST_01672,Male,No,52,Yes,Healthcare,0.0,Low,1.0,Cat_6,Casual,High,Low,Very Low,3.6,50.3,183.3,54.5,18.2,1,32.2,D
CUST_01673,Male,No,43,Yes,Homemaker,1.0,Low,2.0,Cat_6,Casual,High,Low,Low,3.0,39.7,117.8,43.0,19.9,1,26.1,D
CUST_01674,Female,Yes,41,No,Marketing,3.0,Average,3.0,Cat_1,Budget,Very High,Medium,Low,8.5,66.1,563.3,33.4,62.6,1,42.3,C
CUST_01675,Male,No,33,No,Marketing,2.0,Average,4.0,Cat_1,Casual,High,Medium,High,7.6,73.7,560.1,5.2,45.9,1,69.6,C
CUST_01676,Male,Yes,38,Yes,Entertainment,4.0,High,4.0,Cat_3,Active,Medium,Medium,Medium,6.3,123.3,778.1,9.3,24.6,1,58.8,B
CUST_01677,Male,Yes,36,Yes,Executive,7.0,High,2.0,Cat_6,Luxury,Medium,Very High,Very High,12.1,279.3,3391.5,3.0,2.2,1,83.8,A
CUST_01678,Male,Yes,44,Yes,Entertainment,4.0,Average,4.0,Cat_6,Casual,Medium,High,High,9.9,136.5,1356.4,11.9,27.5,1,72.1,B
CUST_01679,Female,Yes,52,Yes,Doctor,7.0,High,4.0,Cat_6,Luxury,Low,High,Very High,13.7,300.9,4114.7,7.9,18.7,0,,A
CUST_01680,Male,Yes,20,No,Healthcare,1.0,Low,1.0,Cat_6,Casual,High,Low,Medium,8.4,83.3,697.5,14.7,44.3,1,34.8,C
CUST_01681,Male,Yes,31,Yes,Engineer,3.0,Average,3.0,Cat_5,Active,High,Medium,Medium,10.3,153.6,1587.6,9.6,24.1,1,79.0,B
CUST_01682,Female,No,32,Yes,Homemaker,0.0,Low,3.0,Cat_5,Budget,High,Low,Low,1.7,59.4,99.6,41.2,19.9,0,5.0,D
CUST_01683,Male,Yes,34,Yes,Healthcare,1.0,Low,4.0,Cat_1,Eco-conscious,Very High,Medium,High,11.4,110.0,1255.6,19.5,40.8,0,49.9,C
CUST_01684,Male,Yes,25,Yes,Homemaker,0.0,Average,5.0,Cat_6,Casual,High,Medium,Medium,8.5,103.9,886.0,17.2,54.6,0,53.1,C
CUST_01685,Male,Yes,57,Yes,Executive,4.0,High,1.0,,Luxury,Low,Very High,Very High,17.7,283.0,5002.9,4.2,16.8,0,99.2,A
CUST_01686,Male,Yes,85,No,Healthcare,3.0,Low,1.0,Cat_4,Casual,High,Low,Low,3.4,38.8,131.6,20.9,8.7,0,21.4,D
CUST_01687,Male,No,28,Yes,Lawyer,0.0,Average,2.0,Cat_4,Budget,Very High,Very Low,Very Low,2.8,52.3,147.7,7.9,18.8,0,32.4,D
CUST_01688,Male,Yes,39,No,Artist,,High,5.0,Cat_6,Casual,Low,High,High,9.0,260.2,2347.9,14.3,31.2,1,66.0,B
CUST_01689,Female,Yes,32,No,Healthcare,0.0,Low,3.0,Cat_6,Budget,Very High,Medium,Medium,5.7,82.5,473.3,24.1,53.4,1,,C
CUST_01690,Male,Yes,22,No,Healthcare,1.0,Low,1.0,,Casual,High,Low,Medium,7.0,73.6,518.6,12.6,38.5,0,44.5,C
CUST_01691,Male,Yes,72,Yes,Executive,10.0,Average,,Cat_6,Active,Low,High,High,13.6,265.9,3612.8,4.6,5.3,1,88.6,A
CUST_01692,Female,Yes,48,Yes,Engineer,2.0,Average,,Cat_6,Luxury,Medium,Medium,High,9.2,199.0,1833.7,12.5,19.5,0,,B
CUST_01693,Female,Yes,30,Yes,Engineer,2.0,Average,3.0,Cat_6,,High,High,High,14.4,208.0,2996.7,15.1,27.0,1,80.3,B
CUST_01694,Female,Yes,46,Yes,Doctor,3.0,Average,2.0,Cat_6,Luxury,Low,High,High,17.1,287.9,4921.1,5.8,9.2,1,88.7,A
CUST_01695,Male,Yes,50,Yes,Engineer,2.0,Low,2.0,Cat_6,Luxury,Medium,Medium,Medium,8.9,144.9,1285.2,14.5,33.1,1,79.9,B
CUST_01696,Male,No,39,Yes,Lawyer,5.0,High,4.0,Cat_4,Casual,Low,High,Medium,13.1,190.2,2483.3,8.3,13.6,1,83.2,A
CUST_01697,Female,Yes,27,Yes,Doctor,8.0,Average,2.0,Cat_6,Luxury,Medium,High,Very High,14.7,253.0,3728.7,8.3,8.7,1,75.8,A
CUST_01698,Female,Yes,28,Yes,Lawyer,6.0,Average,2.0,Cat_2,Luxury,Low,High,Very High,17.9,271.4,4856.6,6.6,17.7,0,91.5,A
CUST_01699,Male,Yes,62,No,Homemaker,3.0,Low,,Cat_6,Budget,High,Low,Very Low,2.8,38.9,110.2,42.4,11.5,1,5.0,D
CUST_01700,Male,Yes,32,No,Artist,,High,4.0,Cat_5,Active,Low,Medium,Medium,9.0,233.3,2104.3,9.9,29.8,0,72.4,B
CUST_01701,Female,No,61,Yes,Healthcare,0.0,Average,1.0,,Budget,Very High,Very Low,Low,1.3,107.2,143.6,39.3,0.8,0,40.9,D
CUST_01702,Male,Yes,35,Yes,Artist,5.0,Average,3.0,Cat_3,Active,Medium,High,High,9.4,133.7,1255.8,16.4,38.4,0,68.8,B
CUST_01703,Female,Yes,61,No,Entertainment,8.0,Average,2.0,Cat_6,Luxury,Medium,High,Medium,8.2,157.6,1285.0,11.0,43.4,1,58.8,B
CUST_01704,Male,Yes,24,No,Artist,7.0,Average,2.0,Cat_6,Casual,Medium,Medium,High,11.9,168.6,2001.2,3.1,35.1,1,70.6,B
CUST_01705,Female,Yes,26,Yes,Entertainment,2.0,Average,1.0,Cat_6,Casual,High,Medium,Medium,12.9,221.2,2846.3,15.8,33.7,1,70.8,B
CUST_01706,Female,Yes,36,Yes,Engineer,4.0,High,3.0,Cat_6,Luxury,Medium,Very High,High,15.9,207.7,3300.2,6.4,13.8,1,85.5,A
CUST_01707,Male,No,36,No,Homemaker,1.0,Low,4.0,Cat_7,Casual,High,Low,Medium,3.9,112.2,435.2,22.3,46.4,0,49.7,C
CUST_01708,Female,Yes,28,Yes,Lawyer,1.0,High,2.0,Cat_6,Luxury,Medium,Very High,High,22.5,288.5,6491.0,9.7,13.3,1,79.3,A
CUST_01709,Male,Yes,33,Yes,Marketing,0.0,Low,5.0,Cat_1,Casual,High,Low,Low,11.5,116.6,1345.8,16.5,45.3,1,35.2,C
CUST_01710,Female,No,22,Yes,Marketing,0.0,Low,6.0,Cat_7,Budget,Very High,Medium,Low,5.8,118.8,685.5,12.2,44.0,1,64.1,C
CUST_01711,Male,Yes,51,Yes,Doctor,3.0,Average,2.0,Cat_6,,Medium,High,Very High,17.0,287.6,4879.9,7.9,17.3,0,66.3,A
CUST_01712,Female,No,39,Yes,Lawyer,10.0,Average,2.0,Cat_6,Luxury,Low,Very High,Medium,17.1,230.7,3945.0,8.8,16.2,1,86.2,A
CUST_01713,Female,No,18,No,Homemaker,0.0,Average,3.0,,Budget,High,Medium,Low,10.3,67.0,693.0,19.1,65.1,0,69.1,C
CUST_01714,Male,Yes,40,Yes,Entertainment,3.0,Average,3.0,Cat_6,Active,Medium,Medium,Medium,11.4,188.1,2138.5,14.5,22.4,0,78.7,B
CUST_01715,Male,No,31,Yes,Engineer,4.0,High,2.0,Cat_6,Luxury,Low,Very High,Very High,16.9,325.0,5482.1,4.4,6.3,1,83.9,A
CUST_01716,Male,No,49,No,Homemaker,0.0,Average,1.0,,Budget,High,Very Low,Low,3.9,85.6,332.5,36.1,9.6,0,,D
CUST_01717,Female,No,54,Yes,Artist,4.0,High,2.0,Cat_4,Luxury,Low,High,High,20.0,316.6,6329.9,2.1,7.1,1,93.4,A
CUST_01718,Female,Yes,33,Yes,Artist,2.0,Low,8.0,Cat_1,Eco-conscious,High,Medium,Medium,10.7,70.1,749.2,16.6,60.3,1,49.1,C
CUST_01719,Male,No,55,Yes,Lawyer,0.0,Low,1.0,Cat_4,Budget,Very High,Very Low,Very Low,3.3,30.9,101.2,16.9,14.7,0,35.7,D
CUST_01720,Male,No,32,No,Doctor,13.0,Average,4.0,Cat_6,Luxury,Low,Very High,High,13.7,311.8,4268.5,5.3,23.2,1,81.5,A
CUST_01721,Male,No,78,Yes,Doctor,9.0,High,5.0,Cat_4,Active,Low,Very High,Very High,20.8,274.1,5700.2,6.5,17.7,1,76.2,A
CUST_01722,Male,No,39,Yes,Doctor,4.0,High,3.0,Cat_6,Active,Low,Very High,High,21.4,313.9,6714.6,6.6,10.7,1,96.5,A
CUST_01723,Female,No,47,Yes,Entertainment,6.0,Average,2.0,Cat_3,Casual,Medium,High,Medium,7.9,140.6,1115.8,15.7,30.3,1,69.5,B
CUST_01724,Male,No,33,Yes,Engineer,3.0,High,2.0,,,Low,High,Very High,12.9,266.1,3426.4,8.0,18.5,0,89.8,A
CUST_01725,Female,No,40,Yes,Healthcare,4.0,Low,6.0,Cat_6,Casual,High,Low,Medium,6.1,88.6,537.3,20.3,39.1,0,45.6,C
CUST_01726,Female,Yes,44,Yes,Lawyer,1.0,High,3.0,Cat_2,Luxury,Low,High,Very High,19.5,307.1,5986.1,7.6,19.6,1,69.8,A
CUST_01727,Male,Yes,28,Yes,Engineer,4.0,High,3.0,Cat_6,Luxury,Medium,High,High,14.1,121.6,1711.5,9.9,21.3,1,63.3,B
CUST_01728,Male,No,33,Yes,Homemaker,1.0,Low,2.0,Cat_4,Budget,High,Low,Low,2.4,57.7,141.1,46.2,14.9,0,16.4,D
CUST_01729,Female,No,36,No,Healthcare,0.0,Average,2.0,Cat_7,Budget,Very High,Low,Medium,10.9,111.1,1208.5,10.3,49.8,1,49.2,C
CUST_01730,Female,No,40,No,Artist,2.0,Low,3.0,Cat_6,Eco-conscious,High,Low,Medium,5.9,96.1,562.1,20.0,38.9,0,48.5,C
CUST_01731,Male,Yes,37,Yes,Entertainment,5.0,Average,2.0,Cat_5,Casual,Medium,High,Medium,8.8,185.8,1638.8,16.7,27.3,0,57.9,B
CUST_01732,Female,Yes,20,Yes,Artist,2.0,Average,3.0,Cat_1,Eco-conscious,Very High,Low,Medium,4.4,42.1,185.8,27.1,55.9,1,43.9,C
CUST_01733,Female,Yes,34,Yes,Engineer,2.0,High,2.0,Cat_5,Luxury,Low,Medium,High,10.9,133.8,1457.7,7.8,28.1,1,77.7,B
CUST_01734,Male,Yes,35,Yes,Engineer,0.0,Average,5.0,Cat_6,Casual,Medium,High,Medium,12.5,137.1,1719.6,4.9,27.2,1,78.1,B
CUST_01735,Female,Yes,34,Yes,Doctor,10.0,High,2.0,Cat_6,Luxury,Low,Very High,High,18.4,272.4,5024.0,5.9,19.9,1,91.2,A
CUST_01736,Male,No,50,No,Healthcare,3.0,Low,1.0,Cat_4,Budget,Very High,Low,Low,4.3,39.9,172.3,32.0,2.9,0,26.6,D
CUST_01737,Male,Yes,42,Yes,Entertainment,5.0,High,,Cat_5,Luxury,Low,Medium,Medium,10.1,164.2,1661.9,17.2,32.1,0,65.4,B
CUST_01738,Male,No,49,Yes,Engineer,6.0,Average,,Cat_2,Luxury,Low,Very High,Very High,16.2,291.5,4732.8,5.7,17.3,1,83.1,A
CUST_01739,Female,Yes,32,No,Artist,0.0,Average,2.0,,Active,Medium,High,Medium,11.1,183.1,2039.5,17.2,41.2,1,78.5,B
CUST_01740,Female,Yes,47,Yes,Healthcare,8.0,Average,3.0,Cat_6,Active,Low,High,High,15.3,248.6,3807.6,11.6,7.4,1,73.7,B
CUST_01741,Female,Yes,31,Yes,Homemaker,0.0,Average,2.0,,Casual,High,Medium,Low,6.5,89.5,578.5,14.3,46.2,0,71.2,C
CUST_01742,Male,Yes,34,Yes,Healthcare,3.0,Low,5.0,Cat_1,Eco-conscious,High,Low,Low,11.9,50.6,601.9,26.4,61.5,0,66.8,C
CUST_01743,Male,No,34,Yes,Healthcare,4.0,Low,3.0,Cat_7,Budget,Very High,Medium,Low,9.7,51.8,504.0,23.4,46.1,1,49.8,C
CUST_01744,Female,Yes,38,No,Doctor,8.0,High,3.0,Cat_6,Active,Low,Very High,Very High,15.3,248.5,3804.2,7.9,22.7,1,95.4,A
CUST_01745,Male,No,38,Yes,Artist,7.0,Low,2.0,Cat_6,Luxury,Medium,Medium,Medium,12.2,160.0,1955.6,10.9,37.5,1,71.1,B
CUST_01746,Male,No,38,Yes,Engineer,1.0,Average,2.0,Cat_6,Casual,Low,High,High,10.3,152.0,1567.9,10.3,33.6,1,70.6,B
CUST_01747,Male,No,38,Yes,Lawyer,5.0,Average,2.0,Cat_2,Active,Medium,High,Very High,19.3,271.9,5254.1,10.2,11.2,1,81.8,A
CUST_01748,Male,Yes,43,Yes,Artist,4.0,Average,3.0,Cat_5,Active,Low,Medium,High,8.1,210.6,1715.9,9.1,25.4,1,73.4,B
CUST_01749,Female,Yes,24,No,Homemaker,0.0,Average,5.0,Cat_7,Casual,Very High,Medium,High,7.3,92.0,670.3,20.8,47.0,0,59.6,C
CUST_01750,Male,No,55,Yes,Doctor,9.0,High,3.0,Cat_6,Luxury,Low,High,High,22.8,318.6,7270.4,3.2,15.9,1,85.5,A
CUST_01751,Male,Yes,48,Yes,Entertainment,,High,2.0,Cat_5,Active,Medium,Medium,High,10.7,142.4,1523.1,12.4,27.9,0,73.8,B
CUST_01752,Male,Yes,45,Yes,Executive,8.0,Average,2.0,,Luxury,Low,High,High,16.0,252.8,4043.6,10.8,18.8,1,79.1,A
CUST_01753,Female,Yes,33,Yes,Doctor,,High,1.0,Cat_6,Luxury,Low,Very High,High,18.8,200.7,3779.8,7.5,19.9,1,92.9,A
CUST_01754,Male,Yes,43,Yes,Engineer,8.0,High,3.0,Cat_6,Active,Low,Very High,Medium,17.7,253.2,4475.3,10.1,12.2,1,83.9,A
CUST_01755,Male,No,35,No,Healthcare,3.0,Low,1.0,Cat_5,Budget,Very High,Low,Low,2.1,67.6,145.0,25.2,5.2,0,28.8,D
CUST_01756,Female,No,21,Yes,Artist,1.0,Low,6.0,Cat_7,Casual,Very High,Medium,Medium,7.1,65.5,462.0,22.1,67.0,1,34.2,C
CUST_01757,Female,Yes,54,No,Homemaker,3.0,Low,2.0,Cat_5,Casual,Very High,Low,Very Low,5.0,61.5,306.2,32.8,5.6,1,24.7,D
CUST_01758,Female,No,31,No,Entertainment,10.0,Average,5.0,Cat_5,Active,Low,Medium,High,12.1,166.7,2016.8,11.4,30.0,0,86.3,B
CUST_01759,Female,No,58,Yes,Engineer,9.0,Average,2.0,Cat_6,Active,Low,High,Very High,14.2,218.6,3103.8,2.2,13.0,1,100.0,A
CUST_01760,Female,Yes,40,No,Artist,2.0,High,2.0,Cat_6,Active,Low,High,High,8.1,94.7,770.2,12.6,24.8,1,65.8,B
CUST_01761,Female,No,45,Yes,Entertainment,7.0,High,3.0,Cat_3,Casual,High,Medium,High,8.9,143.9,1275.2,13.5,35.2,1,71.7,B
CUST_01762,Male,Yes,18,Yes,Artist,1.0,Low,5.0,Cat_1,Casual,Very High,Medium,Medium,11.1,89.7,993.3,14.6,50.3,0,50.1,C
CUST_01763,Male,Yes,39,No,Executive,8.0,Average,3.0,Cat_6,Luxury,Low,Very High,Very High,14.2,279.2,3968.5,1.4,22.5,1,88.2,A
CUST_01764,Male,Yes,46,No,Engineer,,Average,1.0,Cat_3,Casual,Low,High,Medium,9.1,127.6,1165.7,2.2,40.1,0,62.3,B
CUST_01765,Male,No,46,Yes,Engineer,9.0,High,3.0,Cat_6,Luxury,Low,High,Very High,15.7,333.6,5244.4,8.0,16.6,0,87.9,A
CUST_01766,Male,Yes,29,Yes,Artist,2.0,Average,3.0,Cat_6,Luxury,Medium,Medium,High,9.5,116.7,1104.0,15.1,26.3,0,56.0,B
CUST_01767,Female,Yes,34,No,Homemaker,3.0,Low,6.0,Cat_1,Eco-conscious,Very High,Medium,Medium,7.2,57.3,409.6,13.1,46.0,0,42.0,C
CUST_01768,Female,Yes,50,No,Healthcare,3.0,Average,2.0,Cat_6,Active,Low,High,High,12.4,154.2,1904.7,18.3,22.2,1,72.3,B
CUST_01769,Female,No,40,Yes,Artist,1.0,Average,3.0,Cat_6,Active,High,Medium,Medium,10.4,132.4,1376.6,16.3,29.9,1,74.9,B
CUST_01770,Male,Yes,37,Yes,Engineer,4.0,Low,3.0,Cat_3,Casual,Medium,Medium,High,13.7,157.9,2157.4,9.3,15.5,0,83.5,B
CUST_01771,Female,No,39,Yes,Artist,9.0,Average,3.0,Cat_3,Luxury,Medium,Medium,High,10.2,152.0,1552.9,9.8,34.6,0,62.7,B
CUST_01772,Female,Yes,30,Yes,Homemaker,3.0,Low,4.0,Cat_1,Eco-conscious,Very High,Medium,Low,6.3,95.4,599.0,21.8,51.7,0,32.9,C
CUST_01773,Male,No,57,No,Homemaker,2.0,Average,3.0,Cat_4,Casual,High,Very Low,Low,0.5,53.7,26.8,32.9,23.3,0,17.8,D
CUST_01774,Male,No,56,Yes,Artist,2.0,Low,2.0,Cat_5,Casual,High,Low,Very Low,0.5,60.2,30.1,33.7,9.6,1,37.0,D
CUST_01775,Male,No,22,Yes,Healthcare,4.0,Average,4.0,Cat_1,Budget,Very High,Low,Low,6.1,116.0,702.5,22.2,49.1,0,47.2,C
CUST_01776,Male,Yes,34,No,Healthcare,2.0,Average,3.0,Cat_6,Luxury,Medium,Medium,High,10.3,150.8,1549.1,10.1,19.2,0,84.6,B
CUST_01777,Male,Yes,18,Yes,Healthcare,2.0,Low,3.0,Cat_6,Casual,High,Low,Medium,6.2,69.9,430.1,11.9,44.6,0,44.3,C
CUST_01778,Male,Yes,37,No,Engineer,2.0,Average,4.0,Cat_5,Luxury,Medium,High,Medium,16.1,145.5,2337.6,9.2,26.7,1,87.8,B
CUST_01779,Female,Yes,72,Yes,Executive,5.0,High,1.0,Cat_6,Luxury,Low,Very High,High,15.7,361.9,5687.5,8.5,11.3,1,100.0,A
CUST_01780,Male,Yes,18,Yes,Artist,0.0,Low,1.0,Cat_7,Budget,Very High,Low,Medium,8.8,52.7,464.9,16.9,53.8,1,45.0,C
CUST_01781,Female,Yes,54,Yes,Doctor,4.0,High,2.0,Cat_6,Luxury,Low,High,High,20.6,336.3,6913.9,3.8,8.3,0,92.8,A
CUST_01782,Male,No,24,Yes,Homemaker,1.0,Low,2.0,Cat_6,Budget,Very High,Low,Low,3.0,53.4,161.0,52.7,1.8,0,28.5,D
CUST_01783,Male,Yes,27,Yes,Artist,0.0,Low,1.0,Cat_3,Active,Medium,Medium,High,6.3,172.8,1082.7,15.7,27.7,0,59.9,B
CUST_01784,Female,No,31,Yes,Healthcare,0.0,Average,1.0,Cat_1,Casual,Very High,Medium,Low,11.4,102.6,1169.0,14.1,41.6,0,52.2,C
CUST_01785,Female,No,32,No,Healthcare,1.0,Low,,Cat_6,Casual,Very High,Low,Low,6.4,37.9,243.1,20.9,49.1,1,29.1,C
CUST_01786,Male,Yes,71,Yes,Lawyer,2.0,Low,1.0,Cat_4,Casual,Very High,Very Low,Low,3.5,36.6,127.2,31.4,15.4,0,18.6,D
CUST_01787,Female,No,18,Yes,Marketing,0.0,Low,3.0,Cat_6,Casual,Very High,Medium,Medium,7.3,120.7,886.4,15.6,46.4,0,44.6,C
CUST_01788,Male,No,18,Yes,Artist,4.0,Low,3.0,Cat_7,Budget,High,Low,Low,10.0,80.0,802.9,14.7,58.4,1,34.5,C
CUST_01789,Male,Yes,43,Yes,Doctor,10.0,Average,1.0,Cat_6,Luxury,Low,Very High,Very High,16.4,206.9,3385.0,9.2,11.0,0,100.0,A
CUST_01790,Female,No,30,No,Artist,6.0,Average,4.0,Cat_6,Active,Medium,Medium,Medium,14.4,189.4,2724.6,14.4,26.5,1,64.7,B
CUST_01791,Female,Yes,69,Yes,Executive,9.0,High,1.0,Cat_6,Active,Low,Very High,High,20.2,349.2,7055.9,11.5,13.3,1,85.0,A
CUST_01792,Male,No,21,Yes,Marketing,0.0,Low,,Cat_6,Budget,High,Low,Medium,5.0,74.2,368.3,13.7,50.3,0,62.5,C
CUST_01793,Male,Yes,43,Yes,Artist,8.0,High,4.0,Cat_5,Luxury,Medium,High,High,14.4,146.8,2117.0,11.9,19.2,1,76.7,B
CUST_01794,Male,No,25,No,Artist,4.0,Average,1.0,Cat_6,Casual,Very High,Low,Medium,9.0,65.3,585.4,17.9,28.8,0,44.2,C
CUST_01795,Male,Yes,53,Yes,Executive,2.0,Average,3.0,Cat_4,Luxury,Low,High,Very High,20.6,248.8,5123.5,5.2,15.1,1,100.0,A
CUST_01796,Female,No,28,Yes,Artist,7.0,High,1.0,Cat_6,Active,Low,Very High,Medium,13.3,264.3,3522.4,9.1,16.5,1,80.8,A
CUST_01797,Male,Yes,32,No,Marketing,0.0,Low,3.0,Cat_7,Budget,Very High,Low,Medium,7.1,108.8,769.2,19.7,67.2,0,64.7,C
CUST_01798,Male,No,54,Yes,Executive,,High,1.0,Cat_6,Active,Low,Very High,Medium,13.9,330.7,4600.8,5.6,17.6,1,80.4,A
CUST_01799,Female,Yes,35,Yes,Executive,4.0,High,1.0,Cat_6,Luxury,Medium,High,Very High,14.1,324.3,4561.6,5.0,9.0,1,97.4,A
CUST_01800,Male,Yes,54,Yes,Doctor,4.0,High,2.0,Cat_4,Active,Low,High,High,12.4,266.4,3313.7,3.5,14.5,0,79.2,A
CUST_01801,Male,Yes,73,No,Healthcare,2.0,Low,1.0,Cat_6,Casual,High,Low,Low,4.1,27.3,112.9,9.6,10.4,0,39.3,D
CUST_01802,Female,Yes,18,No,Artist,2.0,Average,,Cat_6,Budget,High,Medium,Medium,8.7,92.2,805.9,13.9,46.4,1,,C
CUST_01803,Male,Yes,42,Yes,Artist,2.0,High,2.0,Cat_5,Active,Low,Medium,Medium,11.8,114.3,1344.8,10.5,34.4,0,64.3,B
CUST_01804,Male,Yes,34,Yes,Engineer,6.0,Average,3.0,Cat_6,Luxury,Medium,Medium,High,11.0,173.3,1902.7,16.6,22.1,1,70.5,B
CUST_01805,Male,Yes,50,No,Entertainment,,Average,2.0,Cat_6,Active,Low,Medium,Medium,5.5,108.2,591.0,19.9,36.7,0,77.1,B
CUST_01806,Male,No,25,Yes,Homemaker,2.0,Low,3.0,Cat_6,,High,Low,High,8.8,86.6,763.2,12.9,56.0,1,38.4,C
CUST_01807,Male,No,36,No,Artist,1.0,Average,4.0,Cat_6,Budget,High,Low,Medium,14.1,128.1,1805.6,20.7,50.8,0,58.3,C
CUST_01808,Female,Yes,27,Yes,Engineer,13.0,Average,2.0,Cat_6,Luxury,Low,Very High,Very High,15.5,412.1,6397.2,9.5,15.4,1,86.6,A
CUST_01809,Female,Yes,58,Yes,Lawyer,6.0,High,2.0,Cat_6,Casual,Low,Very High,High,14.8,250.4,3706.0,8.3,15.3,0,93.5,A
CUST_01810,Female,No,22,Yes,Engineer,10.0,High,2.0,Cat_6,Active,Low,Very High,Very High,15.8,473.4,7464.2,3.3,14.6,1,69.6,A
CUST_01811,Female,Yes,26,No,Healthcare,3.0,Low,5.0,,Budget,High,Medium,Low,9.1,113.1,1025.6,14.8,58.1,0,41.1,C
CUST_01812,Male,Yes,24,Yes,Healthcare,3.0,Average,3.0,Cat_1,Budget,High,Low,Medium,8.3,100.2,830.2,20.5,51.2,1,61.5,C
CUST_01813,Female,No,26,No,Entertainment,8.0,Low,2.0,Cat_5,Casual,Medium,Medium,High,13.5,151.5,2046.6,8.2,39.9,1,66.3,B
CUST_01814,Female,No,45,Yes,Artist,7.0,High,2.0,Cat_2,Luxury,Low,High,Medium,12.8,234.1,2986.0,4.3,5.3,1,92.4,A
CUST_01815,Female,Yes,32,Yes,Engineer,5.0,Average,3.0,Cat_4,Luxury,Low,High,Medium,16.7,221.0,3682.1,4.7,13.6,1,90.8,A
CUST_01816,Male,No,80,No,Lawyer,0.0,Low,1.0,Cat_5,Casual,High,Low,Very Low,3.7,42.4,157.0,5.0,18.4,0,29.6,D
CUST_01817,Male,Yes,53,Yes,Entertainment,0.0,High,4.0,Cat_6,Casual,Low,High,High,11.5,192.5,2219.5,10.7,32.5,1,83.8,B
CUST_01818,Female,Yes,37,Yes,Homemaker,2.0,Low,4.0,Cat_6,Casual,High,Low,Medium,6.6,80.7,535.9,18.8,52.2,0,63.6,C
CUST_01819,Female,Yes,24,Yes,Marketing,1.0,Low,4.0,Cat_6,Eco-conscious,Very High,Medium,Low,10.1,74.6,750.2,10.0,34.3,0,69.3,C
CUST_01820,Female,Yes,42,Yes,Engineer,3.0,Average,1.0,Cat_6,Active,Low,High,High,7.1,173.8,1231.2,16.8,29.5,1,70.2,B
CUST_01821,Male,No,49,Yes,Executive,6.0,High,2.0,Cat_6,Luxury,Low,Very High,Very High,19.4,242.2,4698.2,5.9,5.0,1,93.5,A
CUST_01822,Male,Yes,56,Yes,Engineer,4.0,High,2.0,Cat_6,Active,Medium,High,Very High,19.9,269.3,5373.0,12.7,24.7,1,90.7,A
CUST_01823,Male,Yes,27,Yes,Homemaker,0.0,Low,1.0,Cat_7,Casual,Very High,Low,Medium,7.3,75.4,552.5,12.1,38.4,0,53.9,C
CUST_01824,Female,No,24,Yes,Homemaker,1.0,Low,2.0,Cat_6,Budget,High,Medium,High,7.7,72.2,554.5,22.8,41.2,0,42.1,C
CUST_01825,Male,No,20,Yes,Healthcare,2.0,Average,4.0,Cat_1,Casual,High,Medium,High,4.2,125.4,529.9,23.3,54.5,1,42.0,C
CUST_01826,Male,Yes,47,No,Entertainment,3.0,High,3.0,Cat_3,Active,Medium,Medium,High,6.4,163.2,1043.7,8.8,29.5,0,65.4,B
CUST_01827,Male,No,39,Yes,Lawyer,10.0,High,3.0,Cat_6,Luxury,Low,Very High,Very High,17.8,225.7,4006.3,3.6,16.5,0,81.7,A
CUST_01828,Female,No,42,No,Homemaker,3.0,Low,1.0,Cat_6,Casual,Very High,Very Low,Low,2.9,68.6,196.5,27.2,13.3,0,12.7,D
CUST_01829,Male,No,18,No,Artist,2.0,Low,6.0,Cat_7,Casual,Very High,Low,Low,6.7,91.7,613.3,17.1,31.1,0,63.5,C
CUST_01830,Male,Yes,36,Yes,Artist,2.0,Average,1.0,Cat_6,Active,Medium,High,High,11.9,121.3,1441.6,11.8,13.1,0,65.2,B
CUST_01831,Female,Yes,85,Yes,Healthcare,3.0,Low,2.0,Cat_6,Casual,Very High,Low,Very Low,0.5,41.9,21.0,26.5,10.9,0,28.8,D
CUST_01832,Male,No,34,No,Artist,1.0,Low,4.0,Cat_1,Budget,High,Low,Low,8.4,78.7,664.4,8.6,48.4,0,47.2,C
CUST_01833,Male,No,24,Yes,Engineer,0.0,Average,2.0,Cat_5,Active,Low,High,High,5.5,137.2,750.1,12.3,13.8,0,76.4,B
CUST_01834,Female,Yes,30,No,Artist,0.0,Low,,Cat_6,Eco-conscious,Very High,Medium,Medium,4.9,116.3,564.3,21.5,49.1,1,39.7,C
CUST_01835,Female,No,31,No,Healthcare,0.0,Low,3.0,Cat_1,Casual,High,Low,Low,5.9,82.3,482.4,26.2,47.5,1,42.7,C
CUST_01836,Female,No,42,No,Artist,3.0,Low,7.0,Cat_6,Casual,High,Low,Medium,7.5,98.3,740.0,10.1,47.1,0,44.0,C
CUST_01837,Male,No,43,No,Engineer,12.0,Average,1.0,Cat_6,Luxury,Medium,High,High,11.7,302.5,3540.0,4.5,9.2,0,100.0,A
CUST_01838,Female,Yes,51,Yes,Engineer,1.0,Average,3.0,Cat_3,Active,Low,High,High,7.0,217.7,1532.0,14.2,24.5,1,86.8,B
CUST_01839,Female,No,35,No,Healthcare,0.0,Low,4.0,Cat_6,Casual,High,Low,Low,2.2,84.0,181.5,52.6,17.7,0,30.2,D
CUST_01840,Female,Yes,35,Yes,Doctor,3.0,Average,1.0,Cat_6,Luxury,Low,Very High,Very High,14.8,247.4,3649.5,10.1,14.7,0,86.4,A
CUST_01841,Male,No,42,Yes,Engineer,4.0,High,2.0,Cat_6,Active,Medium,High,High,11.5,156.4,1799.7,13.4,19.9,1,63.2,B
CUST_01842,Male,Yes,36,Yes,Artist,5.0,Average,2.0,Cat_6,Casual,Low,High,Medium,8.6,125.9,1082.7,11.0,36.7,1,51.0,B
CUST_01843,Female,Yes,38,Yes,Engineer,7.0,High,2.0,Cat_6,Casual,Medium,Medium,High,14.4,232.0,3345.4,9.8,18.2,0,80.2,B
CUST_01844,Female,No,41,Yes,Marketing,6.0,Low,4.0,Cat_6,Eco-conscious,Very High,Medium,High,6.1,82.4,499.2,13.1,58.2,1,58.6,C
CUST_01845,Female,No,52,No,Healthcare,3.0,Low,1.0,Cat_4,Casual,High,Low,Very Low,0.5,29.6,14.8,43.9,19.9,0,39.4,D
CUST_01846,Male,Yes,32,Yes,Lawyer,9.0,High,2.0,Cat_6,Luxury,Low,Very High,High,18.2,304.3,5531.3,7.0,7.8,1,100.0,A
CUST_01847,Female,Yes,54,Yes,Lawyer,6.0,Average,3.0,Cat_6,Luxury,Low,Very High,Very High,13.7,249.0,3409.5,5.4,15.0,1,98.5,A
CUST_01848,Male,No,48,Yes,Lawyer,5.0,High,2.0,Cat_6,Luxury,Medium,Very High,Very High,13.3,237.7,3157.3,5.9,13.2,1,91.4,A
CUST_01849,Male,Yes,63,No,Homemaker,3.0,Low,1.0,Cat_5,Budget,Very High,Low,Very Low,1.7,43.8,73.5,25.4,13.9,1,28.6,D
CUST_01850,Male,Yes,18,No,Healthcare,5.0,Low,2.0,Cat_1,Budget,Very High,Low,Medium,8.6,86.5,739.6,21.7,49.8,0,57.5,C
CUST_01851,Male,Yes,42,Yes,Artist,5.0,Low,,Cat_6,Active,Medium,Medium,Medium,8.0,127.3,1015.4,11.0,24.5,1,56.9,B
CUST_01852,Female,No,33,No,Healthcare,2.0,Low,2.0,Cat_7,Budget,High,Low,Low,9.2,56.1,518.9,19.6,25.6,0,,C
CUST_01853,Female,Yes,44,No,Homemaker,0.0,Low,1.0,Cat_4,Budget,High,Very Low,Low,4.9,67.2,329.5,45.8,14.0,1,9.7,D
CUST_01854,Female,No,28,Yes,Homemaker,0.0,Low,3.0,Cat_6,Casual,High,Low,Low,7.2,84.9,612.5,14.5,46.8,0,65.4,C
CUST_01855,Male,No,59,No,Artist,0.0,Low,3.0,,Budget,Very High,Low,Low,4.6,56.7,262.8,26.6,11.7,0,16.7,D
CUST_01856,Male,No,57,No,Executive,5.0,High,2.0,Cat_6,Luxury,Medium,Very High,Very High,19.6,319.1,6254.4,3.0,17.2,0,84.4,A
CUST_01857,Female,Yes,28,Yes,Marketing,2.0,Average,1.0,Cat_6,Eco-conscious,Very High,Low,Low,5.1,69.8,355.4,22.4,35.2,0,59.9,C
CUST_01858,Male,Yes,36,Yes,Entertainment,3.0,Average,,Cat_3,Active,Medium,High,High,16.3,212.1,3449.4,15.5,31.5,1,62.4,B
CUST_01859,Male,No,35,No,Artist,0.0,Low,2.0,Cat_1,Budget,Very High,Low,Low,7.1,76.9,546.4,16.2,44.7,0,55.0,C
CUST_01860,Female,No,40,Yes,Artist,2.0,Low,1.0,Cat_6,Casual,High,Low,Medium,9.4,99.7,939.8,22.8,35.4,0,55.7,C
CUST_01861,Male,Yes,19,Yes,Healthcare,1.0,Low,4.0,Cat_6,Casual,Very High,Low,Medium,8.2,60.0,492.8,20.2,51.8,0,15.0,C
CUST_01862,Male,No,19,No,Marketing,1.0,Average,1.0,Cat_1,Budget,Very High,Low,Low,5.0,87.4,434.6,5.2,42.7,0,55.2,C
CUST_01863,Male,No,52,No,Executive,7.0,High,3.0,Cat_6,Casual,Low,High,Medium,21.1,256.1,5411.8,5.3,5.4,0,95.7,A
CUST_01864,Female,Yes,30,Yes,Entertainment,4.0,Average,5.0,Cat_6,Luxury,Medium,High,Medium,15.4,120.9,1859.9,4.9,37.1,1,84.4,B
CUST_01865,Male,No,64,Yes,Homemaker,5.0,Low,1.0,Cat_6,Casual,Very High,Low,Very Low,1.2,35.8,42.8,32.6,13.2,0,11.9,D
CUST_01866,Female,No,62,No,Healthcare,2.0,Low,2.0,Cat_4,Casual,High,Low,Low,3.8,72.1,272.4,27.5,9.8,0,15.1,D
CUST_01867,Male,Yes,26,No,Doctor,3.0,Average,1.0,Cat_6,,Low,Very High,Very High,19.6,266.6,5220.2,2.8,5.5,0,76.1,A
CUST_01868,Male,Yes,54,Yes,Artist,4.0,Average,2.0,,Active,Low,High,High,15.9,320.0,5073.7,9.3,13.9,1,89.3,A
CUST_01869,Male,Yes,47,Yes,Engineer,7.0,Average,1.0,Cat_6,Casual,Low,Very High,Very High,25.7,238.2,6116.7,1.9,13.4,1,95.2,A
CUST_01870,Female,No,35,No,Healthcare,2.0,Low,4.0,Cat_6,Budget,Very High,Low,Low,7.8,101.8,795.9,15.4,55.5,1,58.6,C
CUST_01871,Male,No,20,Yes,Healthcare,1.0,Low,6.0,Cat_1,Eco-conscious,High,Low,Medium,8.9,52.6,467.0,13.0,54.3,0,46.8,C
CUST_01872,Female,Yes,70,No,Doctor,6.0,High,1.0,Cat_6,Luxury,Low,Very High,Very High,12.1,303.9,3686.6,7.3,21.4,0,96.5,A
CUST_01873,Female,No,27,No,Artist,3.0,Average,3.0,Cat_5,Active,Low,Medium,High,8.9,120.2,1071.9,17.8,18.9,0,78.1,B
CUST_01874,Male,No,34,Yes,Artist,0.0,Low,4.0,Cat_6,Budget,High,Low,Medium,6.5,89.6,580.5,23.3,53.2,0,41.2,C
CUST_01875,Male,No,25,Yes,Homemaker,1.0,Low,1.0,Cat_1,Casual,Very High,Low,Low,5.1,93.9,480.8,11.4,61.6,0,48.7,C
CUST_01876,Male,Yes,35,No,Engineer,3.0,Average,3.0,Cat_5,Active,Medium,High,High,8.1,222.4,1812.2,20.5,35.4,1,68.1,B
CUST_01877,Male,No,44,Yes,Artist,5.0,High,3.0,Cat_3,Luxury,Low,High,High,10.3,83.8,863.3,12.6,17.4,0,75.5,B
CUST_01878,Female,Yes,29,Yes,Artist,2.0,High,1.0,Cat_3,Active,Low,Medium,High,9.1,191.3,1736.7,13.4,24.0,1,56.1,B
CUST_01879,Male,Yes,32,Yes,Artist,,Average,4.0,Cat_6,Active,Medium,Medium,Medium,14.5,201.5,2912.6,10.1,27.5,0,80.5,B
CUST_01880,Male,Yes,30,No,Engineer,8.0,Average,3.0,Cat_6,Active,Medium,High,Medium,11.3,174.5,1972.9,10.3,16.0,1,74.1,B
CUST_01881,Female,Yes,24,No,Homemaker,4.0,Low,1.0,Cat_7,Budget,High,Low,Low,12.8,45.0,576.0,13.4,56.5,0,51.7,C
CUST_01882,Female,No,28,No,Healthcare,1.0,Low,1.0,Cat_6,Budget,Very High,Low,Very Low,1.3,76.3,100.3,27.8,10.2,0,24.7,D
CUST_01883,Female,Yes,26,No,Marketing,0.0,Low,4.0,Cat_6,,High,Low,High,9.1,93.6,848.0,12.3,32.5,0,48.3,C
CUST_01884,Female,No,30,Yes,Healthcare,4.0,Low,4.0,Cat_1,Budget,Very High,Low,Medium,4.0,104.9,420.4,28.0,54.1,0,46.1,C
CUST_01885,Male,Yes,42,Yes,Executive,5.0,High,3.0,Cat_6,Active,Medium,Very High,Very High,10.5,263.2,2770.2,5.6,21.3,1,77.2,A
CUST_01886,Male,No,34,Yes,Engineer,2.0,High,3.0,Cat_6,Luxury,High,High,Medium,7.7,144.3,1116.2,8.5,18.0,0,62.8,B
CUST_01887,Male,No,62,Yes,Lawyer,4.0,High,3.0,Cat_4,Casual,Low,Very High,Very High,18.5,229.9,4257.1,3.4,17.2,0,84.3,A
CUST_01888,Male,Yes,48,Yes,Executive,2.0,Average,2.0,Cat_6,Active,Low,High,High,13.4,336.0,4495.4,6.9,6.2,1,88.0,A
CUST_01889,Female,No,33,No,Marketing,2.0,Low,1.0,Cat_1,Casual,High,Low,Medium,8.2,90.4,742.6,16.1,44.2,1,35.1,C
CUST_01890,Male,Yes,56,No,Healthcare,2.0,Low,3.0,Cat_5,Budget,High,Low,Very Low,3.8,52.3,196.6,12.6,12.4,0,29.3,D
CUST_01891,Male,No,67,Yes,Lawyer,8.0,Average,2.0,Cat_6,Luxury,Medium,Very High,Very High,18.9,306.5,5806.8,4.5,15.4,1,88.7,A
CUST_01892,Female,Yes,36,Yes,Engineer,6.0,Average,2.0,Cat_6,,Medium,Medium,Medium,9.7,166.6,1617.9,13.0,32.5,0,76.8,B
CUST_01893,Male,Yes,33,No,Healthcare,1.0,Low,,Cat_1,Casual,High,Low,High,5.8,43.9,252.5,16.6,70.3,1,55.0,C
CUST_01894,Female,Yes,54,Yes,Engineer,4.0,Average,1.0,Cat_2,Luxury,Low,High,High,11.0,230.5,2538.9,3.6,11.6,0,86.7,A
CUST_01895,Male,Yes,49,No,Artist,6.0,Low,1.0,Cat_5,Active,High,High,Medium,15.7,198.6,3114.9,18.6,32.1,1,71.1,B
CUST_01896,Female,No,22,No,Artist,0.0,Average,4.0,Cat_6,Budget,Very High,Low,Medium,12.7,101.3,1282.0,13.1,37.3,0,58.8,C
CUST_01897,Female,Yes,32,No,Artist,2.0,Low,5.0,Cat_1,Casual,Very High,Low,Low,15.1,50.1,758.4,17.8,66.5,0,66.5,C
CUST_01898,Male,No,53,Yes,Lawyer,4.0,Average,1.0,,Casual,Low,Very High,Very High,12.5,299.5,3728.9,3.9,5.9,1,85.0,A
CUST_01899,Male,Yes,42,No,Engineer,4.0,High,2.0,Cat_3,Active,Medium,High,High,18.1,92.2,1671.3,15.1,28.8,0,75.7,B
CUST_01900,Male,No,29,Yes,Healthcare,3.0,Low,4.0,Cat_6,,Very High,Low,Low,11.2,58.5,657.1,11.6,47.0,1,63.2,C
CUST_01901,Male,No,39,No,Engineer,0.0,Average,4.0,Cat_5,Casual,Medium,High,High,7.7,171.2,1311.8,9.3,33.6,0,81.0,B
CUST_01902,Female,Yes,39,Yes,Artist,6.0,High,3.0,Cat_6,Casual,Low,High,High,13.0,281.9,3672.6,7.0,13.3,1,81.3,A
CUST_01903,Male,Yes,39,No,Artist,5.0,Average,1.0,Cat_1,Casual,High,Low,High,9.1,60.9,555.4,20.0,44.7,0,67.1,C
CUST_01904,Male,No,62,Yes,Executive,10.0,Average,1.0,Cat_6,Active,Low,Very High,Very High,15.8,251.6,3982.8,8.8,15.3,1,85.1,A
CUST_01905,Female,Yes,18,No,Healthcare,1.0,Average,3.0,Cat_6,Eco-conscious,High,Low,High,7.8,64.8,503.2,12.2,53.6,1,45.7,C
CUST_01906,Male,Yes,56,Yes,Lawyer,6.0,High,2.0,Cat_6,Luxury,Low,High,Very High,11.1,304.3,3390.3,3.8,10.8,1,80.6,A
CUST_01907,Male,No,33,No,Artist,2.0,Low,1.0,Cat_5,Budget,Very High,Low,Low,3.9,73.4,285.9,31.6,17.5,0,5.0,D
CUST_01908,Female,Yes,36,No,Engineer,3.0,Average,3.0,Cat_5,Luxury,Medium,Medium,High,13.3,168.0,2231.5,15.6,41.6,0,74.8,B
CUST_01909,Female,Yes,39,Yes,Entertainment,3.0,Average,4.0,Cat_3,Luxury,Medium,Medium,Medium,7.0,171.0,1190.1,13.1,27.5,1,72.3,B
CUST_01910,Female,No,63,Yes,Executive,7.0,High,1.0,Cat_6,Active,Medium,Very High,High,19.0,249.3,4725.7,4.2,20.4,1,91.6,A
CUST_01911,Male,Yes,32,Yes,Artist,6.0,Average,2.0,Cat_6,Active,Medium,High,Medium,11.1,167.4,1851.3,11.8,26.0,1,74.3,B
CUST_01912,Female,No,69,No,Homemaker,1.0,Average,2.0,Cat_6,Budget,High,Low,Low,3.3,74.0,244.1,8.7,8.8,0,34.9,D
CUST_01913,Female,No,38,No,Healthcare,1.0,Low,2.0,Cat_5,Budget,Very High,Very Low,Low,4.1,22.9,93.0,51.1,17.0,0,26.6,D
CUST_01914,Male,No,48,Yes,Artist,6.0,Average,4.0,Cat_3,Casual,Low,Medium,Medium,8.6,155.3,1337.4,9.3,30.1,1,55.0,B
CUST_01915,Female,Yes,45,Yes,Entertainment,2.0,Low,,Cat_3,Active,Low,High,High,13.5,177.6,2397.4,7.3,30.5,1,74.6,B
CUST_01916,Male,No,24,Yes,Healthcare,3.0,Low,4.0,Cat_6,Casual,Very High,Low,Medium,11.9,103.0,1230.7,24.8,48.5,0,82.4,C
CUST_01917,Male,No,46,No,Lawyer,1.0,Low,2.0,Cat_5,Casual,Very High,Very Low,Very Low,4.5,93.4,420.7,53.4,14.8,0,23.1,D
CUST_01918,Male,Yes,42,Yes,Artist,7.0,Average,1.0,Cat_5,Active,Low,Medium,High,6.4,141.7,901.1,6.9,38.9,1,63.6,B
CUST_01919,Female,No,30,Yes,Artist,3.0,Average,1.0,Cat_5,Active,Medium,Medium,High,16.1,148.7,2392.4,11.0,23.4,0,,B
CUST_01920,Male,Yes,42,Yes,Artist,3.0,Low,1.0,Cat_6,Luxury,Low,Medium,Medium,10.3,136.0,1396.5,11.1,27.9,1,79.8,B
CUST_01921,Female,Yes,36,Yes,Artist,0.0,Low,2.0,Cat_6,Eco-conscious,High,Low,Medium,8.8,92.6,816.7,9.4,47.6,0,63.7,C
CUST_01922,Female,Yes,72,Yes,Engineer,6.0,Average,1.0,Cat_6,Luxury,Low,High,Very High,16.0,225.6,3608.4,9.5,16.2,0,89.5,A
CUST_01923,Female,Yes,21,No,Healthcare,0.0,Low,4.0,Cat_1,Casual,High,Medium,Low,11.0,109.6,1200.7,4.7,43.7,1,29.7,C
CUST_01924,Female,Yes,33,Yes,Engineer,4.0,Average,1.0,,Luxury,Medium,Medium,Medium,5.1,205.3,1046.4,20.8,31.4,1,76.7,B
CUST_01925,Female,Yes,28,No,Homemaker,0.0,Low,3.0,Cat_1,Budget,High,Low,High,5.1,96.3,496.1,17.0,51.6,0,56.2,C
CUST_01926,Female,Yes,52,Yes,Executive,4.0,Average,1.0,Cat_4,Casual,Low,High,Very High,14.8,340.6,5036.7,6.3,9.0,0,93.4,A
CUST_01927,Female,Yes,32,Yes,Healthcare,1.0,Low,4.0,,Active,Low,Medium,Medium,13.0,162.4,2115.5,9.2,38.8,1,66.1,B
CUST_01928,Male,Yes,24,No,Engineer,3.0,Average,2.0,Cat_3,Casual,Medium,High,High,10.6,263.9,2801.9,11.1,20.4,1,64.9,B
CUST_01929,Male,Yes,23,Yes,Healthcare,4.0,Low,2.0,Cat_7,Budget,High,Low,Medium,7.4,96.4,714.9,26.7,46.1,0,43.2,C
CUST_01930,Male,Yes,35,Yes,Engineer,8.0,Average,1.0,Cat_4,Active,Low,Very High,High,21.4,237.6,5087.3,2.4,12.7,1,98.1,A
CUST_01931,Female,Yes,34,Yes,Artist,7.0,Average,3.0,Cat_3,Active,Medium,High,High,4.3,140.0,604.3,12.2,28.9,0,70.5,B
CUST_01932,Male,No,26,Yes,Entertainment,2.0,Average,2.0,Cat_3,Active,Medium,High,Medium,12.9,129.9,1672.4,14.4,38.2,1,66.0,B
CUST_01933,Female,No,56,Yes,Engineer,6.0,Average,1.0,Cat_5,Active,Low,High,High,13.0,135.8,1761.8,10.4,39.4,0,85.1,B
CUST_01934,Female,No,33,No,Homemaker,7.0,Low,4.0,Cat_6,Casual,Very High,Medium,Medium,6.8,58.1,394.4,16.2,45.8,0,,C
CUST_01935,Male,Yes,30,Yes,Artist,2.0,Low,5.0,Cat_1,Eco-conscious,Very High,Low,Medium,6.0,62.8,377.5,19.2,68.3,1,57.0,C
CUST_01936,Female,No,24,Yes,Healthcare,0.0,Low,2.0,Cat_7,Casual,Very High,Low,Low,6.4,61.7,392.3,11.2,51.6,0,36.1,C
CUST_01937,Female,Yes,24,Yes,Artist,7.0,Average,,Cat_6,Active,Medium,Medium,High,12.9,149.4,1932.5,10.5,25.8,1,87.0,B
CUST_01938,Female,No,28,No,Homemaker,1.0,Low,2.0,Cat_6,Eco-conscious,High,Low,Medium,2.4,87.6,210.6,19.5,46.2,1,38.5,C
CUST_01939,Female,Yes,36,Yes,Artist,2.0,Average,2.0,Cat_5,Active,Medium,Medium,Medium,7.5,100.8,759.8,12.2,14.9,1,75.5,B
CUST_01940,Female,No,42,Yes,Executive,,Average,3.0,Cat_6,Luxury,Low,High,Very High,13.7,362.7,4973.0,3.1,17.6,1,97.7,A
CUST_01941,Female,No,50,No,Executive,10.0,High,1.0,Cat_2,Luxury,Low,Very High,Very High,17.7,204.3,3622.7,10.8,17.6,1,83.8,A
CUST_01942,Female,Yes,24,Yes,Entertainment,3.0,Low,,Cat_6,Luxury,Low,High,High,6.1,193.4,1170.7,9.3,42.0,1,79.2,B
CUST_01943,Female,Yes,30,No,Marketing,3.0,Low,3.0,Cat_6,Eco-conscious,Very High,Low,Medium,9.3,92.8,865.7,7.5,42.9,1,44.1,C
CUST_01944,Male,No,18,Yes,Artist,2.0,Low,3.0,Cat_1,Budget,High,Low,High,8.5,96.7,826.1,18.6,45.0,0,67.0,C
CUST_01945,Male,No,22,Yes,Healthcare,0.0,Low,1.0,Cat_7,Budget,Very High,Low,Low,9.6,104.5,1006.2,20.0,44.6,1,39.0,C
CUST_01946,Male,Yes,39,Yes,Entertainment,6.0,Average,4.0,Cat_3,Casual,Medium,High,Medium,6.5,120.8,789.4,15.3,37.1,1,66.5,B
CUST_01947,Female,Yes,34,No,Healthcare,4.0,Average,2.0,Cat_6,Active,Medium,High,High,6.7,214.6,1427.7,19.7,38.6,0,71.8,B
CUST_01948,Male,Yes,43,No,Executive,6.0,High,2.0,Cat_6,,Medium,Very High,Very High,13.3,375.6,5002.2,3.9,17.6,1,83.7,A
CUST_01949,Male,Yes,41,Yes,Entertainment,2.0,Average,1.0,Cat_6,Casual,Medium,High,High,12.0,189.3,2266.9,10.0,27.2,0,78.8,B
CUST_01950,Female,Yes,37,Yes,Engineer,0.0,Average,5.0,Cat_6,Casual,High,Medium,High,9.4,164.3,1543.5,9.0,19.6,0,74.0,B
CUST_01951,Female,No,51,Yes,Artist,14.0,Average,,Cat_4,Luxury,Low,High,High,12.2,283.0,3459.8,5.9,18.2,0,86.9,A
CUST_01952,Male,No,60,Yes,Executive,3.0,Average,2.0,Cat_6,Luxury,Medium,Very High,Very High,19.6,224.4,4398.0,7.9,19.1,1,95.3,A
CUST_01953,Male,No,36,Yes,Engineer,0.0,Average,1.0,Cat_6,Active,Low,Medium,High,11.2,149.1,1676.9,21.9,35.0,1,72.2,B
CUST_01954,Female,No,25,Yes,Homemaker,1.0,Average,3.0,Cat_6,Eco-conscious,Very High,Low,Medium,9.0,53.8,486.2,20.4,58.2,0,60.7,C
CUST_01955,Male,No,68,No,Homemaker,1.0,Low,2.0,Cat_6,Budget,Very High,Low,Very Low,2.4,41.8,101.5,48.4,2.0,1,33.1,D
CUST_01956,Female,No,54,No,Healthcare,3.0,Average,2.0,Cat_6,Budget,High,Low,Low,4.1,39.7,162.7,46.9,13.9,0,11.6,D
CUST_01957,Female,Yes,34,No,Homemaker,1.0,Low,3.0,Cat_1,Casual,High,Low,Medium,10.4,119.7,1244.8,16.0,47.6,1,,C
CUST_01958,Male,Yes,49,No,Entertainment,4.0,Average,3.0,Cat_6,Luxury,Low,Medium,High,15.8,176.2,2784.5,14.1,20.0,1,61.7,B
CUST_01959,Male,No,25,Yes,Artist,,Low,3.0,Cat_7,Eco-conscious,Very High,Low,High,6.7,58.3,392.5,18.4,52.8,1,54.8,C
CUST_01960,Male,Yes,27,Yes,Marketing,1.0,Average,1.0,Cat_6,Casual,Very High,Low,Medium,8.7,115.2,997.6,10.9,54.1,0,,C
CUST_01961,Male,Yes,63,No,Lawyer,6.0,High,3.0,Cat_2,Luxury,Low,High,Very High,14.7,191.2,2806.8,5.9,16.8,1,79.0,A
CUST_01962,Female,No,44,Yes,Artist,2.0,Low,3.0,Cat_6,Casual,Low,Medium,High,7.1,193.4,1365.8,18.8,11.6,1,64.2,B
CUST_01963,Male,Yes,29,No,Artist,2.0,Low,4.0,Cat_6,Budget,High,Low,Medium,8.5,91.0,771.7,22.6,46.6,0,24.8,C
CUST_01964,Male,Yes,36,Yes,Healthcare,0.0,Average,2.0,Cat_3,Casual,Medium,High,Medium,8.0,193.8,1554.6,14.6,36.6,1,80.0,B
CUST_01965,Female,No,35,No,Artist,0.0,High,2.0,Cat_6,Casual,Low,High,Medium,8.0,126.4,1006.9,12.7,25.3,1,74.1,B
CUST_01966,Male,No,31,No,Engineer,8.0,Low,3.0,Cat_3,Casual,High,Medium,High,16.3,142.2,2311.1,7.8,32.4,1,76.6,B
CUST_01967,Male,Yes,47,No,Lawyer,,Average,2.0,,Luxury,Low,Very High,Very High,13.0,289.3,3770.4,8.5,18.8,1,97.1,A
CUST_01968,Female,No,26,Yes,Engineer,3.0,Average,2.0,Cat_6,Casual,Medium,Medium,High,9.9,191.8,1903.0,13.9,24.4,1,73.5,B
CUST_01969,Female,Yes,40,No,Entertainment,3.0,Low,2.0,Cat_3,Casual,Medium,High,High,13.9,178.1,2473.7,14.1,31.5,0,64.1,B
CUST_01970,Male,Yes,57,Yes,Executive,4.0,High,2.0,Cat_6,Casual,Low,High,Very High,17.6,319.2,5617.0,5.0,11.6,1,95.7,A
CUST_01971,Male,No,51,No,Executive,4.0,Average,2.0,Cat_4,Luxury,Low,High,Very High,15.2,186.4,2842.8,8.5,25.2,1,70.6,A
CUST_01972,Male,No,48,Yes,Healthcare,0.0,Low,5.0,Cat_7,Budget,Very High,Low,Low,4.9,110.9,548.2,26.3,45.7,1,56.5,C
CUST_01973,Male,Yes,35,Yes,Entertainment,6.0,Average,2.0,Cat_3,Active,Medium,High,Medium,7.2,188.5,1365.0,13.3,37.6,0,86.9,B
CUST_01974,Male,Yes,24,Yes,Engineer,6.0,Average,3.0,Cat_6,,High,Medium,Medium,11.8,177.0,2083.8,10.9,25.2,1,75.4,B
CUST_01975,Male,Yes,37,No,Entertainment,4.0,Average,2.0,Cat_6,Luxury,Medium,High,Medium,12.1,205.4,2485.5,18.3,31.1,1,74.9,B
CUST_01976,Male,No,50,No,Artist,0.0,Low,1.0,Cat_4,Budget,High,Very Low,Very Low,3.8,41.2,157.4,20.9,17.7,0,20.1,D
CUST_01977,Female,No,43,Yes,Engineer,2.0,Average,3.0,,Active,Medium,Medium,Medium,12.5,158.8,1990.6,11.1,13.0,0,72.9,B
CUST_01978,Male,No,24,Yes,Engineer,6.0,Average,2.0,Cat_3,Casual,Medium,High,Medium,15.2,199.3,3039.2,7.1,25.3,1,69.0,B
CUST_01979,Male,Yes,40,No,Homemaker,1.0,Low,1.0,Cat_5,Budget,High,Very Low,Very Low,3.8,57.5,217.1,25.0,12.5,0,6.4,D
CUST_01980,Female,Yes,25,Yes,Healthcare,2.0,Low,2.0,Cat_7,Budget,High,Medium,High,7.8,93.0,729.9,12.5,35.9,1,55.2,C
CUST_01981,Female,Yes,38,Yes,Doctor,9.0,Average,3.0,Cat_6,Active,Medium,High,Very High,14.9,285.7,4257.8,1.6,22.8,1,85.2,A
CUST_01982,Female,Yes,28,No,Artist,0.0,Low,4.0,Cat_6,Casual,High,Low,Medium,8.1,51.7,419.8,16.4,34.3,1,65.7,C
CUST_01983,Male,Yes,48,No,Entertainment,5.0,Average,3.0,Cat_3,Casual,Low,High,Medium,10.8,151.3,1637.2,8.8,33.8,1,52.4,B
CUST_01984,Male,Yes,24,Yes,Entertainment,,Average,3.0,Cat_6,Active,Medium,Medium,High,17.1,169.2,2896.9,8.2,25.8,0,79.3,B
CUST_01985,Female,No,44,Yes,Artist,10.0,High,1.0,Cat_6,Active,Low,Very High,Very High,21.3,267.5,5693.0,5.6,22.7,0,88.6,A
CUST_01986,Male,No,43,Yes,Executive,8.0,High,1.0,Cat_6,Luxury,Low,High,High,17.8,211.8,3773.8,8.3,24.3,1,85.2,A
CUST_01987,Male,No,41,Yes,Homemaker,0.0,Low,,Cat_1,Budget,High,Low,High,9.6,115.6,1110.2,13.0,51.7,1,41.9,C
CUST_01988,Female,Yes,26,Yes,Engineer,3.0,Average,,Cat_5,Casual,Low,High,Medium,12.6,140.8,1774.7,11.1,22.5,0,79.6,B
CUST_01989,Male,Yes,47,Yes,Artist,5.0,High,2.0,Cat_3,Casual,Medium,High,High,10.9,195.8,2133.7,16.2,32.2,0,78.8,B
CUST_01990,Male,Yes,26,No,Marketing,2.0,Low,4.0,Cat_1,Budget,High,Medium,Low,3.1,83.6,255.3,17.0,35.6,1,52.6,C
CUST_01991,Male,No,27,Yes,Homemaker,0.0,Low,4.0,Cat_1,Casual,Very High,Low,Low,10.5,150.6,1577.1,21.7,60.7,0,57.2,C
CUST_01992,Male,Yes,45,Yes,Lawyer,6.0,Average,1.0,Cat_4,Luxury,Medium,Very High,Very High,15.7,214.5,3376.8,4.5,6.1,0,90.0,A
CUST_01993,Female,No,23,Yes,Homemaker,4.0,Low,4.0,Cat_7,Casual,High,Medium,Medium,5.5,70.0,386.8,16.8,47.6,0,50.1,C
CUST_01994,Male,No,56,No,Engineer,12.0,Average,3.0,Cat_6,Casual,Low,Very High,Very High,13.4,249.5,3337.8,4.5,19.9,1,87.4,A
CUST_01995,Male,No,30,Yes,Healthcare,1.0,Low,3.0,Cat_7,Eco-conscious,High,Medium,High,8.6,66.3,569.0,16.7,47.4,0,65.2,C
CUST_01996,Female,Yes,41,Yes,Healthcare,1.0,Low,4.0,Cat_1,Budget,High,Low,Low,8.1,96.4,778.2,20.5,47.3,0,52.8,C
CUST_01997,Female,Yes,72,No,Healthcare,0.0,Average,2.0,Cat_6,Casual,High,Low,Low,4.3,63.3,275.0,23.7,7.7,1,23.7,D
CUST_01998,Female,Yes,53,Yes,Executive,2.0,High,2.0,Cat_4,Luxury,Low,High,High,19.2,272.1,5228.2,5.6,14.6,1,90.0,A
CUST_01999,Male,Yes,34,Yes,Executive,8.0,High,,Cat_4,,Low,High,Very High,18.3,295.4,5396.5,9.4,18.9,1,98.4,A
CUST_02000,Male,Yes,24,Yes,Engineer,0.0,Low,4.0,Cat_5,,Medium,Medium,High,11.5,98.8,1131.2,11.5,37.9,1,72.7,B
CUST_02001,Male,Yes,42,Yes,Entertainment,,Average,,Cat_3,Luxury,Low,High,Medium,11.3,169.1,1905.8,7.6,34.5,1,74.5,B
CUST_02002,Female,No,44,No,Doctor,6.0,Average,1.0,Cat_4,Luxury,Low,High,Medium,17.4,222.4,3858.3,6.0,20.0,1,86.3,A
CUST_02003,Male,Yes,40,No,Artist,1.0,Low,1.0,Cat_4,Budget,High,Low,Low,3.9,39.1,153.3,31.2,7.8,0,30.4,D
CUST_02004,Male,Yes,33,Yes,Executive,9.0,High,2.0,Cat_6,Luxury,Low,Very High,High,15.5,357.6,5543.3,8.5,18.8,1,,A
CUST_02005,Female,Yes,37,Yes,Healthcare,4.0,High,2.0,Cat_5,Luxury,Medium,High,Medium,15.6,169.5,2649.5,14.4,27.0,0,75.8,B
CUST_02006,Male,Yes,44,Yes,Marketing,1.0,Average,3.0,Cat_6,Budget,Very High,Low,Low,8.2,120.2,987.8,19.3,64.2,1,44.8,C
CUST_02007,Male,No,37,Yes,Healthcare,2.0,Low,,Cat_3,Luxury,Low,Medium,High,8.7,213.4,1859.9,16.4,32.3,0,65.6,B
CUST_02008,Female,Yes,28,Yes,Marketing,0.0,Low,2.0,Cat_1,,High,Low,Low,10.4,94.4,985.6,13.7,42.8,1,60.2,C
CUST_02009,Male,Yes,52,No,Lawyer,11.0,Average,3.0,Cat_6,Luxury,Medium,High,Very High,18.1,263.5,4773.8,8.4,19.5,1,76.2,A
CUST_02010,Male,Yes,38,No,Entertainment,6.0,Average,1.0,Cat_6,Casual,Medium,High,High,9.0,176.7,1588.4,15.0,25.0,1,85.8,B
CUST_02011,Male,Yes,35,Yes,Executive,8.0,High,1.0,Cat_6,Active,Low,Very High,High,16.5,232.5,3834.3,8.9,19.1,0,81.5,A
CUST_02012,Male,Yes,40,Yes,Artist,4.0,Average,1.0,Cat_6,Luxury,Low,Very High,Very High,19.4,240.0,4656.1,6.8,18.8,1,94.4,A
CUST_02013,Male,Yes,64,No,Homemaker,0.0,Low,1.0,Cat_6,,Very High,Low,Very Low,2.9,35.1,102.3,38.9,3.1,0,52.1,D
CUST_02014,Male,No,54,Yes,Artist,10.0,High,2.0,Cat_2,,Medium,Very High,Very High,16.9,224.3,3794.3,9.0,10.9,0,94.4,A
CUST_02015,Male,Yes,35,Yes,Artist,4.0,Average,5.0,Cat_5,,Medium,High,High,15.0,102.4,1540.5,14.3,18.6,0,92.6,B
CUST_02016,Female,No,47,Yes,Artist,4.0,Average,4.0,Cat_6,Active,Low,High,High,10.8,198.7,2139.5,2.1,37.2,1,75.5,B
CUST_02017,Female,No,33,Yes,Artist,5.0,Low,3.0,Cat_5,Active,Low,Medium,Medium,15.0,164.9,2476.1,13.8,26.7,0,58.1,B
CUST_02018,Female,No,52,No,Healthcare,0.0,Low,2.0,,Casual,Very High,Low,Low,1.2,65.9,78.7,41.5,5.5,0,30.9,D
CUST_02019,Male,Yes,36,Yes,Artist,2.0,Average,3.0,Cat_4,Active,Low,High,High,19.9,280.4,5567.7,7.2,14.5,1,88.4,A
CUST_02020,Male,No,35,Yes,Artist,2.0,Average,5.0,Cat_1,Casual,High,Low,Low,5.9,83.0,486.9,15.1,39.1,1,58.0,C
CUST_02021,Male,No,55,No,Artist,1.0,Low,,Cat_4,Budget,High,Very Low,Low,3.8,22.0,84.6,55.1,18.0,0,20.5,D
CUST_02022,Female,Yes,38,No,Artist,0.0,Low,4.0,Cat_6,Casual,Low,Medium,High,12.6,205.8,2601.0,7.5,27.2,1,79.2,B
CUST_02023,Female,Yes,43,Yes,Healthcare,1.0,Low,1.0,Cat_6,Budget,Very High,Low,Low,4.7,43.7,205.1,32.7,12.2,0,28.2,D
CUST_02024,Male,Yes,39,Yes,Executive,4.0,Average,2.0,Cat_6,Active,Low,Very High,Very High,19.4,193.4,3744.0,3.9,13.2,1,95.7,A
CUST_02025,Male,Yes,24,Yes,Artist,5.0,High,2.0,Cat_5,Casual,High,Medium,Medium,6.9,195.9,1347.4,9.3,33.6,0,88.7,B
CUST_02026,Female,Yes,33,No,Healthcare,3.0,High,1.0,Cat_6,Casual,High,High,High,9.8,117.7,1151.3,8.1,23.3,1,,B
CUST_02027,Male,No,34,Yes,Healthcare,0.0,Low,2.0,Cat_6,Casual,High,Low,Low,8.9,79.9,714.7,14.1,40.8,1,72.5,C
CUST_02028,Female,Yes,40,No,Artist,0.0,Low,2.0,Cat_4,Budget,Very High,Low,Low,3.6,39.9,143.7,25.2,15.4,1,19.6,D
CUST_02029,Male,Yes,51,Yes,Engineer,12.0,Average,2.0,Cat_6,Luxury,Medium,High,High,15.8,312.9,4938.6,4.0,18.2,1,86.6,A
CUST_02030,Male,No,34,Yes,Marketing,3.0,Low,5.0,Cat_7,Casual,High,Low,Low,11.8,76.3,899.4,14.7,38.3,1,63.0,C
CUST_02031,Female,Yes,38,Yes,Doctor,1.0,Average,1.0,Cat_6,Luxury,Low,High,Very High,20.9,325.4,6813.4,8.0,13.2,1,90.9,A
CUST_02032,Male,No,26,No,Engineer,3.0,Average,1.0,Cat_5,Active,Low,Medium,High,10.6,129.0,1361.6,10.8,22.9,0,60.8,B
CUST_02033,Male,Yes,49,No,Entertainment,,Low,2.0,Cat_6,Active,Medium,Medium,High,14.3,160.6,2300.6,13.6,12.2,1,77.1,B
CUST_02034,Female,Yes,62,No,Healthcare,2.0,Low,1.0,Cat_4,Budget,High,Low,Low,0.5,39.2,19.6,30.4,8.9,0,34.0,D
CUST_02035,Male,No,26,Yes,Artist,2.0,Low,6.0,Cat_6,Eco-conscious,High,Low,High,6.2,77.7,482.5,8.7,39.3,1,52.5,C
CUST_02036,Male,Yes,36,No,Engineer,5.0,Average,4.0,Cat_5,Casual,Medium,High,Medium,11.8,191.6,2262.2,10.6,35.8,1,75.0,B
CUST_02037,Female,Yes,43,Yes,Doctor,,Average,3.0,,Casual,Low,High,Very High,21.0,273.4,5740.0,9.5,8.5,0,99.2,A
CUST_02038,Male,No,54,Yes,Executive,4.0,Average,3.0,Cat_2,Luxury,Low,Very High,Very High,19.5,334.6,6535.1,3.6,10.3,1,80.0,A
CUST_02039,Male,Yes,57,Yes,Executive,5.0,High,2.0,Cat_6,Luxury,Medium,Very High,Very High,16.3,270.7,4402.4,7.9,21.1,1,97.8,A
CUST_02040,Male,Yes,51,Yes,Executive,4.0,High,1.0,Cat_4,Active,Low,High,Very High,18.4,265.4,4882.2,8.1,19.9,1,,A
CUST_02041,Male,No,18,No,Homemaker,3.0,Low,2.0,Cat_7,Casual,High,Low,High,12.1,60.5,734.4,14.3,31.2,1,51.1,C
CUST_02042,Female,Yes,24,Yes,Engineer,4.0,High,2.0,Cat_6,Active,Medium,Medium,Medium,9.2,121.5,1119.2,11.1,31.4,1,72.8,B
CUST_02043,Male,Yes,24,No,Artist,2.0,Average,2.0,Cat_6,Casual,Medium,Medium,Medium,9.8,168.9,1651.3,6.1,36.2,1,72.6,B
CUST_02044,Male,No,42,Yes,Executive,5.0,High,2.0,Cat_6,Luxury,Medium,High,Very High,20.8,327.4,6795.6,4.6,9.2,1,74.3,A
CUST_02045,Male,No,51,No,Healthcare,4.0,Low,1.0,Cat_6,,High,Very Low,Low,2.7,62.6,168.2,15.4,9.7,0,22.5,D
CUST_02046,Female,Yes,33,Yes,Homemaker,0.0,Average,3.0,Cat_7,Casual,High,Low,Medium,7.5,124.8,936.1,6.0,63.2,0,19.4,C
CUST_02047,Female,Yes,35,Yes,Executive,6.0,Average,2.0,Cat_6,Active,Low,High,High,15.8,237.9,3760.9,8.5,5.7,1,88.3,A
CUST_02048,Female,Yes,18,Yes,Artist,0.0,Low,4.0,Cat_6,Eco-conscious,Very High,Low,Medium,6.0,120.4,719.3,26.4,52.6,0,59.3,C
CUST_02049,Female,Yes,29,Yes,Artist,0.0,High,2.0,Cat_5,Active,Low,High,Medium,9.9,161.2,1594.2,9.2,26.4,1,66.6,B
CUST_02050,Female,No,42,Yes,Executive,4.0,Average,3.0,Cat_6,Luxury,Low,High,High,16.1,255.3,4114.1,2.3,4.1,1,80.5,A
CUST_02051,Female,Yes,31,Yes,Engineer,2.0,High,3.0,Cat_6,Casual,Medium,High,High,12.6,213.9,2695.7,11.5,28.4,1,80.0,B
CUST_02052,Male,Yes,36,Yes,Engineer,5.0,Average,1.0,Cat_3,Casual,Low,Medium,Medium,16.7,182.9,3059.0,7.6,22.5,0,76.5,B
CUST_02053,Male,No,53,Yes,Doctor,4.0,High,2.0,Cat_4,Luxury,Low,Very High,High,13.6,282.1,3840.7,6.9,5.7,1,76.8,A
CUST_02054,Female,No,43,No,Healthcare,4.0,Low,2.0,Cat_4,Budget,High,Low,Very Low,3.6,60.8,216.7,20.2,6.3,0,43.7,D
CUST_02055,Female,Yes,39,Yes,Artist,3.0,Low,3.0,Cat_6,Casual,High,Low,Medium,9.1,104.7,949.5,15.4,47.3,0,64.4,C
CUST_02056,Male,No,25,No,Artist,0.0,Low,4.0,Cat_1,Casual,Very High,Low,Low,8.8,65.1,576.2,28.0,50.0,0,67.7,C
CUST_02057,Female,Yes,33,No,Entertainment,4.0,Low,4.0,Cat_3,Active,Medium,High,Medium,11.0,155.1,1704.5,18.4,29.2,0,66.7,B
CUST_02058,Male,No,45,No,Healthcare,3.0,High,3.0,Cat_3,Active,Medium,High,Medium,10.4,183.6,1905.1,21.8,26.8,0,59.9,B
CUST_02059,Female,Yes,29,Yes,Marketing,7.0,Low,7.0,Cat_6,Casual,High,Low,Medium,8.0,88.9,709.8,20.3,38.8,0,61.7,C
CUST_02060,Male,Yes,50,Yes,Artist,7.0,Average,4.0,Cat_6,Active,Low,High,High,12.5,184.7,2316.2,13.6,32.2,1,71.8,B
CUST_02061,Male,Yes,49,Yes,Doctor,10.0,High,1.0,Cat_6,Luxury,Medium,High,Very High,14.4,183.1,2642.8,9.6,24.5,1,95.3,A
CUST_02062,Female,No,40,Yes,Engineer,2.0,Low,1.0,Cat_3,Casual,High,High,Medium,14.5,175.2,2548.2,16.8,20.5,1,71.5,B
CUST_02063,Female,No,28,No,Homemaker,4.0,Low,,Cat_6,Casual,High,Medium,Medium,5.2,88.5,460.5,17.8,53.9,1,61.2,C
CUST_02064,Female,Yes,28,Yes,Healthcare,9.0,Average,2.0,Cat_3,Active,Low,High,High,7.1,206.0,1464.6,15.2,20.4,0,67.3,B
CUST_02065,Female,No,48,Yes,Doctor,7.0,High,1.0,Cat_6,Luxury,Low,Very High,High,17.2,286.8,4924.9,8.5,12.2,1,97.6,A
CUST_02066,Male,Yes,22,Yes,Healthcare,4.0,Average,3.0,Cat_7,Casual,Very High,Medium,Medium,5.3,67.0,357.1,18.7,53.1,1,47.6,C
CUST_02067,Female,Yes,39,Yes,Executive,9.0,High,1.0,Cat_2,,Low,Very High,Medium,12.7,339.0,4310.1,8.7,13.5,1,72.4,A
CUST_02068,Female,Yes,30,Yes,Artist,5.0,Average,2.0,Cat_3,Casual,Medium,High,High,9.9,133.8,1320.3,12.6,18.1,1,67.8,B
CUST_02069,Female,Yes,40,Yes,Doctor,5.0,High,3.0,Cat_6,Active,Low,High,Medium,14.1,240.7,3382.6,9.5,16.7,1,78.0,A
CUST_02070,Male,No,38,Yes,Engineer,2.0,Average,3.0,Cat_3,Active,Medium,High,High,10.7,137.8,1471.2,15.3,36.8,1,59.9,B
CUST_02071,Female,No,29,Yes,Artist,,Low,6.0,Cat_7,Casual,Very High,Medium,Medium,10.5,82.6,870.9,20.0,56.8,0,61.9,C
CUST_02072,Male,Yes,38,Yes,Artist,0.0,Average,4.0,Cat_6,Active,High,High,Medium,12.7,128.0,1623.4,12.6,30.2,0,72.9,B
CUST_02073,Female,Yes,35,Yes,Artist,2.0,High,1.0,Cat_6,Luxury,Low,Very High,High,10.2,191.7,1953.0,9.2,21.2,1,97.8,A
CUST_02074,Male,Yes,33,No,Lawyer,1.0,Low,1.0,Cat_6,Casual,High,Low,Low,4.2,71.2,299.6,27.7,6.4,0,30.0,D
CUST_02075,Female,Yes,58,Yes,Homemaker,0.0,Average,3.0,,Budget,Very High,Very Low,Low,3.7,35.2,131.1,39.3,18.1,0,26.4,D
CUST_02076,Female,Yes,46,No,Lawyer,0.0,Average,2.0,Cat_4,Budget,Very High,Very Low,Low,3.3,45.5,150.9,25.0,15.8,0,25.6,D
CUST_02077,Male,No,25,Yes,Executive,13.0,Average,2.0,Cat_6,,Low,High,Very High,15.6,333.5,5212.1,6.7,28.7,1,96.8,A
CUST_02078,Male,Yes,53,No,Artist,2.0,Average,3.0,Cat_5,Active,Low,High,Medium,16.2,222.7,3608.3,10.2,19.9,1,69.0,B
CUST_02079,Male,No,57,Yes,Healthcare,0.0,Low,1.0,Cat_6,Budget,Very High,Very Low,Low,2.4,54.8,131.7,55.7,16.3,0,17.4,D
CUST_02080,Female,No,33,Yes,Healthcare,3.0,Low,,,,High,Low,Low,5.8,96.2,560.8,20.3,55.3,1,55.9,C
CUST_02081,Female,Yes,55,Yes,Engineer,11.0,High,1.0,Cat_6,Luxury,Low,Very High,High,16.4,297.6,4869.3,6.4,7.2,1,76.0,A
CUST_02082,Male,Yes,52,No,Lawyer,7.0,Average,3.0,Cat_4,Luxury,Low,Very High,High,16.5,292.8,4825.1,8.1,19.9,1,85.5,A
CUST_02083,Female,Yes,31,Yes,Engineer,5.0,Average,4.0,Cat_6,Casual,High,Medium,High,9.5,141.8,1351.3,6.8,31.2,1,59.4,B
CUST_02084,Male,No,27,No,Healthcare,0.0,Low,1.0,Cat_5,Budget,Very High,Low,Very Low,4.7,97.2,453.9,17.7,10.4,0,13.8,D
CUST_02085,Female,Yes,47,Yes,Entertainment,2.0,High,3.0,Cat_5,,Medium,Medium,High,18.6,137.4,2555.6,13.8,31.8,1,77.6,B
CUST_02086,Female,No,46,Yes,Healthcare,3.0,High,4.0,Cat_6,Active,Medium,High,High,10.1,191.4,1928.0,11.6,37.1,0,74.3,B
CUST_02087,Male,No,46,Yes,Doctor,4.0,High,2.0,Cat_4,Luxury,Low,High,Very High,16.9,358.8,6065.1,6.1,12.0,0,100.0,A
CUST_02088,Female,No,24,Yes,Marketing,0.0,Average,,Cat_6,Casual,High,Low,Medium,11.0,71.9,786.8,13.5,44.1,0,27.3,C
CUST_02089,Male,Yes,34,Yes,Artist,3.0,Low,3.0,Cat_7,Casual,Very High,Medium,Medium,5.1,132.0,670.2,21.3,44.3,0,47.8,C
CUST_02090,Female,Yes,46,Yes,Artist,7.0,Low,3.0,Cat_6,Luxury,Low,High,Medium,9.5,185.4,1760.9,8.4,27.0,1,79.8,B
CUST_02091,Female,Yes,18,No,Marketing,3.0,Low,4.0,Cat_6,Budget,High,Medium,High,6.8,93.0,629.6,12.1,43.9,1,53.6,C
CUST_02092,Male,No,51,No,Homemaker,0.0,Low,3.0,Cat_4,Casual,High,Low,Low,5.6,43.1,239.8,32.0,12.9,1,42.5,D
CUST_02093,Female,No,50,Yes,Doctor,4.0,High,2.0,Cat_2,Luxury,Low,High,Very High,16.1,370.0,5949.4,7.0,19.9,1,99.0,A
CUST_02094,Female,Yes,42,Yes,Entertainment,8.0,Average,2.0,Cat_6,Active,Medium,High,High,11.2,218.8,2441.8,1.7,18.5,0,95.0,B
CUST_02095,Male,Yes,61,Yes,Engineer,3.0,High,1.0,Cat_3,Casual,Medium,High,Medium,13.1,207.2,2706.7,6.6,21.7,1,61.9,B
CUST_02096,Female,No,41,Yes,Homemaker,5.0,Low,5.0,Cat_6,Budget,High,Low,Low,8.6,115.5,992.8,19.9,46.7,0,40.4,C
CUST_02097,Female,Yes,32,No,Engineer,3.0,Low,3.0,Cat_6,Casual,Low,Medium,High,11.0,166.9,1828.6,11.6,22.3,1,87.7,B
CUST_02098,Male,No,40,Yes,Marketing,1.0,Low,5.0,Cat_1,Casual,Very High,Medium,Medium,4.0,103.8,417.0,24.5,50.5,0,54.1,C
CUST_02099,Male,No,33,Yes,Marketing,5.0,Low,2.0,Cat_7,Casual,Very High,Low,Low,11.8,123.0,1450.3,16.7,38.0,0,53.1,C
CUST_02100,Female,No,40,No,Artist,3.0,High,2.0,Cat_5,,Medium,Medium,Medium,10.8,159.6,1716.5,10.0,37.9,0,77.4,B
CUST_02101,Male,No,58,No,Homemaker,0.0,Low,1.0,,Budget,High,Low,Very Low,1.8,71.2,125.1,24.9,4.0,0,27.1,D
CUST_02102,Male,Yes,30,No,Healthcare,6.0,High,1.0,,Active,High,High,Medium,8.6,208.1,1781.7,14.3,44.2,0,79.1,B
CUST_02103,Male,Yes,41,Yes,Executive,0.0,High,2.0,Cat_4,Luxury,Low,Very High,High,21.6,248.9,5373.0,5.7,15.9,1,87.4,A
CUST_02104,Male,No,21,Yes,Healthcare,0.0,Low,2.0,Cat_7,Casual,High,Medium,High,7.2,90.7,651.4,23.0,34.5,1,53.9,C
CUST_02105,Female,No,22,Yes,Healthcare,3.0,Low,4.0,Cat_1,Casual,High,Low,High,6.3,101.0,637.7,3.4,40.7,1,68.9,C
CUST_02106,Female,Yes,49,Yes,Entertainment,6.0,Low,3.0,Cat_3,Active,Low,Medium,Medium,7.5,192.6,1443.0,10.0,16.3,1,66.2,B
CUST_02107,Female,No,51,Yes,Healthcare,1.0,Low,3.0,Cat_5,Budget,Very High,Low,Low,3.0,37.1,112.9,21.1,3.4,0,19.5,D
CUST_02108,Male,No,33,Yes,Artist,1.0,Low,2.0,Cat_5,Budget,High,Low,Very Low,2.3,86.2,194.4,41.6,16.5,0,16.3,D
CUST_02109,Male,Yes,48,Yes,Engineer,5.0,Average,,Cat_6,Active,Low,Medium,High,8.6,133.1,1141.5,13.1,36.1,0,69.4,B
CUST_02110,Male,Yes,45,Yes,Healthcare,4.0,Low,2.0,Cat_6,Budget,Very High,Low,Very Low,3.5,75.3,261.7,25.3,10.5,0,18.8,D
CUST_02111,Male,Yes,36,Yes,Engineer,,High,1.0,Cat_6,Active,Medium,Very High,High,16.0,320.8,5128.5,7.4,14.6,0,95.5,A
CUST_02112,Female,Yes,69,Yes,Engineer,8.0,High,1.0,Cat_6,Luxury,Low,Very High,High,20.6,243.3,5012.4,10.5,14.0,0,82.2,A
CUST_02113,Female,No,54,Yes,Executive,8.0,High,3.0,Cat_4,Luxury,Low,Very High,Very High,8.6,310.8,2677.5,7.6,20.4,1,89.2,A
CUST_02114,Female,Yes,43,No,Healthcare,1.0,Low,1.0,Cat_6,Budget,High,Low,Very Low,1.1,74.8,84.8,21.1,8.7,0,30.1,D
CUST_02115,Female,No,29,No,Marketing,0.0,Average,2.0,Cat_7,Casual,High,Low,Low,7.8,68.7,534.1,21.7,50.5,0,43.8,C
CUST_02116,Female,Yes,41,Yes,Doctor,7.0,Average,1.0,Cat_6,Luxury,Low,Very High,Very High,13.5,270.7,3664.4,9.4,22.1,1,100.0,A
CUST_02117,Female,Yes,41,Yes,Artist,0.0,Average,3.0,Cat_6,,Medium,High,High,10.6,134.0,1423.1,7.8,26.8,1,62.3,B
CUST_02118,Female,Yes,29,No,Artist,3.0,Low,4.0,Cat_7,Budget,Very High,Low,Medium,7.4,67.4,495.4,21.3,49.6,1,28.5,C
CUST_02119,Female,Yes,46,Yes,Lawyer,8.0,High,1.0,Cat_6,Luxury,Low,Very High,Very High,21.1,182.2,3835.4,6.1,11.7,1,90.6,A
CUST_02120,Male,No,56,Yes,Healthcare,3.0,Low,3.0,Cat_5,Budget,High,Very Low,Low,4.5,53.9,243.3,27.7,8.5,1,12.2,D
CUST_02121,Male,No,23,Yes,Healthcare,0.0,Low,5.0,Cat_1,Casual,High,Low,Low,10.4,58.8,608.9,30.1,46.2,1,,C
CUST_02122,Female,Yes,37,Yes,Engineer,4.0,Average,,Cat_3,Casual,Medium,High,Medium,11.3,173.7,1962.2,16.7,43.5,1,56.9,B
CUST_02123,Male,Yes,18,No,Healthcare,2.0,Low,1.0,Cat_4,Budget,Very High,Very Low,Low,4.1,66.3,270.0,24.3,22.7,0,11.1,D
CUST_02124,Female,Yes,54,Yes,Engineer,2.0,High,4.0,Cat_3,Active,Medium,Medium,High,9.5,132.2,1253.6,14.3,23.0,0,82.6,B
CUST_02125,Male,No,33,Yes,Homemaker,3.0,Average,1.0,Cat_4,Budget,High,Low,Very Low,3.1,107.7,329.5,30.0,8.0,0,9.3,D
CUST_02126,Female,Yes,21,No,Homemaker,3.0,Average,1.0,Cat_1,Casual,High,Low,Low,7.5,84.6,635.6,18.5,41.0,1,53.9,C
CUST_02127,Female,No,29,No,Artist,4.0,Average,5.0,Cat_1,Eco-conscious,Very High,Medium,Low,7.0,95.1,663.2,21.9,52.0,1,39.9,C
CUST_02128,Female,Yes,47,Yes,Artist,7.0,High,4.0,Cat_6,Luxury,Low,High,Very High,16.0,281.4,4489.0,3.1,6.2,1,75.1,A
CUST_02129,Female,Yes,45,Yes,Healthcare,0.0,Low,1.0,Cat_6,Budget,Very High,Very Low,Low,1.1,42.1,47.2,35.6,15.9,0,46.1,D
CUST_02130,Male,Yes,42,No,Entertainment,1.0,Average,1.0,Cat_3,Active,Medium,Medium,High,7.2,168.4,1215.9,5.4,27.0,1,71.6,B
CUST_02131,Male,No,35,Yes,Executive,9.0,Average,2.0,Cat_4,Luxury,Medium,Very High,Very High,17.1,269.8,4608.8,5.5,7.3,1,,A
CUST_02132,Male,No,70,Yes,Lawyer,9.0,High,2.0,Cat_4,Luxury,Low,Very High,Very High,15.3,268.4,4094.2,7.5,20.9,1,92.8,A
CUST_02133,Male,Yes,28,Yes,Engineer,6.0,Average,2.0,Cat_6,Casual,Medium,Medium,High,8.1,180.2,1451.8,11.1,24.5,1,76.9,B
CUST_02134,Female,Yes,42,Yes,Entertainment,2.0,Average,3.0,Cat_6,,Medium,High,High,10.2,150.7,1532.8,15.8,26.2,1,74.6,B
CUST_02135,Female,Yes,32,No,Homemaker,1.0,Average,5.0,Cat_1,,High,Medium,Low,8.0,95.1,758.7,8.7,61.6,0,38.1,C
CUST_02136,Male,Yes,51,No,Healthcare,0.0,Low,1.0,Cat_6,Budget,Very High,Very Low,Low,4.5,54.3,241.8,45.2,16.8,0,18.2,D
CUST_02137,Male,No,33,Yes,Artist,7.0,High,2.0,Cat_6,Active,Low,High,High,16.7,292.8,4887.6,8.6,16.7,1,93.9,A
CUST_02138,Female,Yes,19,No,Artist,2.0,Low,3.0,Cat_6,Budget,High,Medium,Medium,5.8,98.5,566.7,14.4,40.3,0,48.6,C
CUST_02139,Male,Yes,39,Yes,Lawyer,6.0,High,1.0,Cat_6,Luxury,Low,Very High,Medium,15.9,330.9,5252.6,4.3,14.0,1,79.5,A
CUST_02140,Male,No,34,No,Lawyer,2.0,Low,1.0,Cat_6,Budget,Very High,Low,Low,3.1,55.3,170.3,39.7,7.4,0,40.6,D
CUST_02141,Male,Yes,34,Yes,Homemaker,7.0,Low,2.0,Cat_7,Casual,High,Low,High,8.9,81.2,720.5,19.6,44.3,1,55.2,C
CUST_02142,Female,Yes,41,No,Engineer,,Average,3.0,Cat_5,Casual,Medium,High,Medium,8.9,123.7,1097.0,8.0,28.3,1,55.4,B
CUST_02143,Female,No,39,Yes,Homemaker,0.0,Low,3.0,Cat_1,Budget,High,Low,Medium,8.2,48.0,392.7,9.3,64.9,1,36.5,C
CUST_02144,Male,Yes,50,No,Entertainment,8.0,Average,1.0,Cat_6,Luxury,Medium,Medium,Medium,15.5,156.9,2430.3,12.1,28.3,0,73.1,B
CUST_02145,Male,Yes,34,Yes,Artist,1.0,Average,,,Active,Medium,Medium,High,8.8,140.1,1235.1,14.2,38.6,0,83.9,B
CUST_02146,Male,Yes,27,No,Homemaker,4.0,Low,5.0,Cat_1,Budget,Very High,Low,Medium,10.5,80.2,841.6,18.5,57.3,0,49.5,C
CUST_02147,Female,Yes,29,Yes,Entertainment,,Average,2.0,Cat_3,Casual,Medium,High,High,8.0,160.4,1286.0,17.3,34.2,0,54.5,B
CUST_02148,Female,Yes,33,Yes,Healthcare,4.0,High,4.0,Cat_6,Active,Medium,Medium,Medium,10.0,191.2,1907.1,12.2,29.4,0,75.9,B
CUST_02149,Female,Yes,24,Yes,Entertainment,2.0,Average,1.0,Cat_6,Active,Low,Medium,Medium,9.8,172.0,1692.1,12.7,32.2,1,47.4,B
CUST_02150,Female,Yes,37,No,Artist,2.0,Low,3.0,Cat_1,Eco-conscious,Very High,Low,Medium,9.1,121.1,1098.4,12.5,50.3,0,60.1,C
CUST_02151,Male,Yes,40,Yes,Engineer,5.0,Average,4.0,Cat_6,Active,Low,High,High,11.6,163.9,1895.0,7.2,34.4,1,73.8,B
CUST_02152,Female,Yes,58,Yes,Engineer,10.0,High,4.0,Cat_4,Casual,Medium,High,High,19.5,279.7,5460.7,6.1,19.8,1,85.5,A
CUST_02153,Female,Yes,37,Yes,Marketing,2.0,Low,4.0,Cat_1,Budget,Very High,Low,Medium,7.9,70.7,556.2,14.7,56.2,1,46.1,C
CUST_02154,Male,No,25,No,Marketing,1.0,Low,2.0,Cat_1,Budget,Very High,Medium,High,4.7,71.2,337.8,30.2,58.4,1,66.9,C
CUST_02155,Male,Yes,44,Yes,Doctor,9.0,Average,3.0,Cat_6,Luxury,Low,Very High,High,14.1,333.2,4702.0,6.1,12.5,1,89.4,A
CUST_02156,Female,Yes,59,Yes,Engineer,11.0,Average,1.0,Cat_4,Luxury,Medium,High,Medium,14.4,368.9,5296.0,3.5,13.1,1,92.0,A
CUST_02157,Male,No,80,Yes,Engineer,8.0,High,4.0,Cat_6,Active,Low,High,Very High,19.1,348.2,6650.2,6.4,17.3,1,96.2,A
CUST_02158,Male,Yes,43,No,Artist,0.0,Average,3.0,Cat_3,Luxury,High,Medium,High,6.8,135.7,923.7,15.7,27.7,0,83.9,B
CUST_02159,Female,No,39,Yes,Artist,4.0,High,3.0,Cat_5,Luxury,Medium,Medium,Medium,16.0,208.2,3333.3,11.5,27.6,1,62.0,B
CUST_02160,Female,Yes,21,No,Healthcare,0.0,Average,6.0,Cat_1,Eco-conscious,High,Low,High,6.6,102.2,675.4,22.5,50.6,1,29.7,C
CUST_02161,Male,No,23,No,Healthcare,,Low,3.0,Cat_6,Casual,High,Low,Medium,9.6,84.3,809.1,18.0,43.7,1,46.5,C
CUST_02162,Male,Yes,29,No,Marketing,,Low,5.0,Cat_1,Eco-conscious,High,Low,Medium,10.9,81.3,888.8,25.3,46.4,0,62.0,C
CUST_02163,Male,Yes,31,Yes,Engineer,7.0,High,4.0,Cat_5,Active,Medium,Medium,High,11.5,151.1,1742.4,12.4,37.7,1,,B
CUST_02164,Female,No,20,Yes,Homemaker,4.0,Low,1.0,Cat_1,Budget,Very High,Medium,High,9.8,82.4,803.9,18.2,61.1,1,70.4,C
CUST_02165,Male,Yes,43,No,Engineer,4.0,High,1.0,Cat_6,Active,Medium,Medium,High,13.4,135.2,1818.0,9.7,22.1,1,76.9,B
CUST_02166,Male,No,72,No,Healthcare,0.0,Low,3.0,Cat_4,Budget,Very High,Low,Low,2.8,81.7,226.0,43.6,19.0,1,41.7,D
CUST_02167,Female,Yes,27,Yes,Marketing,2.0,Low,4.0,Cat_6,Casual,High,Low,Medium,6.5,89.6,583.7,18.0,44.2,0,39.6,C
CUST_02168,Male,No,60,Yes,Doctor,6.0,Average,2.0,Cat_6,Active,Low,Very High,Very High,19.7,259.7,5119.3,10.8,13.9,1,96.3,A
CUST_02169,Male,No,24,Yes,Artist,0.0,Low,2.0,Cat_6,Eco-conscious,High,Low,Medium,7.3,135.8,995.5,20.0,31.6,0,35.2,C
CUST_02170,Female,No,40,Yes,Artist,1.0,Average,6.0,Cat_3,Casual,Medium,Medium,Medium,10.5,158.0,1653.0,10.6,27.7,0,86.7,B
CUST_02171,Female,No,28,Yes,Healthcare,2.0,Low,5.0,Cat_7,Eco-conscious,High,Medium,Low,6.7,84.9,571.5,9.3,46.0,0,66.1,C
CUST_02172,Female,Yes,62,Yes,Doctor,12.0,Average,3.0,Cat_4,Luxury,Medium,High,Very High,10.4,264.5,2757.7,9.6,8.6,1,89.1,A
CUST_02173,Female,No,41,No,Doctor,10.0,High,1.0,Cat_6,Casual,Low,High,High,20.9,211.6,4423.1,8.4,9.4,1,95.9,A
CUST_02174,Female,No,73,Yes,Healthcare,2.0,Low,2.0,Cat_4,Casual,Very High,Low,Very Low,4.2,48.4,205.2,15.2,10.1,0,33.2,D
CUST_02175,Female,No,47,Yes,Executive,6.0,High,2.0,Cat_4,Active,Low,Very High,High,13.6,280.5,3822.1,8.6,16.3,1,88.0,A
CUST_02176,Female,No,23,No,Healthcare,0.0,Low,3.0,Cat_1,Casual,High,Low,Low,10.0,81.6,817.3,2.0,46.5,0,51.1,C
CUST_02177,Male,Yes,24,Yes,Artist,,Average,4.0,Cat_6,Casual,Low,High,Medium,11.1,204.7,2265.6,16.6,26.3,1,81.0,B
CUST_02178,Female,Yes,34,No,Healthcare,1.0,Low,2.0,Cat_7,Eco-conscious,High,Low,Low,6.1,87.5,532.5,31.9,59.7,0,63.5,C
CUST_02179,Female,No,23,No,Homemaker,2.0,Low,4.0,Cat_1,Budget,Very High,Medium,Low,7.3,124.2,904.8,5.9,52.9,1,52.5,C
CUST_02180,Female,No,34,Yes,Artist,6.0,Low,2.0,Cat_6,Active,High,High,Medium,11.3,193.5,2190.2,12.8,42.1,1,66.4,B
CUST_02181,Male,Yes,37,Yes,Engineer,2.0,Average,5.0,Cat_6,Casual,Medium,High,High,4.7,171.7,805.7,14.6,35.1,0,57.3,B
CUST_02182,Male,Yes,42,Yes,Lawyer,5.0,High,1.0,Cat_6,Luxury,Low,High,Medium,14.9,241.5,3598.1,7.5,11.4,1,92.5,A
CUST_02183,Male,Yes,37,Yes,Executive,6.0,Average,2.0,Cat_4,Luxury,Medium,High,Medium,9.8,187.0,1834.8,4.0,13.5,1,89.1,A
CUST_02184,Male,Yes,40,Yes,Entertainment,1.0,Average,2.0,Cat_6,Active,Medium,Medium,Medium,9.9,109.9,1083.1,13.5,29.5,0,76.4,B
CUST_02185,Female,No,30,No,Healthcare,2.0,Average,3.0,Cat_1,Budget,High,Low,Medium,10.6,78.2,828.7,22.6,59.3,1,54.1,C
CUST_02186,Male,Yes,39,Yes,Lawyer,2.0,Low,1.0,Cat_4,Budget,High,Low,Low,0.6,46.8,29.1,51.5,18.8,0,17.1,D
CUST_02187,Female,No,52,Yes,Healthcare,1.0,Low,,Cat_6,Casual,High,Low,Very Low,1.8,43.7,79.8,25.3,13.1,0,38.0,D
CUST_02188,Female,Yes,38,Yes,Marketing,5.0,Low,3.0,,Casual,High,Medium,Low,5.7,62.1,352.2,22.8,38.8,0,71.5,C
CUST_02189,Male,Yes,27,Yes,Marketing,0.0,Average,3.0,Cat_6,Eco-conscious,High,Low,Medium,8.5,86.6,732.8,16.9,58.5,1,36.5,C
CUST_02190,Female,Yes,37,No,Homemaker,2.0,Average,2.0,Cat_1,Casual,High,Medium,Low,7.9,106.3,845.0,13.6,48.6,0,60.4,C
CUST_02191,Male,No,43,No,Entertainment,3.0,High,4.0,Cat_3,Active,Medium,High,Medium,11.0,170.9,1874.9,13.2,25.3,0,57.9,B
CUST_02192,Female,No,63,No,Homemaker,4.0,Low,2.0,Cat_6,Casual,Very High,Low,Very Low,1.9,62.9,121.4,43.0,7.6,1,31.6,D
CUST_02193,Female,Yes,32,No,Marketing,3.0,Average,4.0,Cat_6,Casual,Very High,Medium,Medium,7.1,96.2,685.5,30.6,52.7,0,59.3,C
CUST_02194,Male,No,35,Yes,Entertainment,0.0,High,5.0,Cat_5,Casual,High,Medium,High,13.2,113.3,1492.2,16.8,26.5,1,82.7,B
CUST_02195,Female,Yes,46,Yes,Lawyer,11.0,Average,2.0,Cat_4,Luxury,Low,High,High,13.6,247.4,3368.7,8.8,23.5,1,88.4,A
CUST_02196,Female,Yes,42,No,Entertainment,0.0,Average,3.0,Cat_6,Casual,Medium,Medium,High,11.4,147.6,1677.4,12.0,30.5,1,70.7,B
CUST_02197,Male,Yes,40,Yes,Healthcare,7.0,High,3.0,Cat_3,Casual,Low,High,Medium,12.4,128.9,1595.7,7.7,31.0,0,77.0,B
CUST_02198,Female,No,47,Yes,Healthcare,2.0,Low,1.0,Cat_5,Budget,High,Very Low,Low,0.5,39.1,19.5,35.1,17.0,0,33.2,D
CUST_02199,Male,No,25,No,Healthcare,4.0,Average,3.0,Cat_6,Active,High,Medium,High,9.6,161.6,1544.4,12.7,21.8,1,69.2,B
CUST_02200,Female,No,50,Yes,Entertainment,0.0,Average,2.0,Cat_6,Casual,High,High,High,8.3,177.1,1463.9,12.6,29.4,1,67.0,B
CUST_02201,Male,No,45,No,Healthcare,0.0,Low,2.0,Cat_6,Budget,Very High,Low,Very Low,6.2,59.7,370.2,43.7,18.0,0,32.1,D
CUST_02202,Female,No,55,Yes,Executive,10.0,Average,2.0,Cat_6,Luxury,Low,Very High,Very High,11.6,282.0,3277.1,8.9,10.4,0,100.0,A
CUST_02203,Female,Yes,49,No,Healthcare,3.0,Average,3.0,Cat_6,Casual,High,Medium,Medium,9.4,171.8,1611.6,12.6,33.5,0,73.4,B
CUST_02204,Male,Yes,60,Yes,Engineer,6.0,High,4.0,Cat_2,Active,Low,Very High,High,13.4,335.8,4488.3,2.5,17.4,1,70.5,A
CUST_02205,Male,No,36,Yes,Artist,0.0,Low,5.0,Cat_6,Casual,High,Low,Medium,10.8,49.0,527.4,12.8,41.3,1,61.8,C
CUST_02206,Female,No,81,No,Homemaker,2.0,Low,2.0,Cat_4,Budget,Very High,Very Low,Very Low,4.5,78.7,351.8,29.1,17.7,0,31.0,D
CUST_02207,Female,Yes,37,Yes,Artist,1.0,High,2.0,,Casual,Low,High,High,10.7,202.5,2163.7,15.0,42.0,1,51.1,B
CUST_02208,Female,No,53,No,Homemaker,0.0,Low,2.0,Cat_6,Budget,High,Low,Very Low,2.4,52.1,127.2,43.1,10.9,0,25.1,D
CUST_02209,Female,Yes,42,No,Healthcare,2.0,Average,1.0,Cat_5,Active,Low,Medium,High,5.8,195.6,1129.7,7.7,30.3,0,75.3,B
CUST_02210,Male,Yes,49,No,Homemaker,2.0,Average,2.0,Cat_5,Casual,Very High,Very Low,Low,2.9,40.5,118.9,21.2,15.0,0,19.7,D
CUST_02211,Female,Yes,27,Yes,Healthcare,1.0,Low,3.0,Cat_7,Casual,High,Low,Low,7.5,37.4,279.4,16.0,55.3,1,71.6,C
CUST_02212,Male,No,18,Yes,Marketing,0.0,Low,3.0,Cat_1,,High,Low,Medium,5.7,68.3,392.0,27.3,36.0,0,66.7,C
CUST_02213,Male,Yes,23,Yes,Doctor,9.0,Average,2.0,Cat_6,Luxury,Low,Very High,High,15.7,275.5,4321.8,13.3,13.0,0,90.5,A
CUST_02214,Male,No,49,No,Artist,3.0,Average,,Cat_4,,Very High,Low,Low,4.6,56.8,259.9,35.6,11.2,0,33.0,D
CUST_02215,Female,No,31,No,Homemaker,,Average,6.0,Cat_1,Casual,Very High,Medium,Low,8.4,115.1,964.5,8.9,48.0,0,49.7,C
CUST_02216,Male,Yes,27,Yes,Engineer,2.0,High,5.0,Cat_6,Casual,Medium,High,Medium,7.2,163.3,1174.4,8.5,30.9,0,89.4,B
CUST_02217,Male,Yes,35,No,Marketing,0.0,Low,1.0,Cat_1,Casual,Very High,Medium,Low,7.2,95.0,685.3,16.5,44.8,1,67.2,C
CUST_02218,Female,Yes,39,Yes,Engineer,0.0,Average,2.0,Cat_5,Casual,Medium,High,High,9.4,167.8,1573.1,16.3,33.1,0,71.3,B
CUST_02219,Male,Yes,79,No,Healthcare,2.0,Low,1.0,Cat_6,Casual,Very High,Low,Very Low,2.6,33.9,88.4,38.9,20.6,0,39.7,D
CUST_02220,Male,Yes,37,Yes,Executive,,Average,1.0,Cat_4,Active,Medium,High,Very High,18.5,220.0,4065.1,8.3,16.4,1,70.8,A
CUST_02221,Female,No,31,No,Marketing,2.0,Low,1.0,Cat_1,Budget,Very High,Medium,High,8.3,92.1,765.2,9.1,33.9,0,61.4,C
CUST_02222,Female,Yes,50,Yes,Artist,1.0,Average,3.0,Cat_6,Luxury,High,High,High,12.5,139.5,1739.9,16.9,23.4,1,72.4,B
CUST_02223,Male,No,49,Yes,Executive,5.0,Average,2.0,Cat_6,Luxury,Low,Very High,Very High,14.1,293.6,4150.3,8.7,16.3,1,96.0,A
CUST_02224,Female,Yes,60,Yes,Executive,7.0,High,3.0,Cat_6,Luxury,Low,Very High,Very High,17.6,281.7,4952.2,3.9,13.3,1,,A
CUST_02225,Male,No,66,Yes,Doctor,12.0,High,3.0,Cat_4,Luxury,Medium,Very High,Very High,11.1,293.7,3267.5,3.1,14.5,1,78.0,A
CUST_02226,Male,No,31,Yes,Artist,6.0,High,2.0,Cat_5,Active,Medium,Medium,High,12.0,152.7,1825.1,9.3,25.3,1,75.7,B
CUST_02227,Male,Yes,31,No,Artist,7.0,Average,5.0,Cat_3,Luxury,High,Medium,Medium,9.6,148.0,1417.1,12.9,16.2,1,72.3,B
CUST_02228,Male,Yes,30,Yes,Engineer,0.0,High,4.0,Cat_5,Casual,Medium,Medium,High,10.2,130.0,1323.7,19.4,37.2,1,79.5,B
CUST_02229,Female,Yes,29,Yes,Artist,9.0,Average,4.0,Cat_3,Active,Medium,High,Medium,8.2,165.3,1358.0,10.1,30.9,1,69.9,B
CUST_02230,Female,Yes,53,Yes,Entertainment,4.0,Average,4.0,,Active,Medium,High,High,7.9,193.4,1519.2,17.5,34.1,0,74.9,B
CUST_02231,Female,Yes,25,No,Healthcare,2.0,Average,7.0,Cat_6,Budget,Very High,Medium,Medium,4.5,102.1,464.5,4.1,45.2,1,41.2,C
CUST_02232,Female,No,34,Yes,Executive,8.0,High,2.0,Cat_4,Active,Medium,Very High,Very High,15.4,261.1,4030.3,6.9,8.4,1,79.6,A
CUST_02233,Male,Yes,56,Yes,Homemaker,0.0,Low,3.0,Cat_6,,Very High,Very Low,Very Low,3.6,50.7,184.7,17.2,15.0,1,30.8,D
CUST_02234,Male,Yes,19,Yes,Marketing,,Average,3.0,Cat_1,Budget,High,Medium,Medium,9.9,97.4,967.2,22.0,57.6,1,40.8,C
CUST_02235,Female,No,28,No,Healthcare,0.0,Average,5.0,Cat_7,Budget,Very High,Low,Medium,7.1,76.5,544.7,15.4,53.2,0,51.8,C
CUST_02236,Female,No,45,Yes,Entertainment,,Average,2.0,Cat_3,Luxury,High,Medium,High,8.2,133.3,1090.9,20.7,29.2,1,61.5,B
CUST_02237,Male,No,57,Yes,Lawyer,1.0,Low,1.0,,Casual,Very High,Low,Low,0.5,77.6,38.8,38.5,13.7,0,21.7,D
CUST_02238,Male,No,61,Yes,Artist,4.0,Average,,Cat_6,Active,Low,Very High,Medium,13.7,291.1,3982.1,3.8,16.0,1,83.8,A
CUST_02239,Male,Yes,45,Yes,Artist,5.0,Average,3.0,Cat_6,Active,Medium,High,Very High,14.8,379.1,5594.0,9.4,16.1,1,77.0,A
CUST_02240,Male,Yes,54,Yes,Engineer,9.0,High,3.0,Cat_4,Luxury,Low,High,Medium,21.4,243.7,5209.4,6.0,32.4,0,85.7,A
CUST_02241,Female,Yes,23,Yes,Healthcare,2.0,Low,,,Budget,Very High,Medium,Low,10.6,64.5,683.9,16.0,35.9,1,76.8,C
CUST_02242,Male,Yes,61,Yes,Doctor,11.0,High,2.0,Cat_6,Luxury,Low,Very High,Very High,16.6,299.7,4978.3,11.7,15.4,1,84.6,A
CUST_02243,Male,Yes,27,Yes,Entertainment,0.0,High,2.0,,Active,Medium,Medium,Medium,12.9,121.0,1560.1,22.6,18.1,0,67.4,B
CUST_02244,Female,No,66,No,Healthcare,2.0,Low,2.0,Cat_4,Budget,High,Low,Very Low,3.3,63.8,210.7,21.3,9.9,0,31.6,D
CUST_02245,Male,No,53,Yes,Lawyer,0.0,Low,2.0,Cat_6,Casual,High,Low,Low,2.2,40.9,90.0,44.6,14.0,0,8.4,D
CUST_02246,Female,Yes,38,Yes,Artist,1.0,Average,,Cat_3,Luxury,High,High,Medium,13.4,135.0,1803.2,13.9,27.4,1,82.0,B
CUST_02247,Female,Yes,35,Yes,Engineer,4.0,High,2.0,Cat_6,Luxury,Low,Very High,Very High,15.5,296.1,4579.5,5.6,9.6,0,96.8,A
CUST_02248,Male,No,38,Yes,Artist,0.0,Low,4.0,Cat_1,Casual,Very High,Low,Medium,11.4,86.5,989.8,21.0,55.5,1,56.8,C
CUST_02249,Female,Yes,32,Yes,Artist,4.0,Average,2.0,Cat_6,,Medium,High,High,13.1,206.1,2699.7,11.9,28.4,1,62.3,B
CUST_02250,Male,Yes,43,No,Lawyer,0.0,High,,Cat_4,Active,Low,High,High,14.7,344.7,5053.6,7.7,15.2,0,100.0,A
CUST_02251,Female,No,48,Yes,Executive,9.0,Average,1.0,Cat_6,Luxury,Low,High,Very High,11.7,317.4,3699.3,9.1,4.9,0,90.4,A
CUST_02252,Male,No,61,No,Lawyer,1.0,Low,1.0,Cat_6,Budget,Very High,Low,Very Low,2.7,54.9,151.1,38.5,0.0,0,20.6,D
CUST_02253,Female,Yes,37,No,Homemaker,0.0,Average,3.0,Cat_7,Budget,Very High,Medium,Medium,10.0,77.2,773.8,8.9,49.2,0,48.2,C
CUST_02254,Male,No,23,No,Healthcare,2.0,Low,5.0,Cat_6,Budget,Very High,Medium,Medium,10.4,96.9,1007.9,14.9,59.7,0,29.2,C
CUST_02255,Female,No,46,No,Artist,1.0,Low,1.0,Cat_5,Budget,High,Low,Low,4.6,46.7,215.4,32.0,14.9,1,21.4,D
CUST_02256,Male,Yes,53,Yes,Entertainment,3.0,Average,3.0,Cat_6,Casual,Medium,High,High,14.9,136.0,2032.6,11.6,26.8,1,71.7,B
CUST_02257,Female,No,45,Yes,Engineer,1.0,Average,3.0,Cat_3,Casual,Low,High,Medium,12.2,214.0,2618.7,18.2,26.9,0,65.1,B
CUST_02258,Female,No,34,Yes,Entertainment,1.0,High,1.0,Cat_3,Casual,Medium,High,Medium,7.5,179.8,1342.5,5.5,14.1,1,92.7,B
CUST_02259,Female,Yes,26,Yes,Healthcare,2.0,High,2.0,Cat_6,Casual,Low,High,High,9.1,239.1,2184.0,14.3,27.3,0,85.2,B
CUST_02260,Female,Yes,29,Yes,Entertainment,3.0,Average,1.0,Cat_6,Active,Medium,High,High,10.8,134.2,1455.5,13.0,25.4,1,72.6,B
CUST_02261,Female,No,18,No,Artist,3.0,Low,5.0,Cat_7,Eco-conscious,High,Medium,Medium,8.8,85.9,757.4,14.5,57.6,1,37.2,C
CUST_02262,Male,Yes,31,Yes,Healthcare,5.0,Average,3.0,Cat_1,Casual,Very High,Medium,Medium,4.8,108.1,522.3,31.9,57.7,1,54.9,C
CUST_02263,Female,No,82,No,Healthcare,0.0,Low,3.0,Cat_5,Budget,High,Low,Low,1.0,56.0,55.8,29.2,0.0,0,26.3,D
CUST_02264,Male,Yes,42,Yes,Entertainment,3.0,Average,2.0,Cat_3,Casual,Medium,High,High,12.6,213.1,2688.3,18.0,37.2,1,81.6,B
CUST_02265,Female,Yes,28,No,Marketing,0.0,Low,1.0,Cat_1,Casual,High,Low,Medium,7.6,123.0,929.2,24.1,53.6,1,47.9,C
CUST_02266,Female,Yes,35,No,Homemaker,1.0,Low,4.0,Cat_6,Casual,High,Low,High,9.3,57.5,534.7,12.2,32.3,1,32.7,C
CUST_02267,Male,Yes,24,No,Artist,7.0,Average,3.0,Cat_3,Active,Low,High,High,13.4,213.9,2866.9,2.3,25.6,1,84.1,B
CUST_02268,Female,No,21,No,Artist,4.0,Average,4.0,Cat_1,Budget,Very High,Low,Medium,6.9,112.0,773.2,9.9,37.8,1,58.5,C
CUST_02269,Male,No,48,Yes,Engineer,6.0,Average,1.0,Cat_6,Luxury,Low,Very High,High,16.6,210.5,3494.1,1.8,13.4,1,91.3,A
CUST_02270,Female,Yes,33,No,Artist,2.0,Average,3.0,Cat_5,Active,Medium,High,High,13.9,145.9,2035.4,8.8,21.0,0,62.1,B
CUST_02271,Male,Yes,64,Yes,Lawyer,10.0,Average,3.0,Cat_6,Active,Low,Very High,Very High,18.2,217.2,3962.2,3.1,6.9,1,89.7,A
CUST_02272,Female,Yes,32,No,Healthcare,1.0,Low,2.0,Cat_5,Active,Medium,High,Medium,7.0,189.1,1316.7,12.0,29.8,1,68.4,B
CUST_02273,Male,Yes,54,No,Engineer,2.0,Average,4.0,Cat_3,Active,Low,High,High,12.0,210.5,2520.8,13.7,41.9,1,54.2,B
CUST_02274,Female,No,27,No,Homemaker,1.0,Low,3.0,Cat_1,Budget,High,Medium,Low,9.0,101.2,910.6,21.7,55.8,0,41.7,C
CUST_02275,Female,No,38,Yes,Homemaker,1.0,Low,2.0,Cat_6,Casual,Very High,Low,Low,1.8,77.8,137.7,39.1,6.8,0,24.2,D
CUST_02276,Female,Yes,33,No,Artist,0.0,Average,5.0,Cat_1,Casual,High,Medium,Low,7.1,90.8,646.3,14.9,40.5,1,52.0,C
CUST_02277,Female,Yes,36,No,Marketing,1.0,Low,5.0,Cat_6,Casual,Very High,Low,Medium,5.0,66.9,333.5,18.9,34.1,0,53.1,C
CUST_02278,Male,Yes,41,Yes,Engineer,4.0,Low,3.0,Cat_6,Active,Medium,High,Medium,12.2,149.2,1823.5,7.8,16.3,1,83.7,B
CUST_02279,Female,No,31,Yes,Healthcare,0.0,Low,4.0,Cat_6,Budget,High,Medium,Medium,8.1,58.4,474.3,16.9,59.2,1,40.6,C
CUST_02280,Female,Yes,45,No,Artist,4.0,High,3.0,Cat_6,,Medium,Very High,High,20.2,326.9,6591.0,3.8,26.9,1,73.9,A
CUST_02281,Male,Yes,48,Yes,Executive,9.0,Average,3.0,Cat_6,Luxury,Low,Very High,Very High,21.0,317.1,6665.6,12.7,14.1,1,86.6,A
CUST_02282,Female,Yes,32,Yes,Engineer,5.0,Average,3.0,Cat_3,Luxury,Medium,Medium,Medium,6.5,173.0,1131.4,8.5,16.9,1,79.3,B
CUST_02283,Male,Yes,32,No,Artist,1.0,Average,2.0,Cat_6,Active,Low,Medium,Medium,8.7,104.3,904.1,6.8,27.6,1,86.4,B
CUST_02284,Male,Yes,44,Yes,Engineer,11.0,High,3.0,Cat_6,Luxury,Medium,High,Very High,14.6,329.9,4801.1,7.5,22.1,0,72.7,A
CUST_02285,Female,Yes,51,Yes,Engineer,,High,1.0,,Luxury,Low,High,Very High,21.0,313.4,6575.5,6.1,23.7,1,95.8,A
CUST_02286,Female,Yes,50,Yes,Healthcare,3.0,High,3.0,Cat_6,Active,Medium,High,Medium,15.6,206.5,3223.6,8.3,38.9,1,91.1,B
CUST_02287,Male,Yes,55,Yes,Healthcare,2.0,Low,3.0,Cat_6,Budget,High,Very Low,Very Low,3.5,53.6,187.5,23.3,11.0,0,23.0,D
CUST_02288,Male,No,24,Yes,Entertainment,2.0,Low,5.0,Cat_6,Active,Medium,High,High,12.0,137.3,1649.8,19.1,48.1,1,82.7,B
CUST_02289,Male,No,37,Yes,Entertainment,2.0,Average,2.0,,Luxury,Low,Medium,High,13.6,155.5,2122.9,5.2,29.5,1,66.6,B
CUST_02290,Female,No,51,Yes,Doctor,,Average,2.0,Cat_6,Luxury,Medium,High,High,19.1,275.8,5266.7,5.6,16.1,1,91.9,A
CUST_02291,Female,Yes,44,Yes,Homemaker,3.0,Low,5.0,,Casual,High,Low,Medium,7.4,88.0,650.3,16.2,52.5,0,,C
CUST_02292,Male,Yes,34,Yes,Engineer,4.0,Average,2.0,Cat_6,Active,Medium,Medium,Medium,14.5,161.2,2336.8,10.1,16.5,1,65.2,B
CUST_02293,Female,No,28,Yes,Executive,3.0,High,3.0,Cat_6,Casual,Low,Very High,Very High,20.6,266.1,5494.8,5.5,13.4,1,84.9,A
CUST_02294,Female,Yes,53,Yes,Engineer,4.0,High,1.0,Cat_3,Casual,Medium,High,High,14.4,122.7,1768.9,10.3,29.4,1,77.4,B
CUST_02295,Male,Yes,42,Yes,Lawyer,10.0,High,2.0,Cat_6,Active,Medium,Very High,High,16.3,324.4,5277.2,5.7,21.4,0,99.8,A
CUST_02296,Male,Yes,38,Yes,Lawyer,3.0,High,3.0,,Active,Low,Very High,High,15.1,234.7,3547.2,11.3,17.0,1,88.4,A
CUST_02297,Female,Yes,39,Yes,Engineer,7.0,Average,1.0,Cat_6,Active,Low,Very High,Very High,10.6,289.9,3074.8,1.2,14.9,0,81.3,A
CUST_02298,Female,No,57,Yes,Doctor,7.0,High,2.0,Cat_6,Casual,Low,Very High,Very High,18.9,337.1,6363.0,6.2,24.4,1,71.4,A
CUST_02299,Female,Yes,50,No,Executive,5.0,High,1.0,Cat_4,Luxury,Medium,High,High,14.5,302.5,4399.1,3.8,26.0,1,100.0,A
CUST_02300,Male,Yes,37,Yes,Engineer,0.0,High,2.0,Cat_3,Active,Medium,Medium,Medium,13.5,194.0,2624.2,13.0,34.8,1,91.6,B
CUST_02301,Male,Yes,42,No,Homemaker,0.0,Low,2.0,Cat_6,Eco-conscious,Very High,Low,Low,3.8,111.8,428.0,34.0,61.5,0,47.7,C
CUST_02302,Female,Yes,45,Yes,Engineer,6.0,High,4.0,Cat_6,Active,Low,Medium,Medium,16.3,200.4,3275.5,12.7,39.3,1,70.7,B
CUST_02303,Female,Yes,31,Yes,Artist,0.0,Average,4.0,Cat_5,Active,Medium,High,High,11.6,165.1,1917.8,17.6,20.2,0,75.6,B
CUST_02304,Female,Yes,29,Yes,Artist,5.0,High,2.0,Cat_3,Casual,Medium,High,High,17.1,156.1,2676.5,12.2,22.3,1,73.1,B
CUST_02305,Female,No,72,No,Homemaker,0.0,Low,2.0,Cat_6,Budget,High,Low,Low,2.9,75.4,216.8,17.3,12.4,0,46.7,D
CUST_02306,Female,No,44,Yes,Entertainment,3.0,High,3.0,Cat_3,Active,High,Medium,High,14.0,135.7,1900.7,12.3,11.1,0,81.3,B
CUST_02307,Female,Yes,53,Yes,Executive,2.0,High,2.0,Cat_6,Active,Low,High,Medium,20.0,322.0,6449.4,4.4,9.4,1,79.7,A
CUST_02308,Female,Yes,38,No,Marketing,1.0,Low,5.0,Cat_6,Budget,High,Medium,Low,8.2,85.3,696.9,22.8,34.2,0,27.8,C
CUST_02309,Male,No,45,No,Doctor,6.0,High,2.0,Cat_6,Luxury,Low,High,High,15.1,244.0,3689.5,3.2,10.9,0,89.1,A
CUST_02310,Male,No,27,Yes,Healthcare,2.0,Average,2.0,Cat_3,Active,Low,Medium,High,9.0,204.7,1847.0,13.7,27.2,1,71.8,B
CUST_02311,Male,Yes,31,No,Artist,3.0,Average,4.0,Cat_6,Luxury,Medium,Medium,Medium,14.5,196.6,2843.1,17.4,26.0,1,76.7,B
CUST_02312,Female,Yes,55,No,Lawyer,1.0,Average,2.0,Cat_6,Casual,Very High,Low,Low,3.1,42.6,131.2,34.5,0.0,1,47.3,D
CUST_02313,Male,Yes,35,Yes,Artist,5.0,Average,1.0,Cat_6,Casual,High,High,High,9.3,206.8,1931.9,8.3,13.5,1,79.1,B
CUST_02314,Male,No,25,No,Healthcare,4.0,Low,4.0,Cat_6,Casual,High,Medium,Low,11.3,110.3,1241.7,21.1,51.7,1,52.5,C
CUST_02315,Female,No,18,No,Artist,4.0,Low,3.0,Cat_6,Casual,High,Very Low,Very Low,4.1,31.2,127.7,49.3,9.1,0,28.6,D
CUST_02316,Male,No,64,No,Engineer,10.0,High,2.0,Cat_6,Active,Low,Very High,Medium,16.7,247.3,4127.0,5.6,8.6,0,80.7,A
CUST_02317,Male,Yes,41,No,Healthcare,7.0,Low,,Cat_6,,Low,Medium,Medium,12.3,179.1,2209.0,9.4,36.6,1,77.7,B
CUST_02318,Female,Yes,46,Yes,Entertainment,7.0,Low,4.0,Cat_6,Casual,Medium,High,Medium,8.9,103.9,926.6,12.4,38.0,0,85.2,B
CUST_02319,Male,Yes,48,Yes,Entertainment,0.0,Average,4.0,Cat_6,Active,Low,Medium,Medium,13.7,154.1,2116.2,13.1,43.6,1,69.2,B
CUST_02320,Female,No,28,No,Artist,0.0,Average,3.0,Cat_3,Casual,Low,Medium,High,6.4,104.2,669.5,14.5,30.6,1,61.0,B
CUST_02321,Male,No,45,No,Healthcare,0.0,Low,1.0,Cat_4,Budget,High,Low,Low,4.4,44.0,195.8,23.4,6.0,0,20.2,D
CUST_02322,Male,Yes,22,Yes,Marketing,0.0,Average,2.0,Cat_1,Budget,Very High,Low,Medium,3.1,68.5,213.3,27.9,42.8,0,40.5,C
CUST_02323,Female,No,18,No,Marketing,0.0,Average,2.0,Cat_6,Casual,Very High,Low,Low,8.0,80.5,645.5,21.4,50.8,0,55.1,C
CUST_02324,Female,Yes,43,No,Artist,0.0,Average,3.0,Cat_5,Luxury,Low,High,High,12.9,228.4,2952.1,8.6,36.7,0,68.3,B
CUST_02325,Male,No,26,Yes,Artist,1.0,Average,5.0,Cat_1,Budget,High,Medium,Medium,12.1,96.6,1166.1,21.7,46.1,0,35.3,C
CUST_02326,Female,No,46,No,Healthcare,0.0,Low,1.0,Cat_5,,Very High,Low,Very Low,1.2,30.7,37.0,27.8,7.3,0,30.5,D
CUST_02327,Male,Yes,26,Yes,Homemaker,0.0,Low,3.0,Cat_6,,Very High,Low,Medium,8.9,118.7,1055.9,14.2,46.5,1,28.9,C
CUST_02328,Male,Yes,34,Yes,Executive,0.0,High,2.0,Cat_6,Luxury,Low,High,High,14.9,269.5,4011.7,1.5,15.2,0,92.8,A
CUST_02329,Female,No,27,Yes,Healthcare,1.0,Low,2.0,Cat_1,Casual,Very High,Medium,Medium,6.0,92.1,550.4,16.2,50.3,0,66.4,C
CUST_02330,Male,No,52,Yes,Artist,,Average,1.0,Cat_6,Luxury,Medium,High,High,21.9,259.5,5680.7,8.3,14.1,1,96.9,A
CUST_02331,Female,No,24,No,Healthcare,1.0,Low,4.0,Cat_5,Casual,Medium,High,High,6.4,110.2,704.4,18.2,25.9,1,75.8,B
CUST_02332,Female,Yes,57,Yes,Engineer,5.0,Average,2.0,Cat_4,Luxury,Medium,Very High,Very High,13.9,359.8,5003.2,4.4,14.2,1,72.8,A
CUST_02333,Female,No,18,Yes,Marketing,3.0,Low,2.0,Cat_1,Casual,High,Low,Low,3.2,108.2,342.4,26.5,55.1,1,64.6,C
CUST_02334,Male,Yes,29,No,Healthcare,3.0,Low,4.0,Cat_6,Casual,High,Medium,Low,9.1,81.4,742.7,16.1,64.4,0,25.7,C
CUST_02335,Female,No,44,Yes,Executive,5.0,Average,2.0,Cat_6,Luxury,Low,High,High,9.3,284.5,2641.3,5.1,21.8,1,94.1,A
CUST_02336,Female,Yes,49,No,Engineer,2.0,High,3.0,Cat_3,,Low,High,High,10.3,250.6,2590.1,8.7,25.6,0,75.0,B
CUST_02337,Male,No,45,Yes,Engineer,1.0,Average,3.0,Cat_6,Luxury,Medium,High,Medium,10.3,196.3,2017.3,15.3,31.6,1,,B
CUST_02338,Female,No,33,Yes,Engineer,4.0,Average,3.0,Cat_5,Casual,High,High,Medium,13.8,133.2,1844.0,16.5,19.2,0,68.1,B
CUST_02339,Female,Yes,30,Yes,Executive,7.0,High,2.0,Cat_6,Luxury,Low,High,Very High,19.7,227.2,4474.0,2.8,3.6,1,87.8,A
CUST_02340,Male,Yes,41,Yes,Artist,3.0,Average,2.0,Cat_3,Active,Medium,High,High,9.3,112.2,1046.6,6.7,41.2,0,75.4,B
CUST_02341,Male,Yes,30,Yes,Marketing,0.0,Low,5.0,Cat_6,Eco-conscious,High,Low,High,10.8,56.8,611.2,16.3,59.7,0,33.2,C
CUST_02342,Female,No,43,Yes,Engineer,4.0,High,2.0,Cat_4,Active,Low,High,Very High,15.9,335.9,5329.2,8.4,14.1,1,88.0,A
CUST_02343,Female,Yes,42,Yes,Engineer,7.0,High,3.0,Cat_6,Luxury,Low,High,Very High,20.9,264.2,5513.5,3.2,22.4,1,81.1,A
CUST_02344,Male,Yes,41,Yes,Engineer,4.0,Average,4.0,Cat_5,Luxury,Medium,Medium,Medium,13.4,243.3,3268.0,14.7,28.9,1,82.2,B
CUST_02345,Male,Yes,44,Yes,Healthcare,2.0,Low,1.0,Cat_6,Casual,Very High,Low,Low,1.2,45.4,55.4,29.7,6.0,0,27.4,D
CUST_02346,Female,No,49,Yes,Marketing,5.0,Low,3.0,Cat_1,Eco-conscious,Very High,Low,Low,8.1,67.5,547.6,26.7,38.1,0,42.8,C
CUST_02347,Male,Yes,23,Yes,Healthcare,,Low,3.0,Cat_6,Budget,High,Medium,Medium,6.7,107.3,720.5,21.6,36.5,1,57.4,C
CUST_02348,Female,Yes,39,Yes,Entertainment,3.0,Average,2.0,Cat_3,Active,Medium,Medium,High,5.5,133.4,733.8,18.8,19.7,0,71.1,B
CUST_02349,Male,No,56,No,Engineer,8.0,Average,3.0,Cat_3,,Medium,High,High,10.9,118.0,1289.4,18.3,35.7,0,57.9,B
CUST_02350,Male,No,47,No,Doctor,10.0,Average,3.0,Cat_2,Luxury,Low,Very High,High,12.1,421.4,5108.1,4.5,17.8,1,92.2,A
CUST_02351,Female,No,28,Yes,Marketing,2.0,Low,5.0,Cat_1,Casual,Very High,Low,High,5.1,37.0,187.2,24.0,36.0,1,51.9,C
CUST_02352,Male,Yes,71,No,Homemaker,1.0,Low,,Cat_5,Budget,High,Low,Low,2.5,34.8,86.4,34.6,3.2,0,27.1,D
CUST_02353,Female,No,23,Yes,Artist,3.0,Low,4.0,Cat_6,Casual,Very High,Medium,Medium,7.5,104.2,785.1,12.7,53.8,0,,C
CUST_02354,Male,No,73,Yes,Artist,,Low,2.0,Cat_5,Budget,Very High,Low,Low,4.0,72.4,290.4,20.2,6.6,0,34.9,D
CUST_02355,Male,No,26,No,Artist,6.0,Low,4.0,Cat_1,Casual,High,Medium,Low,7.4,70.9,521.5,11.1,44.9,0,56.2,C
CUST_02356,Male,Yes,37,Yes,Executive,4.0,Average,2.0,Cat_6,Active,Low,Very High,Very High,17.3,293.9,5097.2,1.7,16.4,0,89.8,A
CUST_02357,Male,Yes,39,Yes,Healthcare,6.0,Low,2.0,Cat_6,Casual,High,Very Low,Low,3.7,71.1,261.9,31.4,11.4,1,38.5,D
CUST_02358,Female,Yes,45,Yes,Executive,5.0,High,4.0,Cat_6,Luxury,Low,Very High,Very High,13.4,306.6,4102.1,6.5,15.0,1,79.5,A
CUST_02359,Male,No,46,Yes,Engineer,0.0,High,2.0,Cat_5,Casual,Medium,High,High,7.5,192.0,1435.4,14.7,36.7,1,78.0,B
CUST_02360,Male,No,54,Yes,Doctor,5.0,Average,3.0,Cat_4,Luxury,Medium,High,Very High,19.8,286.5,5675.5,6.5,19.9,1,100.0,A
CUST_02361,Male,Yes,51,Yes,Doctor,10.0,High,2.0,Cat_6,Luxury,Medium,High,High,19.9,336.9,6712.3,6.1,14.4,1,87.2,A
CUST_02362,Male,Yes,24,No,Engineer,7.0,Low,3.0,Cat_6,Casual,High,Medium,High,4.9,93.3,461.4,6.2,27.1,1,48.0,B
CUST_02363,Male,No,37,No,Engineer,2.0,Average,3.0,Cat_3,Luxury,Low,High,High,11.2,155.1,1742.0,17.5,32.0,1,70.5,B
CUST_02364,Male,No,31,Yes,Engineer,7.0,Average,4.0,Cat_6,Casual,Low,Medium,High,11.9,214.9,2550.2,8.8,27.9,0,,B
CUST_02365,Female,No,44,No,Entertainment,,High,3.0,Cat_6,Active,Medium,High,Medium,5.8,125.0,728.8,14.8,19.7,1,82.2,B
CUST_02366,Female,Yes,33,Yes,Executive,7.0,High,3.0,Cat_6,Luxury,Low,Very High,Very High,14.9,271.6,4045.5,2.8,10.2,0,99.6,A
CUST_02367,Female,Yes,43,No,Executive,2.0,Average,1.0,Cat_4,Luxury,Low,Very High,Very High,19.0,295.3,5613.2,1.0,21.5,0,96.3,A
CUST_02368,Female,Yes,29,Yes,Artist,3.0,High,3.0,Cat_6,Casual,High,High,High,11.6,168.3,1949.2,15.7,20.9,0,73.7,B
CUST_02369,Female,Yes,30,No,Engineer,11.0,Average,3.0,Cat_5,Luxury,Medium,High,High,18.1,227.8,4118.4,8.9,22.4,1,71.5,B
CUST_02370,Male,No,20,Yes,Homemaker,4.0,Average,3.0,Cat_6,Casual,Very High,Low,Low,4.2,85.8,361.8,18.5,28.9,1,43.1,C
CUST_02371,Female,Yes,33,No,Marketing,0.0,Low,3.0,Cat_6,Casual,High,Medium,Low,6.2,85.8,533.7,26.6,54.5,0,51.5,C
CUST_02372,Male,Yes,29,No,Homemaker,0.0,Low,2.0,Cat_7,Budget,High,Medium,Medium,7.4,111.9,826.2,25.1,57.1,0,66.9,C
CUST_02373,Female,Yes,18,Yes,Homemaker,0.0,Low,2.0,Cat_1,Budget,High,Low,Low,8.2,53.1,435.2,10.8,49.4,0,42.3,C
CUST_02374,Female,Yes,31,Yes,Artist,2.0,Average,3.0,,Luxury,Low,Medium,High,11.3,168.2,1893.6,13.0,27.2,0,70.5,B
CUST_02375,Male,Yes,29,No,Marketing,1.0,Average,7.0,,Casual,Very High,Low,Medium,8.1,89.0,720.5,14.9,34.8,0,44.8,C
CUST_02376,Male,Yes,42,No,Healthcare,4.0,Average,2.0,Cat_5,Active,Medium,High,High,10.7,147.3,1570.2,13.0,38.5,0,76.8,B
CUST_02377,Female,Yes,39,No,Artist,3.0,High,1.0,Cat_6,Active,Medium,High,High,10.7,228.6,2435.5,18.9,28.6,1,84.1,B
CUST_02378,Male,No,26,Yes,Artist,3.0,Low,4.0,Cat_7,,Very High,Low,Low,7.1,61.9,440.1,23.2,46.9,0,27.9,C
CUST_02379,Female,Yes,29,No,Artist,6.0,Average,3.0,Cat_3,Casual,High,High,High,13.0,157.1,2044.4,5.3,27.0,1,85.2,B
CUST_02380,Female,No,37,Yes,Healthcare,0.0,Low,5.0,Cat_7,Budget,High,Medium,Low,8.3,119.3,984.9,19.0,49.5,1,52.0,C
CUST_02381,Male,Yes,24,Yes,Homemaker,3.0,Low,1.0,Cat_7,Budget,Very High,Medium,Medium,11.2,75.5,846.2,18.7,35.6,0,30.8,C
CUST_02382,Male,No,77,No,Healthcare,,Average,2.0,Cat_4,Casual,High,Low,Very Low,6.7,56.9,381.1,29.7,4.1,0,23.3,D
CUST_02383,Female,No,45,Yes,Healthcare,0.0,Low,1.0,Cat_6,Budget,Very High,Low,Low,3.9,68.3,266.3,28.9,15.4,0,40.8,D
CUST_02384,Female,Yes,44,Yes,Artist,3.0,High,,Cat_5,Active,Medium,Medium,High,9.6,141.9,1368.9,11.9,29.6,0,,B
CUST_02385,Male,Yes,24,Yes,Engineer,2.0,Low,4.0,Cat_6,Casual,Low,High,Medium,10.1,146.2,1479.0,22.1,13.7,1,69.0,B
CUST_02386,Male,Yes,39,Yes,Engineer,5.0,High,3.0,Cat_6,Casual,Medium,High,High,9.6,112.1,1074.4,10.3,26.2,0,66.2,B
CUST_02387,Female,No,24,Yes,Artist,,High,3.0,Cat_6,Casual,Low,High,High,13.1,163.5,2139.7,13.2,25.2,1,80.2,B
CUST_02388,Female,Yes,39,No,Homemaker,2.0,Average,6.0,Cat_7,Eco-conscious,Very High,Medium,Medium,7.8,81.6,637.4,7.4,47.4,1,52.6,C
CUST_02389,Male,Yes,31,No,Marketing,0.0,Low,1.0,Cat_6,Budget,High,Low,Low,6.3,77.3,484.7,14.5,55.7,1,57.1,C
CUST_02390,Male,Yes,48,Yes,Artist,1.0,Average,4.0,Cat_6,Budget,Very High,Medium,Medium,7.8,73.2,568.5,14.0,50.5,0,76.8,C
CUST_02391,Male,Yes,45,No,Artist,2.0,High,3.0,Cat_6,Casual,Low,High,High,9.9,155.7,1545.7,10.0,27.9,1,77.2,B
CUST_02392,Female,Yes,37,Yes,Engineer,5.0,Average,2.0,Cat_2,Luxury,Low,Very High,Very High,19.0,334.3,6362.5,6.3,11.8,0,85.8,A
CUST_02393,Male,Yes,32,No,Artist,5.0,Average,3.0,Cat_3,Casual,Medium,High,High,13.9,136.4,1897.7,8.7,34.8,1,60.3,B
CUST_02394,Female,Yes,52,No,Engineer,10.0,High,4.0,Cat_6,Luxury,Low,Very High,Medium,13.6,360.7,4915.6,3.2,20.7,1,88.8,A
CUST_02395,Male,Yes,50,No,Lawyer,,Low,1.0,,Casual,High,Low,Low,5.2,75.4,388.7,41.8,9.5,0,36.8,D
CUST_02396,Female,Yes,46,Yes,Engineer,5.0,High,1.0,Cat_6,Active,Low,High,Medium,8.9,187.4,1661.6,9.5,31.0,1,86.1,B
CUST_02397,Male,Yes,52,Yes,Artist,9.0,High,3.0,Cat_6,Luxury,Low,Very High,Very High,20.7,212.1,4390.4,2.7,12.8,0,86.2,A
CUST_02398,Male,No,42,Yes,Engineer,8.0,High,2.0,Cat_6,Active,Low,Very High,Very High,20.1,242.8,4870.2,4.5,20.9,1,89.8,A
CUST_02399,Female,Yes,24,Yes,Artist,0.0,Low,6.0,Cat_7,Casual,High,Low,Medium,4.9,94.3,457.9,24.7,56.6,0,45.0,C
CUST_02400,Male,Yes,37,Yes,Artist,1.0,Low,2.0,Cat_1,Casual,Very High,Low,Medium,6.9,54.2,371.4,23.0,46.5,1,52.2,C
CUST_02401,Male,Yes,46,Yes,Artist,5.0,Average,3.0,Cat_5,Active,Medium,Medium,Medium,8.8,142.8,1251.8,8.9,13.0,1,63.8,B
CUST_02402,Male,No,53,Yes,Executive,2.0,Average,2.0,Cat_4,Luxury,Low,High,Very High,13.8,268.3,3693.9,6.6,16.7,1,91.6,A
CUST_02403,Female,Yes,43,Yes,Healthcare,4.0,Average,1.0,Cat_6,Casual,Medium,Medium,High,10.9,188.2,2047.3,10.8,33.5,1,83.4,B
CUST_02404,Female,Yes,42,Yes,Entertainment,5.0,High,3.0,Cat_6,Casual,Low,Medium,Medium,10.0,112.4,1122.9,13.0,20.5,1,75.9,B
CUST_02405,Female,No,23,No,Healthcare,2.0,Low,3.0,Cat_7,Budget,High,Low,Medium,8.0,77.5,619.4,23.6,46.0,1,57.5,C
CUST_02406,Female,No,25,Yes,Artist,0.0,Average,1.0,Cat_7,Budget,High,Low,Low,3.1,125.4,394.2,14.8,44.8,1,50.1,C
CUST_02407,Male,Yes,38,Yes,Entertainment,6.0,Average,4.0,Cat_6,,High,Medium,Medium,13.1,186.4,2445.3,18.1,30.6,0,71.8,B
CUST_02408,Female,Yes,50,Yes,Executive,8.0,Average,3.0,Cat_6,Luxury,Low,Very High,High,12.6,118.8,1501.0,7.5,19.7,0,,A
CUST_02409,Male,Yes,58,Yes,Lawyer,0.0,Low,,Cat_5,Budget,Very High,Low,Low,0.5,21.5,10.8,51.9,18.4,1,29.3,D
CUST_02410,Female,Yes,33,Yes,Artist,7.0,Average,4.0,Cat_5,Active,Medium,High,High,10.7,165.6,1771.4,14.2,31.7,1,81.9,B
CUST_02411,Female,No,28,Yes,Homemaker,2.0,Low,4.0,Cat_6,Budget,High,Low,Medium,9.7,75.6,736.8,15.5,61.0,1,57.3,C
CUST_02412,Female,No,62,Yes,Executive,8.0,High,3.0,Cat_2,Active,Low,High,Very High,20.1,258.0,5197.2,9.0,13.7,0,85.9,A
CUST_02413,Female,Yes,31,Yes,Engineer,0.0,High,1.0,Cat_6,Luxury,High,Medium,High,7.8,179.3,1401.2,16.6,25.1,0,66.0,B
CUST_02414,Female,No,68,Yes,Lawyer,13.0,High,1.0,Cat_6,Luxury,Low,Very High,Medium,20.5,315.7,6464.5,3.4,16.3,1,81.9,A
CUST_02415,Male,No,37,Yes,Engineer,8.0,Average,2.0,Cat_6,Luxury,Medium,High,Medium,2.0,171.1,342.2,11.2,21.1,1,67.9,B
CUST_02416,Male,Yes,65,No,Artist,0.0,Low,1.0,Cat_6,Casual,Very High,Very Low,Low,4.7,35.0,165.1,27.7,13.3,0,37.2,D
CUST_02417,Female,Yes,28,Yes,Artist,0.0,Average,1.0,Cat_5,Casual,High,High,Medium,12.5,150.9,1889.1,7.0,29.2,0,54.6,B
CUST_02418,Female,Yes,41,Yes,Artist,8.0,High,2.0,Cat_6,Luxury,Low,Very High,Very High,13.3,377.4,5021.7,1.0,3.9,1,88.5,A
CUST_02419,Female,No,40,No,Engineer,8.0,High,1.0,Cat_6,Luxury,Low,High,High,19.8,246.2,4863.3,4.3,21.5,1,85.6,A
CUST_02420,Female,No,31,Yes,Engineer,4.0,Average,3.0,Cat_5,Active,Low,High,Medium,6.1,223.0,1359.8,13.3,23.5,0,69.7,B
CUST_02421,Female,Yes,49,Yes,Lawyer,7.0,High,3.0,Cat_6,Active,Medium,Very High,High,14.0,305.8,4269.2,6.5,17.1,1,82.5,A
CUST_02422,Male,Yes,53,Yes,Executive,6.0,High,1.0,Cat_2,Luxury,Medium,High,High,16.1,201.8,3255.2,6.6,7.4,1,94.0,A
CUST_02423,Female,Yes,18,No,Marketing,0.0,Low,4.0,,Budget,High,Medium,Medium,7.3,71.4,520.0,15.0,51.9,0,47.8,C
CUST_02424,Female,Yes,31,Yes,Entertainment,1.0,Average,1.0,Cat_3,Luxury,Medium,High,High,13.0,144.1,1876.3,15.8,27.7,1,83.4,B
CUST_02425,Female,No,54,Yes,Healthcare,3.0,Average,2.0,Cat_6,,Medium,High,High,8.5,187.1,1596.3,10.2,23.8,1,82.3,B
CUST_02426,Male,Yes,43,No,Homemaker,3.0,Low,2.0,Cat_5,Budget,High,Low,Low,4.4,74.4,330.6,39.4,18.3,1,35.6,D
CUST_02427,Male,Yes,52,Yes,Executive,7.0,High,3.0,Cat_6,Active,Medium,High,Very High,15.8,293.1,4626.0,6.5,16.7,1,95.0,A
CUST_02428,Female,Yes,34,No,Healthcare,0.0,Low,2.0,Cat_6,Budget,Very High,Very Low,Low,2.9,68.9,199.4,32.0,19.0,1,19.2,D
CUST_02429,Male,No,43,Yes,Healthcare,7.0,Average,5.0,Cat_5,Active,Medium,Medium,High,10.1,202.6,2037.2,19.8,22.1,0,71.0,B
CUST_02430,Male,No,69,No,Homemaker,1.0,Average,2.0,,Casual,Very High,Low,Low,4.0,62.2,247.7,21.8,9.6,0,32.8,D
CUST_02431,Male,No,22,Yes,Homemaker,4.0,Low,6.0,Cat_1,Budget,Very High,Medium,Medium,10.2,56.4,574.6,30.2,55.8,0,35.0,C
CUST_02432,Female,Yes,31,No,Homemaker,2.0,Low,8.0,,Budget,High,Medium,Medium,8.8,98.8,874.1,10.2,61.3,0,36.1,C
CUST_02433,Female,No,50,No,Homemaker,3.0,Average,1.0,Cat_5,Budget,Very High,Low,Low,4.7,83.5,391.0,28.5,8.5,0,18.6,D
CUST_02434,Male,Yes,42,No,Artist,4.0,Average,3.0,Cat_6,Active,Low,High,Medium,11.4,173.9,1983.2,11.4,10.9,0,73.8,B
CUST_02435,Female,No,54,No,Artist,1.0,Low,2.0,Cat_6,Budget,High,Low,Low,0.5,58.0,29.0,30.7,14.7,0,29.9,D
CUST_02436,Female,Yes,44,No,Engineer,9.0,Average,2.0,,Casual,Low,High,Medium,9.7,203.3,1970.6,16.5,17.5,0,79.1,B
CUST_02437,Female,Yes,45,Yes,Artist,3.0,Average,,Cat_3,Active,Medium,High,Medium,10.0,190.2,1901.8,14.5,9.8,0,68.0,B
CUST_02438,Male,Yes,27,Yes,Engineer,0.0,Average,3.0,Cat_5,Casual,High,Medium,High,11.1,117.8,1306.0,14.5,26.3,0,73.0,B
CUST_02439,Female,Yes,41,Yes,Artist,5.0,Average,2.0,,Casual,Medium,High,Medium,7.5,125.0,942.8,11.7,28.7,1,74.6,B
CUST_02440,Male,Yes,50,Yes,Engineer,7.0,High,1.0,Cat_6,Luxury,Low,High,Medium,18.5,207.5,3845.1,3.8,13.0,1,78.7,A
CUST_02441,Male,Yes,31,Yes,Healthcare,4.0,Average,5.0,Cat_3,Active,Low,High,High,14.2,177.5,2520.3,13.2,23.7,1,68.5,B
CUST_02442,Male,Yes,35,Yes,Artist,0.0,Average,3.0,Cat_3,Casual,Medium,High,High,12.5,148.3,1849.2,17.4,19.7,0,82.6,B
CUST_02443,Male,No,32,No,Healthcare,4.0,Low,4.0,Cat_1,Budget,Very High,Medium,Low,7.9,67.6,536.5,19.7,36.2,0,43.3,C
CUST_02444,Male,No,25,Yes,Artist,2.0,Low,2.0,Cat_1,Casual,High,Medium,Low,7.3,84.7,618.8,18.8,39.0,0,44.5,C
CUST_02445,Female,No,38,Yes,Artist,5.0,Average,1.0,Cat_5,Casual,Low,High,Medium,10.5,129.1,1350.5,20.7,34.8,0,76.0,B
CUST_02446,Male,Yes,44,No,Engineer,3.0,High,3.0,,Casual,Medium,High,High,7.8,177.4,1376.9,14.0,23.8,0,80.3,B
CUST_02447,Male,Yes,24,Yes,Engineer,4.0,High,1.0,Cat_3,Luxury,Medium,Medium,High,9.4,173.8,1637.7,10.5,24.4,1,87.4,B
CUST_02448,Female,No,56,Yes,Artist,8.0,Average,1.0,Cat_6,Active,Low,Very High,Very High,21.3,317.8,6774.8,10.7,22.7,0,97.6,A
CUST_02449,Male,Yes,53,Yes,Lawyer,7.0,High,2.0,Cat_6,Luxury,Low,Very High,Medium,17.5,279.8,4883.7,5.7,20.1,1,91.9,A
CUST_02450,Male,Yes,24,Yes,Engineer,4.0,Average,4.0,Cat_3,Active,Medium,Medium,Medium,4.9,200.8,992.4,14.5,19.1,1,65.7,B
CUST_02451,Female,Yes,35,Yes,Engineer,2.0,Average,3.0,Cat_5,Luxury,High,High,Medium,12.3,120.8,1488.6,12.9,18.3,1,83.7,B
CUST_02452,Male,No,44,Yes,Healthcare,3.0,Low,1.0,Cat_5,Casual,High,Low,Very Low,3.3,98.3,324.4,53.6,0.0,0,16.2,D
CUST_02453,Female,No,42,Yes,Engineer,7.0,Low,5.0,Cat_6,Active,Medium,Medium,Medium,7.4,189.8,1404.1,13.3,25.6,1,68.7,B
CUST_02454,Male,No,40,Yes,Healthcare,6.0,High,4.0,Cat_3,Casual,Medium,High,High,8.4,159.6,1343.8,7.9,28.0,1,59.5,B
CUST_02455,Female,Yes,33,Yes,Entertainment,3.0,Average,5.0,Cat_5,Active,Low,Medium,High,10.4,176.6,1839.4,16.0,27.1,1,,B
CUST_02456,Female,No,40,Yes,Executive,3.0,Average,2.0,Cat_6,Luxury,Low,High,Very High,21.6,379.7,8196.7,3.3,22.5,0,83.3,A
CUST_02457,Male,Yes,46,No,Entertainment,2.0,Average,2.0,Cat_5,Luxury,Medium,High,Medium,6.7,226.8,1528.8,5.4,16.7,1,67.5,B
CUST_02458,Male,Yes,23,Yes,Artist,0.0,Low,4.0,Cat_6,Casual,High,Medium,Medium,7.9,94.2,741.3,16.6,52.6,0,63.0,C
CUST_02459,Male,Yes,36,Yes,Engineer,0.0,Average,1.0,Cat_6,Casual,Medium,High,Medium,10.0,168.4,1684.2,17.4,26.9,1,,B
CUST_02460,Female,Yes,35,Yes,Artist,6.0,Average,4.0,Cat_5,Active,Medium,Medium,High,13.1,154.5,2023.4,11.5,25.7,1,87.8,B
CUST_02461,Female,No,31,No,Lawyer,2.0,Low,1.0,Cat_5,Casual,Very High,Low,Low,3.2,67.0,216.0,31.1,0.0,0,36.6,D
CUST_02462,Female,Yes,67,Yes,Healthcare,2.0,Low,1.0,Cat_6,Budget,High,Very Low,Low,4.0,52.9,210.4,37.5,15.6,0,14.6,D
CUST_02463,Male,No,42,No,Homemaker,2.0,Average,2.0,Cat_7,Budget,Very High,Low,Medium,5.1,69.7,357.4,15.0,44.9,0,41.1,C
CUST_02464,Male,Yes,46,Yes,Entertainment,5.0,Average,2.0,Cat_6,Casual,Low,Medium,Medium,12.3,183.7,2251.0,8.3,27.5,1,61.2,B
CUST_02465,Male,Yes,25,Yes,Homemaker,3.0,Low,3.0,,Eco-conscious,Very High,Low,Medium,4.9,66.3,326.2,17.6,41.7,0,50.0,C
CUST_02466,Male,Yes,48,Yes,Artist,6.0,High,2.0,Cat_6,Luxury,Low,Very High,Very High,14.2,275.1,3905.6,10.2,13.3,1,100.0,A
CUST_02467,Female,Yes,60,Yes,Healthcare,,Average,3.0,Cat_3,Luxury,Medium,High,High,11.8,140.1,1651.2,13.9,21.1,1,76.1,B
CUST_02468,Male,Yes,48,Yes,Executive,7.0,High,1.0,Cat_4,Luxury,Low,High,High,18.2,229.0,4160.2,4.7,12.1,1,93.2,A
CUST_02469,Male,Yes,31,No,Artist,1.0,High,2.0,Cat_6,Active,High,Medium,High,12.2,145.8,1780.7,15.2,30.9,0,56.8,B
CUST_02470,Male,Yes,28,No,Artist,3.0,Average,3.0,Cat_6,Active,Medium,Medium,Medium,12.9,210.8,2722.2,12.0,37.7,1,68.2,B
CUST_02471,Male,No,51,Yes,Engineer,4.0,Average,3.0,Cat_6,Luxury,Low,High,Very High,16.6,232.6,3858.3,8.2,16.9,1,,A
CUST_02472,Female,Yes,50,No,Homemaker,0.0,Low,2.0,Cat_6,Budget,High,Low,Low,2.3,55.0,127.9,34.2,16.5,0,29.3,D
CUST_02473,Male,Yes,46,No,Lawyer,0.0,Low,2.0,Cat_4,Casual,High,Low,Low,5.1,27.5,141.6,31.7,13.7,0,37.0,D
CUST_02474,Male,No,35,No,Homemaker,0.0,Low,3.0,Cat_1,Casual,High,Low,Low,8.3,102.4,847.4,24.2,46.0,1,42.4,C
CUST_02475,Male,Yes,38,No,Entertainment,0.0,High,2.0,Cat_3,Active,Medium,High,High,14.2,117.9,1679.2,12.8,27.0,1,76.8,B
CUST_02476,Male,No,51,No,Homemaker,4.0,Low,1.0,Cat_5,,High,Very Low,Very Low,5.8,75.1,436.1,39.2,17.2,0,27.0,D
CUST_02477,Female,Yes,53,Yes,Lawyer,6.0,High,2.0,Cat_6,Active,Low,High,Very High,17.6,346.1,6075.8,7.6,22.1,0,97.0,A
CUST_02478,Male,No,28,Yes,Homemaker,0.0,Low,3.0,Cat_6,Budget,High,Low,Low,9.8,55.8,546.7,17.9,47.7,0,46.0,C
CUST_02479,Male,Yes,53,Yes,Executive,6.0,High,3.0,Cat_6,Casual,Low,Very High,Medium,17.2,297.3,5105.4,4.7,14.8,1,,A
CUST_02480,Female,Yes,40,No,Homemaker,2.0,Low,3.0,Cat_7,Budget,Very High,Low,Medium,7.7,130.2,1001.8,18.9,48.8,1,58.2,C
CUST_02481,Male,Yes,38,Yes,Engineer,0.0,Low,,Cat_6,Casual,High,Medium,High,12.7,171.5,2184.0,11.8,25.1,1,82.1,B
CUST_02482,Female,No,18,No,Homemaker,0.0,Low,1.0,Cat_6,Budget,Very High,Low,Low,1.2,98.3,117.8,47.1,18.9,0,12.7,D
CUST_02483,Male,No,43,No,Healthcare,0.0,Low,1.0,Cat_6,Budget,Very High,Low,Low,5.7,75.3,431.1,27.9,16.0,0,39.2,D
CUST_02484,Female,Yes,56,No,Executive,5.0,Average,1.0,Cat_6,,Medium,High,Very High,16.8,317.6,5322.6,8.6,11.1,0,83.6,A
CUST_02485,Female,No,38,No,Artist,3.0,High,2.0,Cat_6,Luxury,Medium,High,Medium,9.0,126.2,1138.5,12.5,34.6,1,57.5,B
CUST_02486,Female,No,51,Yes,Homemaker,4.0,Low,1.0,Cat_6,Budget,Very High,Very Low,Low,4.3,67.9,294.5,42.5,5.8,0,33.4,D
CUST_02487,Female,Yes,43,Yes,Artist,4.0,High,,Cat_3,Casual,Medium,Medium,Medium,8.4,191.9,1616.0,22.9,32.0,0,69.4,B
CUST_02488,Male,Yes,45,No,Healthcare,1.0,Low,1.0,Cat_4,Budget,Very High,Low,Low,5.4,31.7,172.0,30.7,21.1,0,29.4,D
CUST_02489,Male,Yes,48,Yes,Engineer,4.0,High,3.0,Cat_5,Active,Medium,High,Medium,13.3,89.1,1183.4,11.6,30.8,1,67.8,B
CUST_02490,Male,Yes,36,Yes,Artist,3.0,Average,,Cat_6,Active,Medium,High,High,12.1,180.8,2183.6,19.5,22.4,1,85.0,B
CUST_02491,Female,Yes,48,Yes,Artist,4.0,High,1.0,Cat_5,,Medium,Medium,High,11.0,146.5,1614.5,16.6,32.3,1,81.7,B
CUST_02492,Female,Yes,51,Yes,Engineer,5.0,Average,2.0,Cat_4,Luxury,Low,High,Very High,17.6,263.4,4629.6,6.1,2.4,1,93.4,A
CUST_02493,Female,No,25,Yes,Marketing,2.0,Low,2.0,Cat_6,Eco-conscious,Very High,Low,Low,9.4,26.9,252.4,15.1,67.6,0,46.6,C
CUST_02494,Female,No,42,No,Healthcare,,Average,1.0,Cat_3,Active,High,High,Medium,7.7,164.4,1259.7,12.4,36.3,1,72.3,B
CUST_02495,Female,Yes,33,Yes,Engineer,5.0,Average,1.0,Cat_3,Casual,Medium,Medium,Medium,8.8,170.7,1498.9,15.6,15.2,1,64.0,B
CUST_02496,Female,Yes,47,Yes,Entertainment,8.0,Average,,Cat_6,Luxury,Medium,High,Medium,12.0,149.6,1790.3,6.9,22.4,1,69.8,B
CUST_02497,Male,Yes,29,No,Entertainment,3.0,Average,2.0,Cat_6,Active,Low,High,High,14.2,168.7,2398.6,12.6,8.6,0,67.1,B
CUST_02498,Male,No,55,No,Homemaker,2.0,Low,1.0,Cat_6,Budget,Very High,Low,Very Low,1.0,50.4,51.0,35.0,24.6,0,39.3,D
CUST_02499,Female,No,54,No,Artist,0.0,Low,1.0,Cat_5,,Very High,Low,Low,0.5,49.4,24.7,19.1,14.4,0,29.2,D
CUST_02500,Male,Yes,24,No,Engineer,6.0,High,3.0,Cat_3,Active,High,Medium,High,4.2,147.6,615.7,12.7,7.3,1,71.2,B
CUST_02501,Female,Yes,29,No,Artist,0.0,Low,5.0,Cat_1,Budget,High,Medium,Low,6.0,93.6,564.5,20.7,27.4,0,49.2,C
CUST_02502,Male,Yes,26,Yes,Homemaker,4.0,Average,4.0,Cat_6,Budget,Very High,Low,High,10.2,80.5,824.6,13.6,47.3,0,46.2,C
CUST_02503,Male,Yes,35,Yes,Entertainment,1.0,Average,3.0,Cat_5,Luxury,Low,High,Medium,13.8,158.8,2196.9,14.8,19.4,1,59.0,B
CUST_02504,Male,No,26,Yes,Healthcare,0.0,Average,3.0,Cat_6,Casual,High,Low,Very Low,4.8,39.0,185.2,45.2,16.9,0,54.4,D
CUST_02505,Female,No,26,Yes,Engineer,8.0,High,3.0,Cat_2,Luxury,Low,Very High,Very High,21.3,262.9,5589.9,5.8,12.6,0,86.4,A
CUST_02506,Male,No,47,Yes,Engineer,9.0,High,2.0,Cat_6,Active,Low,High,Very High,12.5,297.1,3702.9,2.4,15.8,1,89.5,A
CUST_02507,Female,No,32,Yes,Healthcare,0.0,Average,5.0,Cat_6,Eco-conscious,Very High,Low,Low,7.3,83.9,609.2,21.1,64.2,0,51.4,C
CUST_02508,Female,Yes,52,Yes,Engineer,2.0,Average,3.0,Cat_6,Casual,Low,High,High,14.0,171.5,2409.8,9.9,15.6,1,53.4,B
CUST_02509,Male,No,22,Yes,Artist,1.0,Low,2.0,Cat_1,Casual,High,Medium,Low,8.5,72.9,622.1,21.2,42.6,0,,C
CUST_02510,Male,No,50,Yes,Homemaker,0.0,Low,3.0,Cat_6,Budget,Very High,Low,Low,2.4,46.7,114.0,35.6,13.6,0,25.3,D
CUST_02511,Male,No,41,Yes,Engineer,12.0,High,1.0,Cat_6,Active,Low,Very High,Very High,13.3,215.5,2860.6,9.7,11.3,1,89.9,A
CUST_02512,Male,No,55,No,Artist,0.0,Low,2.0,Cat_6,Casual,High,Very Low,Very Low,2.7,74.3,202.5,17.7,24.5,1,9.5,D
CUST_02513,Female,Yes,33,Yes,Artist,4.0,High,2.0,Cat_5,Casual,Medium,High,High,12.7,136.1,1727.5,11.2,19.9,0,73.5,B
CUST_02514,Female,Yes,38,Yes,Healthcare,2.0,Average,3.0,Cat_6,Active,Low,High,Medium,16.3,170.5,2772.6,16.2,20.4,0,76.2,B
CUST_02515,Male,No,45,Yes,Artist,1.0,Low,1.0,Cat_7,Casual,High,Low,Medium,9.0,103.6,933.7,2.7,45.3,1,70.5,C
CUST_02516,Female,No,55,No,Healthcare,1.0,Low,2.0,Cat_4,Budget,Very High,Very Low,Low,4.3,36.9,158.3,39.7,5.9,0,23.9,D
CUST_02517,Female,Yes,54,Yes,Artist,10.0,Average,1.0,Cat_2,Luxury,Low,High,Very High,18.5,250.8,4651.1,11.5,17.2,0,89.0,A
CUST_02518,Male,Yes,38,Yes,Artist,5.0,Average,3.0,Cat_6,Active,Low,Medium,Medium,8.0,237.2,1895.9,10.6,35.7,1,79.3,B
CUST_02519,Male,No,28,Yes,Artist,0.0,Low,4.0,Cat_6,Eco-conscious,High,Low,Low,9.3,75.1,697.4,11.1,53.1,0,65.0,C
CUST_02520,Male,Yes,28,Yes,Marketing,6.0,Low,5.0,Cat_1,Budget,Very High,Low,High,9.0,82.4,741.7,23.0,26.0,1,20.9,C
CUST_02521,Male,Yes,30,No,Homemaker,4.0,Low,4.0,Cat_7,Budget,Very High,Medium,Low,4.9,74.4,367.6,13.1,32.1,0,61.0,C
CUST_02522,Male,Yes,55,Yes,Artist,9.0,High,3.0,Cat_6,Active,Low,Very High,High,17.4,291.5,5058.5,7.0,11.9,1,91.9,A
CUST_02523,Male,Yes,37,Yes,Engineer,5.0,Average,3.0,Cat_6,Luxury,Low,Medium,High,9.2,187.9,1725.7,22.3,40.5,1,86.9,B
CUST_02524,Female,No,41,Yes,Healthcare,1.0,Average,3.0,Cat_6,Casual,High,High,High,8.9,150.0,1335.3,9.3,21.9,1,79.9,B
CUST_02525,Female,Yes,28,No,Artist,0.0,Low,3.0,Cat_6,Eco-conscious,High,Low,Medium,7.7,78.6,606.6,14.4,31.2,0,48.8,C
CUST_02526,Female,Yes,32,No,Engineer,3.0,Average,1.0,Cat_3,Active,Medium,Medium,High,13.3,145.8,1941.0,14.9,22.2,1,69.2,B
CUST_02527,Male,Yes,39,Yes,Doctor,6.0,Average,1.0,Cat_6,Luxury,Low,Very High,High,12.6,233.2,2937.9,9.4,13.0,1,99.0,A
CUST_02528,Male,No,48,No,Homemaker,1.0,Low,2.0,Cat_4,,Very High,Low,Low,2.2,68.6,149.8,39.8,4.8,1,31.5,D
CUST_02529,Male,Yes,38,Yes,Doctor,6.0,Average,2.0,Cat_4,Luxury,Low,Very High,High,18.3,207.0,3781.5,7.4,10.8,1,71.2,A
CUST_02530,Female,No,42,No,Artist,2.0,Low,1.0,Cat_6,Budget,High,Low,Low,0.8,61.6,50.1,15.6,10.8,0,34.9,D
CUST_02531,Female,Yes,32,No,Marketing,,Low,3.0,,Eco-conscious,High,Medium,Low,8.2,62.9,517.5,21.1,44.4,1,54.1,C
CUST_02532,Female,No,24,No,Marketing,4.0,Low,3.0,Cat_1,Casual,High,Medium,Low,6.6,84.2,557.7,20.9,47.8,0,48.2,C
CUST_02533,Male,Yes,29,No,Artist,6.0,High,2.0,Cat_6,Active,Low,Medium,Medium,11.5,216.3,2483.7,8.6,35.2,1,64.6,B
CUST_02534,Male,No,74,No,Doctor,6.0,Average,2.0,Cat_4,Casual,Low,Very High,Very High,16.2,264.9,4295.4,6.4,9.2,0,86.5,A
CUST_02535,Male,No,31,No,Homemaker,5.0,Low,5.0,Cat_6,Eco-conscious,Very High,Low,Medium,7.0,108.2,752.8,16.5,25.9,1,71.2,C
CUST_02536,Male,No,29,Yes,Marketing,5.0,Low,5.0,Cat_6,Budget,Very High,Medium,Medium,6.8,89.0,602.5,11.5,49.5,0,57.2,C
CUST_02537,Male,No,27,Yes,Healthcare,3.0,Low,2.0,Cat_6,Budget,High,Medium,Low,7.7,58.4,446.6,13.7,37.7,0,64.9,C
CUST_02538,Male,Yes,53,Yes,Executive,2.0,High,2.0,Cat_6,Luxury,Low,Very High,High,12.9,366.9,4736.7,9.0,23.9,1,89.9,A
CUST_02539,Female,No,32,No,Artist,2.0,Average,4.0,Cat_6,Casual,Very High,Medium,Low,8.0,113.4,903.3,12.8,39.1,1,65.3,C
CUST_02540,Male,No,22,No,Marketing,0.0,Low,4.0,Cat_6,Budget,High,Low,Low,7.6,105.7,806.0,22.3,42.8,1,63.3,C
CUST_02541,Female,Yes,34,No,Marketing,2.0,Low,2.0,Cat_1,Budget,Very High,Low,Medium,10.1,102.7,1031.8,24.7,24.0,0,57.3,C
CUST_02542,Male,Yes,19,No,Homemaker,2.0,Low,2.0,Cat_7,Budget,High,Low,High,5.9,90.7,538.4,29.5,48.3,0,36.1,C
CUST_02543,Female,Yes,43,No,Marketing,0.0,Low,5.0,Cat_1,Eco-conscious,Very High,Medium,Medium,8.5,68.2,579.8,8.1,37.4,1,65.0,C
CUST_02544,Male,No,21,Yes,Artist,1.0,Average,4.0,Cat_1,Budget,High,Low,Low,9.1,90.8,829.7,21.1,54.2,0,49.0,C
CUST_02545,Female,Yes,30,Yes,Doctor,12.0,High,1.0,Cat_6,Active,Low,High,Very High,17.6,283.6,4992.1,5.2,18.9,1,73.3,A
CUST_02546,Male,No,37,Yes,Entertainment,0.0,Average,1.0,Cat_5,Casual,Medium,High,Medium,18.5,88.3,1636.0,14.0,16.9,1,58.3,B
CUST_02547,Female,Yes,56,Yes,Executive,2.0,Average,2.0,Cat_4,Luxury,Low,High,Very High,20.3,251.8,5104.5,9.3,18.0,0,100.0,A
CUST_02548,Female,Yes,44,Yes,Artist,3.0,Average,1.0,,Active,Medium,High,High,12.2,163.2,1997.7,11.2,20.3,1,68.1,B
CUST_02549,Female,No,41,Yes,Engineer,3.0,High,3.0,Cat_3,Active,Medium,High,Medium,10.4,161.3,1680.0,12.8,18.7,0,71.5,B
CUST_02550,Female,No,48,Yes,Engineer,4.0,Average,1.0,Cat_6,Luxury,Low,Very High,High,13.6,243.8,3307.8,7.0,15.2,1,90.3,A
CUST_02551,Female,Yes,50,Yes,Entertainment,4.0,Low,2.0,Cat_6,Active,Medium,High,Medium,8.9,107.6,962.9,14.4,37.6,0,,B
CUST_02552,Female,Yes,40,Yes,Doctor,4.0,High,1.0,Cat_2,,Low,High,High,22.5,273.5,6166.6,5.9,10.6,0,80.3,A
CUST_02553,Female,Yes,25,Yes,Artist,2.0,Low,5.0,Cat_6,Budget,High,Low,High,6.0,89.3,537.7,14.0,29.3,1,53.7,C
CUST_02554,Female,No,69,Yes,Healthcare,0.0,Low,1.0,Cat_5,,High,Low,Very Low,3.2,85.0,274.3,21.9,13.8,1,29.5,D
CUST_02555,Female,No,48,Yes,Executive,11.0,High,2.0,Cat_4,Casual,Low,Very High,High,21.7,291.0,6305.9,4.2,24.1,1,89.9,A
CUST_02556,Male,No,48,No,Healthcare,5.0,Low,1.0,Cat_4,Budget,Very High,Low,Very Low,4.0,52.5,210.3,30.5,18.7,0,30.1,D
CUST_02557,Male,No,25,Yes,Entertainment,5.0,High,3.0,Cat_5,Casual,Medium,Medium,Medium,12.0,195.4,2354.5,6.2,32.9,0,84.6,B
CUST_02558,Male,Yes,32,Yes,Entertainment,2.0,Average,3.0,Cat_5,Luxury,Medium,Medium,Medium,5.3,137.1,730.4,13.8,39.8,1,74.4,B
CUST_02559,Male,Yes,53,Yes,Engineer,5.0,High,3.0,,Luxury,Low,High,Very High,16.3,278.6,4529.4,10.6,16.9,0,84.1,A
CUST_02560,Male,Yes,38,Yes,Artist,6.0,Average,3.0,Cat_6,,Medium,Medium,Medium,6.2,172.5,1073.5,15.9,19.8,0,58.2,B
CUST_02561,Female,Yes,33,No,Healthcare,,Low,1.0,Cat_6,Casual,Very High,Low,Medium,8.1,106.5,859.5,18.4,48.7,0,42.8,C
CUST_02562,Female,No,39,No,Marketing,2.0,Low,5.0,,Casual,High,Low,Medium,8.6,107.4,924.3,15.8,57.7,0,,C
CUST_02563,Female,Yes,48,No,Lawyer,6.0,Average,1.0,Cat_4,Luxury,Medium,Very High,Very High,16.0,275.6,4397.5,2.5,9.2,1,96.5,A
CUST_02564,Female,Yes,56,Yes,Engineer,5.0,High,2.0,,,Low,Very High,Very High,22.3,274.7,6134.6,6.8,19.1,1,100.0,A
CUST_02565,Female,Yes,25,No,Engineer,4.0,High,3.0,Cat_3,Casual,Low,High,Medium,11.1,205.8,2290.6,10.5,19.1,1,65.7,B
CUST_02566,Male,Yes,29,Yes,Engineer,3.0,Average,3.0,Cat_6,Active,Low,High,High,12.3,141.1,1735.1,15.8,22.5,1,71.6,B
CUST_02567,Male,Yes,42,Yes,Executive,10.0,High,3.0,Cat_6,Active,Medium,Very High,High,15.8,200.3,3170.8,8.6,13.2,1,84.3,A
CUST_02568,Female,Yes,31,No,Engineer,6.0,Average,4.0,,Casual,Medium,High,High,11.3,161.2,1828.2,1.6,23.4,1,,B
CUST_02569,Female,Yes,41,Yes,Artist,2.0,Average,4.0,Cat_1,Eco-conscious,Very High,Low,Medium,10.0,84.4,840.1,25.1,52.6,0,36.2,C
CUST_02570,Male,No,42,Yes,Homemaker,0.0,Low,1.0,Cat_5,Budget,High,Very Low,Low,3.8,76.9,291.2,19.2,9.9,0,25.0,D
CUST_02571,Male,Yes,60,Yes,Healthcare,7.0,Average,1.0,Cat_6,Active,Low,Medium,Medium,13.1,193.4,2524.1,8.6,35.7,0,63.8,B
CUST_02572,Male,No,38,No,Healthcare,0.0,Low,3.0,Cat_4,Budget,High,Low,Low,3.3,50.5,168.3,47.0,15.9,1,38.9,D
CUST_02573,Male,Yes,44,Yes,Artist,8.0,High,3.0,Cat_3,Active,Medium,High,Medium,9.8,176.7,1736.9,7.2,16.1,0,60.2,B
CUST_02574,Female,Yes,45,Yes,Engineer,9.0,High,1.0,Cat_5,Active,Medium,Medium,High,8.8,145.0,1269.6,12.9,24.2,1,67.7,B
CUST_02575,Female,Yes,45,No,Executive,3.0,High,3.0,Cat_4,Luxury,Low,Very High,High,18.3,296.7,5443.3,5.8,20.1,0,78.9,A
CUST_02576,Female,No,35,No,Healthcare,1.0,Average,3.0,Cat_7,,Very High,Medium,Low,6.5,83.8,541.5,15.5,47.7,0,65.9,C
CUST_02577,Female,No,58,No,Healthcare,0.0,Average,2.0,Cat_6,Budget,High,Low,Very Low,3.4,46.8,160.5,28.3,14.4,1,33.0,D
CUST_02578,Male,Yes,44,Yes,Artist,0.0,Low,3.0,Cat_7,Casual,Very High,Medium,Medium,8.4,53.0,444.3,14.2,43.2,0,58.5,C
CUST_02579,Female,Yes,37,Yes,Healthcare,3.0,Average,4.0,Cat_6,Luxury,Medium,Medium,Medium,7.9,154.1,1217.1,17.1,5.9,0,81.2,B
CUST_02580,Male,Yes,28,Yes,Homemaker,2.0,Average,4.0,Cat_6,Budget,High,Low,Low,7.6,41.6,314.7,12.0,65.6,1,37.3,C
CUST_02581,Male,Yes,49,Yes,Engineer,6.0,High,2.0,Cat_2,Luxury,Low,Very High,High,16.7,222.6,3714.5,7.1,23.6,1,81.0,A
CUST_02582,Male,No,49,Yes,Healthcare,0.0,Low,,Cat_5,Casual,Very High,Low,Low,6.3,44.6,281.6,38.5,5.8,0,37.4,D
CUST_02583,Female,No,47,Yes,Artist,6.0,Average,3.0,Cat_6,Active,Low,High,High,9.7,185.7,1804.1,9.7,23.4,0,53.2,B
CUST_02584,Female,Yes,36,Yes,Engineer,4.0,Average,4.0,Cat_3,Luxury,Medium,Medium,High,3.8,138.1,525.9,11.1,32.4,0,74.7,B
CUST_02585,Male,Yes,29,Yes,Engineer,1.0,Average,4.0,Cat_5,Active,Medium,High,High,15.4,128.0,1973.0,15.6,33.6,0,81.8,B
CUST_02586,Female,No,42,No,Artist,3.0,Low,3.0,Cat_7,Casual,High,Low,Low,7.7,55.2,425.9,14.1,68.4,0,68.4,C
CUST_02587,Female,No,58,Yes,Doctor,4.0,High,2.0,Cat_6,Luxury,Low,High,High,15.0,263.8,3946.2,8.5,16.1,0,92.0,A
CUST_02588,Male,Yes,37,Yes,Marketing,1.0,Low,2.0,Cat_7,Budget,High,Medium,Medium,12.3,61.1,750.8,20.8,44.7,1,32.0,C
CUST_02589,Male,Yes,34,Yes,Executive,,High,1.0,Cat_2,Luxury,Low,Very High,Very High,15.3,250.0,3814.8,6.4,12.2,1,87.7,A
CUST_02590,Male,No,32,Yes,Healthcare,2.0,Low,3.0,Cat_6,Casual,High,Medium,Medium,10.2,113.2,1155.8,19.6,49.1,1,52.8,C
CUST_02591,Male,Yes,31,Yes,Marketing,5.0,Low,4.0,Cat_6,Budget,Very High,Medium,Medium,7.5,72.4,543.6,16.5,48.4,1,73.8,C
CUST_02592,Female,Yes,34,No,Healthcare,0.0,Low,2.0,,Budget,High,Low,Low,8.6,90.1,771.3,15.7,37.9,0,38.6,C
CUST_02593,Male,No,25,Yes,Entertainment,6.0,High,2.0,Cat_3,Luxury,Low,Medium,Medium,9.3,136.0,1261.3,12.5,23.9,0,84.4,B
CUST_02594,Male,Yes,24,Yes,Artist,2.0,Average,4.0,Cat_6,Casual,Low,High,Medium,14.6,181.7,2661.7,14.3,28.3,0,71.2,B
CUST_02595,Male,Yes,38,Yes,Executive,3.0,High,1.0,Cat_6,Active,Low,High,Very High,14.0,243.7,3410.5,6.9,9.5,0,91.6,A
CUST_02596,Male,No,30,No,Artist,0.0,Low,,Cat_1,Budget,High,Medium,Medium,8.2,80.3,661.9,21.9,40.9,0,62.3,C
CUST_02597,Male,Yes,37,Yes,Artist,1.0,Low,4.0,Cat_6,Active,Medium,Medium,High,9.3,148.9,1389.6,11.1,25.4,1,52.5,B
CUST_02598,Female,No,37,Yes,Artist,4.0,Average,3.0,Cat_6,Active,Medium,Medium,High,12.2,114.6,1393.8,12.2,30.3,1,76.1,B
CUST_02599,Male,Yes,24,No,Engineer,1.0,Average,2.0,Cat_6,Active,Medium,High,Medium,10.6,125.0,1327.5,16.3,17.7,1,54.9,B
CUST_02600,Male,Yes,70,Yes,Artist,7.0,High,2.0,Cat_6,Casual,Low,Very High,Very High,17.5,228.8,4006.2,4.4,13.3,1,78.0,A
CUST_02601,Female,Yes,31,Yes,Homemaker,2.0,Average,1.0,Cat_1,Budget,High,Low,Medium,10.4,69.4,723.0,16.9,38.6,1,34.2,C
CUST_02602,Male,Yes,43,Yes,Executive,9.0,Average,1.0,Cat_4,Luxury,Low,Very High,Very High,16.8,263.7,4420.6,12.4,15.5,1,100.0,A
CUST_02603,Female,Yes,29,No,Healthcare,1.0,Low,3.0,Cat_1,Budget,Very High,Medium,High,6.9,115.2,795.1,17.2,47.1,1,43.2,C
CUST_02604,Female,No,38,Yes,Engineer,1.0,Average,3.0,Cat_3,Active,Low,High,Medium,10.7,220.5,2353.0,15.5,25.5,0,66.5,B
CUST_02605,Male,Yes,31,Yes,Executive,7.0,High,3.0,Cat_2,Active,Low,High,High,15.2,229.7,3500.3,5.0,15.0,0,99.6,A
CUST_02606,Female,Yes,35,Yes,Artist,8.0,Low,3.0,Cat_6,Active,Medium,Medium,Medium,14.3,198.4,2836.7,15.7,37.6,1,90.0,B
CUST_02607,Male,No,60,Yes,Lawyer,5.0,High,2.0,Cat_4,Active,Low,Very High,High,13.8,312.9,4315.5,6.2,5.9,1,82.1,A
CUST_02608,Female,Yes,34,No,Engineer,9.0,Average,3.0,Cat_6,Active,Low,High,High,8.4,154.0,1289.4,2.2,37.1,1,62.9,B
CUST_02609,Female,No,20,Yes,Marketing,1.0,Low,1.0,Cat_6,Budget,Very High,Medium,Low,5.0,96.8,483.7,22.4,44.3,1,36.8,C
CUST_02610,Male,No,74,Yes,Executive,9.0,High,1.0,Cat_4,Luxury,Low,High,Very High,17.2,250.3,4305.2,4.5,10.7,1,83.7,A
CUST_02611,Male,No,18,Yes,Artist,0.0,Average,2.0,Cat_1,,High,Low,Medium,7.0,96.9,683.2,7.5,44.9,1,63.5,C
CUST_02612,Female,Yes,43,Yes,Executive,1.0,High,2.0,Cat_6,Active,Low,Very High,Very High,25.5,298.8,7609.3,8.3,19.1,1,96.6,A
CUST_02613,Male,No,31,Yes,Lawyer,7.0,High,2.0,Cat_4,Luxury,Medium,High,High,14.8,354.8,5242.3,8.1,12.7,1,85.8,A
CUST_02614,Male,No,31,No,Healthcare,3.0,Low,3.0,Cat_1,Casual,High,Low,Medium,3.9,93.9,364.8,20.6,42.6,0,28.2,C
CUST_02615,Female,Yes,34,Yes,Engineer,3.0,Average,3.0,Cat_6,Active,Low,High,Medium,12.6,120.0,1506.7,12.2,36.1,1,73.0,B
CUST_02616,Male,Yes,67,Yes,Engineer,5.0,High,3.0,Cat_4,Luxury,Low,High,Very High,21.6,315.3,6810.3,9.0,14.6,1,80.6,A
CUST_02617,Male,Yes,32,Yes,Healthcare,6.0,Average,2.0,Cat_3,,Medium,Medium,High,7.0,134.5,939.8,14.5,36.1,1,70.9,B
CUST_02618,Male,Yes,24,No,Artist,3.0,Average,2.0,Cat_6,Active,Low,Medium,High,12.8,198.4,2535.8,7.4,30.4,1,,B
CUST_02619,Female,No,29,Yes,Artist,0.0,Low,4.0,Cat_1,Budget,High,Low,Medium,8.0,79.5,633.4,16.2,57.0,0,75.6,C
CUST_02620,Male,Yes,42,Yes,Artist,2.0,Average,4.0,Cat_3,Active,Low,Medium,High,14.3,144.5,2070.8,11.5,20.1,1,78.6,B
CUST_02621,Male,No,33,No,Artist,2.0,Low,3.0,Cat_1,Casual,High,Medium,Medium,7.8,65.5,514.2,29.6,65.5,0,41.7,C
CUST_02622,Female,No,18,Yes,Healthcare,0.0,Low,4.0,Cat_6,Casual,Very High,Low,Low,3.3,66.8,221.1,37.5,15.5,0,42.9,D
CUST_02623,Male,Yes,35,No,Engineer,6.0,Average,3.0,,Luxury,Medium,High,Medium,13.6,216.9,2949.7,13.9,38.3,0,72.5,B
CUST_02624,Female,Yes,40,Yes,Homemaker,5.0,Low,5.0,Cat_4,Casual,High,Low,Low,3.6,30.0,109.2,29.6,18.0,1,25.5,D
CUST_02625,Female,Yes,55,Yes,Engineer,0.0,Average,1.0,Cat_6,Luxury,Low,High,High,10.8,140.2,1515.9,12.7,20.7,1,87.5,B
CUST_02626,Male,No,56,Yes,Homemaker,2.0,Low,2.0,Cat_5,Budget,High,Low,Very Low,1.4,71.6,100.0,37.3,11.0,0,24.2,D
CUST_02627,Male,Yes,64,No,Engineer,6.0,High,2.0,Cat_4,Active,Low,Very High,Very High,13.8,378.4,5238.6,9.0,15.1,1,93.2,A
CUST_02628,Male,No,19,Yes,Healthcare,0.0,Low,,Cat_6,Casual,Very High,Medium,High,4.7,50.5,239.7,20.6,44.2,0,60.3,C
CUST_02629,Male,Yes,39,Yes,Healthcare,7.0,Average,3.0,Cat_3,Casual,Low,High,High,10.5,133.5,1405.4,7.5,9.8,1,67.4,B
CUST_02630,Male,Yes,34,Yes,Artist,0.0,Average,3.0,Cat_6,Luxury,High,Medium,High,10.6,177.2,1871.9,13.6,23.7,1,75.0,B
CUST_02631,Male,Yes,29,No,Homemaker,0.0,Low,4.0,Cat_1,Budget,High,Medium,Low,6.3,81.5,516.8,18.3,44.9,1,64.0,C
CUST_02632,Female,No,39,No,Artist,1.0,Low,4.0,Cat_6,Budget,Very High,Medium,Medium,3.2,77.0,245.3,11.9,47.5,0,48.5,C
CUST_02633,Male,Yes,34,Yes,Artist,7.0,High,1.0,Cat_4,Luxury,Low,Very High,Very High,17.6,276.4,4872.1,7.3,16.8,1,85.7,A
CUST_02634,Female,No,44,Yes,Lawyer,5.0,High,3.0,Cat_2,Luxury,Low,High,Medium,20.5,283.7,5824.2,5.5,19.1,0,80.7,A
CUST_02635,Female,Yes,30,No,Marketing,0.0,Low,3.0,Cat_7,Budget,Very High,Low,Medium,7.1,65.5,463.9,4.4,50.1,0,,C
CUST_02636,Female,Yes,26,No,Artist,0.0,Low,5.0,Cat_7,Casual,High,Low,Medium,4.9,65.3,322.6,24.1,28.1,1,62.5,C
CUST_02637,Female,Yes,67,No,Lawyer,0.0,Low,4.0,Cat_5,Casual,Very High,Low,Very Low,1.7,65.5,110.7,54.5,6.8,0,23.3,D
CUST_02638,Female,No,28,Yes,Healthcare,2.0,Average,1.0,,Budget,Very High,Low,High,6.7,99.4,664.1,15.5,57.9,0,45.6,C
CUST_02639,Female,Yes,50,No,Artist,2.0,Low,2.0,Cat_4,Budget,High,Very Low,Low,4.6,63.3,291.8,32.3,3.9,0,30.5,D
CUST_02640,Female,No,30,Yes,Marketing,5.0,Low,3.0,Cat_6,Eco-conscious,Very High,Low,Medium,3.1,83.2,256.9,10.1,26.0,0,40.4,C
CUST_02641,Female,Yes,46,Yes,Engineer,2.0,Average,3.0,Cat_6,Active,Medium,High,Medium,13.1,170.5,2226.2,12.2,33.0,1,77.3,B
CUST_02642,Male,Yes,29,No,Lawyer,6.0,High,2.0,Cat_6,Luxury,Low,Very High,Very High,19.4,173.3,3365.9,5.4,13.4,1,79.5,A
CUST_02643,Male,Yes,25,Yes,Marketing,2.0,Low,2.0,Cat_1,Eco-conscious,High,Low,Low,7.6,64.8,490.8,17.5,37.7,1,34.1,C
CUST_02644,Female,Yes,20,No,Artist,0.0,Low,2.0,Cat_7,Budget,High,Medium,Medium,6.0,99.0,589.3,25.4,26.9,0,40.7,C
CUST_02645,Male,Yes,33,Yes,Executive,4.0,High,1.0,Cat_6,Luxury,Low,Very High,Very High,22.7,307.3,6981.9,4.4,13.7,0,86.2,A
CUST_02646,Male,Yes,35,No,Engineer,4.0,High,1.0,Cat_5,Active,Low,Medium,Medium,12.1,182.5,2204.2,11.8,22.1,1,73.1,B
CUST_02647,Female,Yes,36,No,Homemaker,3.0,Low,3.0,Cat_6,Budget,High,Low,Very Low,1.1,66.8,73.8,47.5,16.6,1,29.6,D
CUST_02648,Male,No,25,Yes,Artist,2.0,High,3.0,Cat_3,Luxury,Medium,High,Medium,12.4,218.0,2704.2,14.2,24.3,1,73.8,B
CUST_02649,Male,Yes,40,Yes,Artist,6.0,High,2.0,Cat_5,Luxury,Medium,High,Medium,4.9,134.3,664.1,8.5,31.6,1,61.1,B
CUST_02650,Male,Yes,33,No,Artist,4.0,Average,1.0,Cat_6,Active,Low,High,Medium,11.6,187.5,2183.8,13.4,22.2,1,60.9,B
CUST_02651,Female,Yes,46,Yes,Artist,9.0,Average,2.0,Cat_2,Active,Medium,High,High,19.2,341.2,6564.2,8.3,23.7,1,83.7,A
CUST_02652,Female,Yes,40,Yes,Engineer,5.0,Low,1.0,Cat_5,Active,Medium,High,Medium,12.7,174.5,2216.9,13.2,24.3,1,69.6,B
CUST_02653,Male,Yes,24,Yes,Artist,6.0,Average,2.0,Cat_6,Casual,Low,Medium,Medium,12.3,174.1,2143.1,11.4,41.0,0,80.4,B
CUST_02654,Female,Yes,45,No,Artist,7.0,Average,,Cat_6,Active,Low,High,Very High,17.7,323.6,5721.2,7.0,16.6,1,92.6,A
CUST_02655,Male,Yes,41,No,Healthcare,0.0,Low,2.0,Cat_7,Eco-conscious,High,Medium,Low,7.9,79.8,633.6,12.2,43.8,1,46.9,C
CUST_02656,Male,Yes,29,No,Engineer,4.0,Average,3.0,Cat_6,Casual,Medium,High,Medium,9.3,92.0,854.3,19.2,31.8,1,59.8,B
CUST_02657,Male,Yes,27,No,Marketing,,Average,2.0,Cat_1,Budget,Very High,Medium,Medium,7.5,64.2,484.6,32.4,62.9,0,81.3,C
CUST_02658,Female,Yes,37,No,Homemaker,0.0,Average,4.0,Cat_7,Budget,Very High,Low,Medium,3.2,72.1,228.7,4.5,56.4,1,51.9,C
CUST_02659,Male,Yes,51,Yes,Executive,8.0,Average,1.0,Cat_6,Luxury,Low,High,Very High,18.4,218.9,4036.3,7.6,7.9,0,93.4,A
CUST_02660,Male,Yes,32,Yes,Artist,0.0,Low,3.0,Cat_6,Budget,Very High,Medium,Medium,10.7,56.2,603.1,13.0,38.4,0,60.9,C
CUST_02661,Male,Yes,42,No,Artist,0.0,High,5.0,Cat_5,Active,Medium,Medium,High,10.6,135.9,1434.9,10.2,13.9,1,81.0,B
CUST_02662,Female,Yes,47,No,Healthcare,1.0,Average,1.0,,Budget,High,Low,Low,2.9,51.2,150.1,55.7,15.5,0,9.1,D
CUST_02663,Female,Yes,37,Yes,Artist,4.0,High,1.0,Cat_6,Luxury,Low,High,Very High,14.8,238.7,3534.5,7.8,9.9,1,98.0,A
CUST_02664,Male,Yes,29,No,Healthcare,3.0,Low,4.0,Cat_6,Budget,High,Low,Low,6.7,66.6,443.3,21.9,25.6,1,64.8,C
CUST_02665,Female,No,33,No,Healthcare,0.0,Low,2.0,Cat_6,Budget,High,Medium,Medium,8.9,142.4,1260.8,11.3,51.8,0,55.5,C
CUST_02666,Female,Yes,33,Yes,Artist,4.0,Average,2.0,Cat_6,Active,Medium,High,High,10.8,194.2,2099.6,12.1,30.2,1,62.5,B
CUST_02667,Male,Yes,26,Yes,Lawyer,3.0,High,2.0,Cat_6,Active,Medium,Very High,High,12.7,353.1,4466.9,9.2,12.7,1,85.9,A
CUST_02668,Female,No,24,No,Healthcare,5.0,Low,1.0,Cat_7,Casual,High,Low,Low,9.4,57.0,535.9,9.7,36.1,1,58.4,C
CUST_02669,Female,Yes,18,Yes,Marketing,1.0,Low,2.0,Cat_6,Budget,Very High,Low,Medium,6.0,104.3,623.5,23.4,43.4,0,36.9,C
CUST_02670,Female,Yes,40,Yes,Entertainment,3.0,Average,,Cat_6,Active,Medium,Medium,Medium,14.4,60.4,870.8,10.1,23.9,1,,B
CUST_02671,Male,Yes,36,Yes,Healthcare,1.0,Low,4.0,Cat_6,Casual,High,Medium,Medium,3.8,105.3,395.7,21.9,51.0,1,79.7,C
CUST_02672,Male,No,40,Yes,Engineer,5.0,Low,2.0,Cat_5,Active,Medium,Medium,High,15.1,237.5,3576.0,18.8,25.4,1,63.4,B
CUST_02673,Male,No,33,Yes,Healthcare,2.0,Average,4.0,Cat_6,Eco-conscious,High,Medium,Medium,6.4,107.6,691.7,24.5,43.2,1,55.5,C
CUST_02674,Male,Yes,43,Yes,Doctor,,High,2.0,Cat_6,Luxury,Low,High,Very High,15.9,315.7,5022.2,8.5,14.2,1,93.4,A
CUST_02675,Female,No,47,No,Artist,1.0,Low,1.0,Cat_6,Casual,Very High,Very Low,Low,3.7,61.3,227.6,33.1,9.5,0,21.3,D
CUST_02676,Male,Yes,28,Yes,Healthcare,6.0,Average,1.0,Cat_6,Active,Low,High,Medium,11.6,189.0,2196.6,9.8,36.0,0,67.7,B
CUST_02677,Male,Yes,42,No,Artist,1.0,Average,2.0,Cat_6,Active,Medium,Medium,High,8.4,138.7,1171.1,6.6,32.8,0,64.4,B
CUST_02678,Female,No,46,Yes,Artist,4.0,High,2.0,Cat_6,Luxury,Low,High,High,9.1,253.8,2316.2,10.1,9.1,0,89.9,A
CUST_02679,Female,No,39,Yes,Engineer,4.0,Average,2.0,Cat_4,Luxury,Low,High,Very High,15.5,295.8,4597.2,6.1,15.9,0,93.3,A
CUST_02680,Female,Yes,41,No,Engineer,5.0,High,3.0,Cat_3,Casual,Medium,High,Medium,5.4,192.4,1042.5,16.9,41.5,1,78.1,B
CUST_02681,Male,No,42,No,Entertainment,4.0,Average,3.0,Cat_6,Luxury,Medium,High,Medium,10.2,150.0,1526.0,12.9,25.9,0,74.7,B
CUST_02682,Female,Yes,26,No,Marketing,5.0,Low,8.0,Cat_6,Casual,High,Low,Medium,8.7,60.6,526.2,20.3,64.1,1,57.6,C
CUST_02683,Female,Yes,41,No,Artist,10.0,High,2.0,Cat_6,Luxury,Low,High,Very High,14.6,339.3,4943.1,9.5,8.5,1,89.5,A
CUST_02684,Male,No,32,Yes,Entertainment,1.0,High,3.0,Cat_6,Casual,Medium,Medium,Medium,5.3,150.2,794.2,6.9,29.1,1,67.4,B
CUST_02685,Female,Yes,27,No,Healthcare,8.0,Average,2.0,Cat_3,Casual,Low,Medium,Medium,14.5,253.6,3684.1,14.2,28.8,1,75.4,B
CUST_02686,Female,Yes,36,Yes,Executive,6.0,Average,2.0,Cat_6,Luxury,Low,Very High,Very High,17.5,259.1,4527.3,6.3,19.6,1,71.6,A
CUST_02687,Female,Yes,42,Yes,Executive,4.0,High,4.0,Cat_6,Luxury,Low,High,Very High,14.1,276.1,3905.9,1.5,16.4,0,81.9,A
CUST_02688,Female,Yes,28,No,Entertainment,1.0,Average,2.0,Cat_6,Active,Medium,High,High,11.1,158.8,1766.5,21.7,30.4,0,60.9,B
CUST_02689,Female,Yes,36,No,Engineer,6.0,Average,5.0,Cat_3,Active,Medium,Medium,High,11.5,151.2,1746.2,9.6,22.0,0,68.3,B
CUST_02690,Female,Yes,42,Yes,Engineer,,High,3.0,Cat_6,Luxury,Medium,High,Medium,15.2,252.0,3832.3,10.6,23.3,1,,B
CUST_02691,Female,Yes,24,No,Healthcare,4.0,Average,4.0,Cat_5,Active,Medium,High,Medium,12.3,165.6,2040.3,13.1,27.8,0,78.9,B
CUST_02692,Female,No,34,No,Artist,0.0,Average,2.0,Cat_5,Active,High,High,High,9.2,146.5,1351.9,10.0,23.1,0,72.5,B
CUST_02693,Male,Yes,36,Yes,Lawyer,6.0,High,3.0,Cat_6,Casual,Low,Very High,Very High,17.9,328.0,5857.1,5.3,24.7,1,93.5,A
CUST_02694,Female,Yes,30,No,Engineer,6.0,High,1.0,Cat_6,Active,High,Medium,High,11.6,143.2,1664.0,3.6,13.8,0,69.9,B
CUST_02695,Female,No,43,No,Artist,1.0,Low,2.0,Cat_4,Budget,High,Very Low,Low,3.1,56.8,178.4,30.9,17.7,1,,D
CUST_02696,Female,Yes,53,No,Engineer,0.0,Average,3.0,Cat_3,Casual,Medium,Medium,Medium,7.2,216.5,1553.3,4.8,22.2,0,80.6,B
CUST_02697,Male,No,34,Yes,Marketing,4.0,Low,4.0,Cat_6,Eco-conscious,Very High,Medium,High,8.5,32.9,280.3,25.0,55.6,1,76.8,C
CUST_02698,Male,Yes,40,Yes,Engineer,2.0,Average,2.0,Cat_3,Active,Medium,High,High,12.5,168.7,2105.3,9.9,42.2,1,71.4,B
CUST_02699,Female,Yes,22,No,Marketing,4.0,Low,4.0,Cat_6,Budget,High,Low,Low,7.5,80.6,603.9,17.7,57.1,0,43.8,C
CUST_02700,Female,Yes,37,Yes,Healthcare,2.0,Low,4.0,Cat_6,Casual,High,Medium,Low,9.9,84.6,835.6,27.5,40.8,0,56.5,C
CUST_02701,Female,Yes,32,Yes,Entertainment,3.0,Average,4.0,Cat_5,Luxury,Low,High,High,13.2,131.3,1737.9,12.5,27.1,0,80.6,B
CUST_02702,Female,Yes,39,Yes,Lawyer,2.0,Low,1.0,Cat_6,Budget,Very High,Very Low,Low,3.8,34.4,130.9,22.6,5.3,0,22.8,D
CUST_02703,Female,No,45,Yes,Doctor,4.0,High,1.0,Cat_4,Luxury,Low,Very High,High,14.8,244.0,3621.6,4.2,11.0,1,80.7,A
CUST_02704,Female,Yes,33,No,Doctor,4.0,Average,1.0,Cat_2,Luxury,Low,Very High,High,20.4,285.9,5826.5,3.8,14.4,1,80.4,A
CUST_02705,Female,Yes,38,No,Marketing,4.0,Average,2.0,Cat_6,Budget,High,Medium,Medium,5.7,90.6,519.4,20.3,63.2,1,53.8,C
CUST_02706,Female,Yes,28,No,Homemaker,2.0,Low,6.0,Cat_1,,Very High,Low,Medium,12.5,95.8,1196.7,19.6,39.0,0,70.2,C
CUST_02707,Male,Yes,42,Yes,Executive,,High,3.0,Cat_4,Active,Low,Very High,Very High,14.9,306.0,4556.9,9.8,6.1,1,90.5,A
CUST_02708,Female,Yes,36,Yes,Healthcare,3.0,Average,6.0,Cat_5,Casual,Low,High,High,9.4,193.4,1821.3,13.5,44.3,1,82.5,B
CUST_02709,Female,Yes,52,Yes,Engineer,,High,2.0,Cat_2,Luxury,Low,High,Very High,14.6,347.7,5071.4,6.7,18.1,0,70.4,A
CUST_02710,Male,Yes,44,No,Healthcare,,Average,2.0,Cat_5,Luxury,Medium,Medium,Medium,13.6,188.7,2560.4,8.0,21.6,1,78.6,B
CUST_02711,Female,No,34,No,Artist,2.0,Average,4.0,Cat_6,Eco-conscious,High,Low,Medium,6.5,84.7,547.0,12.3,51.3,0,46.9,C
CUST_02712,Female,Yes,56,No,Artist,3.0,Low,6.0,Cat_6,,Low,Medium,High,10.8,153.9,1656.0,9.4,28.7,1,66.5,B
CUST_02713,Male,Yes,53,Yes,Artist,8.0,High,5.0,Cat_5,Active,Low,High,Medium,5.5,107.8,590.5,9.3,30.8,0,69.1,B
CUST_02714,Male,Yes,29,No,Artist,9.0,Low,2.0,Cat_5,Luxury,High,High,Medium,13.8,166.8,2293.4,9.4,33.8,1,70.4,B
CUST_02715,Female,No,48,Yes,Engineer,6.0,High,2.0,,Luxury,Low,Very High,Very High,19.4,344.5,6674.4,4.3,16.3,1,92.1,A
CUST_02716,Male,Yes,34,No,Engineer,,Average,2.0,Cat_3,,Low,Medium,Medium,17.6,214.5,3785.3,12.9,22.2,1,74.9,B
CUST_02717,Female,Yes,49,No,Marketing,3.0,Average,4.0,Cat_1,Eco-conscious,High,Low,High,10.2,67.3,685.4,35.0,49.2,1,53.7,C
CUST_02718,Male,Yes,42,Yes,Homemaker,2.0,Low,2.0,Cat_6,Budget,High,Very Low,Low,3.7,83.1,307.8,28.8,17.7,0,16.4,D
CUST_02719,Male,No,38,No,Artist,0.0,Low,4.0,Cat_6,Budget,Very High,Low,Medium,10.8,103.3,1114.9,10.9,51.5,0,48.6,C
CUST_02720,Female,No,51,Yes,Executive,7.0,Average,2.0,Cat_6,Active,Low,Very High,Very High,17.8,252.3,4488.4,8.1,13.7,1,81.4,A
CUST_02721,Male,Yes,53,Yes,Lawyer,1.0,Low,,Cat_6,Casual,High,Low,Low,4.0,74.3,299.5,30.7,6.3,0,22.9,D
CUST_02722,Male,No,24,Yes,Artist,3.0,Low,2.0,Cat_1,Eco-conscious,High,Medium,Medium,6.2,106.0,658.7,21.2,49.7,1,51.0,C
CUST_02723,Female,Yes,20,No,Healthcare,0.0,Low,3.0,Cat_1,Eco-conscious,Very High,Medium,Medium,9.2,63.8,587.4,23.0,43.4,1,48.4,C
CUST_02724,Female,Yes,25,No,Artist,7.0,Average,2.0,Cat_6,,High,High,Medium,10.6,192.1,2038.5,10.3,22.1,0,,B
CUST_02725,Female,Yes,46,Yes,Healthcare,5.0,Average,3.0,Cat_3,Active,Low,High,Medium,13.3,149.2,1985.1,19.4,19.0,0,77.3,B
CUST_02726,Male,No,35,No,Entertainment,4.0,High,2.0,Cat_5,Casual,Medium,High,High,7.7,170.8,1319.5,10.3,20.2,1,57.2,B
CUST_02727,Female,No,53,Yes,Engineer,10.0,High,3.0,Cat_2,Luxury,Low,Very High,High,12.8,292.9,3754.5,5.7,15.4,0,83.7,A
CUST_02728,Female,Yes,64,Yes,Engineer,2.0,Average,3.0,Cat_4,Active,Low,High,High,16.8,325.4,5455.2,3.1,14.0,0,79.4,A
CUST_02729,Male,Yes,44,Yes,Doctor,3.0,Average,2.0,Cat_6,Casual,Low,Very High,Very High,17.2,302.7,5221.0,2.8,15.4,1,82.9,A
CUST_02730,Female,Yes,60,Yes,Artist,3.0,High,3.0,Cat_5,Casual,Medium,High,Medium,11.7,106.9,1253.5,13.1,33.2,1,74.7,B
CUST_02731,Female,No,27,Yes,Marketing,3.0,Average,3.0,Cat_1,Budget,High,Low,Low,10.0,69.9,701.1,22.7,59.9,1,45.8,C
CUST_02732,Female,No,35,Yes,Engineer,5.0,High,1.0,Cat_6,Casual,Medium,High,High,8.7,160.7,1399.2,15.4,24.5,0,63.9,B
CUST_02733,Female,Yes,32,Yes,Lawyer,5.0,High,4.0,Cat_6,Luxury,Low,High,High,16.2,292.0,4739.4,1.0,13.1,1,85.3,A
CUST_02734,Female,Yes,63,Yes,Homemaker,1.0,Low,1.0,Cat_6,Casual,Very High,Low,Low,4.1,51.3,212.9,38.5,19.9,0,50.1,D
CUST_02735,Male,No,38,No,Healthcare,5.0,Low,1.0,Cat_6,Budget,Very High,Low,Low,3.3,61.5,201.5,37.5,5.2,1,12.9,D
CUST_02736,Female,Yes,28,Yes,Homemaker,4.0,Low,3.0,Cat_7,Eco-conscious,High,Medium,Medium,7.1,99.3,707.0,19.5,40.7,0,36.8,C
CUST_02737,Female,No,44,No,Lawyer,1.0,Low,1.0,Cat_6,Casual,High,Very Low,Low,2.4,55.3,131.7,36.8,22.4,1,12.1,D
CUST_02738,Male,No,47,Yes,Healthcare,1.0,Average,3.0,Cat_6,Active,Low,Medium,Medium,11.1,176.1,1956.7,10.5,29.0,0,71.8,B
CUST_02739,Male,No,70,No,Healthcare,2.0,Low,1.0,Cat_6,Casual,High,Very Low,Very Low,2.9,76.7,219.3,37.1,8.0,0,7.7,D
CUST_02740,Male,Yes,48,Yes,Executive,5.0,Average,2.0,Cat_4,Luxury,Low,Very High,Very High,15.4,275.0,4234.7,7.0,11.9,1,89.0,A
CUST_02741,Male,Yes,27,No,Engineer,,High,3.0,Cat_6,Casual,Medium,Medium,Medium,12.9,233.7,3005.6,7.9,25.1,0,60.6,B
CUST_02742,Female,Yes,42,Yes,Executive,7.0,Average,3.0,Cat_6,Luxury,Low,High,High,12.4,296.9,3681.6,4.6,13.0,1,100.0,A
CUST_02743,Female,Yes,50,Yes,Lawyer,7.0,High,4.0,Cat_4,Active,Low,Very High,High,16.7,285.9,4777.7,10.1,17.0,1,87.3,A
CUST_02744,Female,Yes,59,Yes,Artist,2.0,High,2.0,Cat_6,Active,Low,High,Very High,19.9,234.4,4664.4,8.9,2.9,1,84.8,A
CUST_02745,Male,No,18,No,Marketing,2.0,Low,5.0,Cat_7,Budget,High,Low,Low,8.1,77.4,625.7,9.3,59.0,1,55.0,C
CUST_02746,Female,Yes,32,No,Artist,3.0,Low,4.0,Cat_6,Budget,High,Low,Medium,6.0,126.8,756.0,24.8,32.1,1,,C
CUST_02747,Female,No,42,No,Artist,4.0,High,,Cat_3,Casual,Medium,High,Medium,10.7,136.6,1460.7,17.4,40.7,1,52.5,B
CUST_02748,Male,No,34,Yes,Executive,4.0,High,1.0,Cat_4,Active,Low,High,High,10.6,237.0,2508.6,6.8,23.7,1,78.3,A
CUST_02749,Male,No,24,Yes,Artist,2.0,Low,6.0,Cat_7,Budget,High,Low,Low,5.2,94.1,489.8,15.5,43.3,0,42.0,C
CUST_02750,Male,No,30,No,Healthcare,2.0,Low,5.0,Cat_1,Budget,High,Medium,Low,5.0,97.3,487.2,13.7,47.8,0,52.4,C
CUST_02751,Female,Yes,33,Yes,Engineer,5.0,Low,3.0,Cat_6,Active,Medium,High,High,10.8,181.0,1962.0,9.8,30.7,1,71.7,B
CUST_02752,Male,Yes,25,No,Marketing,2.0,Low,3.0,Cat_1,Casual,High,Medium,Medium,1.0,66.6,68.8,13.9,47.3,0,52.1,C
CUST_02753,Male,No,29,Yes,Artist,2.0,Average,3.0,Cat_3,Luxury,Medium,High,High,13.0,166.8,2167.2,7.1,39.7,1,74.5,B
CUST_02754,Male,Yes,39,Yes,Engineer,3.0,High,4.0,Cat_6,Luxury,High,Medium,High,14.3,129.3,1854.4,12.4,14.3,1,79.0,B
CUST_02755,Female,Yes,56,Yes,Healthcare,2.0,Low,4.0,Cat_5,Budget,Very High,Very Low,Low,2.4,57.0,134.7,33.8,1.5,0,12.8,D
CUST_02756,Male,Yes,31,No,Healthcare,3.0,Average,1.0,Cat_6,Active,Low,High,High,12.1,125.8,1523.5,14.6,41.8,1,65.8,B
CUST_02757,Female,No,32,No,Artist,3.0,Average,5.0,Cat_5,Luxury,Medium,Medium,High,10.1,183.1,1844.3,9.4,28.1,1,70.2,B
CUST_02758,Male,Yes,67,Yes,Healthcare,3.0,Average,2.0,Cat_5,Budget,High,Low,Very Low,2.3,72.0,165.4,28.2,15.0,0,24.2,D
CUST_02759,Female,Yes,21,Yes,Marketing,0.0,Average,1.0,Cat_7,Eco-conscious,High,Medium,Medium,6.9,76.1,525.8,12.8,57.8,0,60.8,C
CUST_02760,Male,Yes,58,Yes,Engineer,3.0,Average,1.0,Cat_6,Luxury,Low,Very High,Very High,19.3,266.6,5157.7,6.2,6.5,1,95.2,A
CUST_02761,Female,No,53,Yes,Doctor,2.0,High,1.0,Cat_6,Luxury,Low,Very High,Very High,18.4,253.1,4667.6,6.0,18.8,0,82.5,A
CUST_02762,Female,Yes,45,Yes,Executive,7.0,Average,3.0,Cat_4,Luxury,Low,Very High,High,16.8,230.0,3861.7,8.1,19.9,1,79.9,A
CUST_02763,Female,No,25,No,Marketing,3.0,Low,7.0,Cat_1,Eco-conscious,High,Low,Low,6.6,119.4,788.9,12.6,51.7,0,43.4,C
CUST_02764,Female,No,41,Yes,Engineer,2.0,Low,3.0,Cat_3,Casual,High,High,Medium,19.4,148.4,2872.8,10.2,23.9,0,65.3,B
CUST_02765,Female,Yes,42,Yes,Doctor,6.0,High,2.0,Cat_6,Luxury,Low,High,Very High,17.2,272.5,4698.3,6.3,14.0,1,92.8,A
CUST_02766,Male,No,52,Yes,Homemaker,0.0,Low,2.0,Cat_6,Budget,High,Low,Low,3.7,52.8,194.0,45.4,1.4,1,30.6,D
CUST_02767,Female,Yes,38,Yes,Healthcare,5.0,High,3.0,Cat_5,Casual,Low,High,Medium,13.3,153.0,2039.2,18.5,9.4,0,72.6,B
CUST_02768,Male,Yes,47,Yes,Artist,7.0,Average,2.0,Cat_4,Active,Medium,High,High,16.3,286.9,4674.7,4.4,17.0,1,100.0,A
CUST_02769,Male,No,47,Yes,Engineer,6.0,Average,1.0,Cat_5,Active,Medium,High,High,5.7,134.7,767.6,8.9,21.8,1,64.4,B
CUST_02770,Female,Yes,28,No,Artist,0.0,Average,3.0,Cat_1,Casual,Very High,Medium,Medium,7.6,126.2,959.9,24.9,42.0,1,46.9,C
CUST_02771,Male,Yes,66,Yes,Executive,13.0,High,2.0,Cat_6,Luxury,Low,Very High,Very High,15.1,259.9,3915.5,2.8,9.9,1,100.0,A
CUST_02772,Male,Yes,35,Yes,Healthcare,1.0,Low,4.0,Cat_6,Casual,Medium,Medium,Medium,12.9,202.6,2607.5,9.6,27.9,0,71.6,B
CUST_02773,Male,No,20,No,Marketing,0.0,Low,3.0,Cat_1,Budget,Very High,Medium,Medium,3.9,100.8,388.8,17.9,58.2,0,82.2,C
CUST_02774,Male,Yes,41,Yes,Artist,5.0,Average,2.0,Cat_6,Active,Low,Medium,High,16.2,181.9,2939.9,14.3,35.1,1,83.4,B
CUST_02775,Female,Yes,42,Yes,Healthcare,1.0,Average,6.0,Cat_6,Casual,Medium,High,High,17.4,158.8,2768.3,13.8,34.8,0,63.1,B
CUST_02776,Male,No,34,Yes,Engineer,1.0,Average,4.0,Cat_6,Active,Medium,Medium,Medium,14.4,134.0,1931.9,15.5,41.5,0,69.7,B
CUST_02777,Female,No,36,Yes,Doctor,8.0,High,2.0,Cat_6,Luxury,Medium,Very High,Very High,11.3,329.2,3717.5,5.8,9.9,0,75.8,A
CUST_02778,Male,No,48,Yes,Artist,0.0,Average,2.0,Cat_6,Active,Low,High,Very High,14.7,242.6,3561.2,4.4,13.8,1,100.0,A
CUST_02779,Female,Yes,31,No,Healthcare,2.0,Average,4.0,Cat_3,Active,Low,Medium,Medium,7.7,145.3,1125.0,13.8,25.6,1,73.6,B
CUST_02780,Female,No,46,Yes,Executive,7.0,Average,2.0,Cat_6,Luxury,Medium,High,Very High,13.0,363.1,4714.7,1.0,12.8,1,100.0,A
CUST_02781,Male,No,61,Yes,Artist,7.0,Average,2.0,Cat_6,Casual,Medium,Very High,Very High,17.3,258.4,4482.1,4.5,7.5,0,91.7,A
CUST_02782,Female,Yes,30,Yes,Healthcare,3.0,Low,5.0,Cat_6,Budget,High,Low,Medium,10.1,90.6,915.0,21.9,70.7,1,38.9,C
CUST_02783,Male,Yes,29,No,Lawyer,6.0,Low,1.0,Cat_4,Casual,Very High,Very Low,Very Low,4.4,45.3,200.6,23.2,2.6,1,36.3,D
CUST_02784,Male,Yes,18,No,Artist,0.0,Low,,Cat_1,Casual,High,Medium,Medium,8.8,107.4,945.8,14.0,65.7,1,53.5,C
CUST_02785,Female,Yes,30,No,Artist,4.0,Low,4.0,Cat_6,Casual,Very High,Medium,Medium,6.4,77.0,492.2,15.9,39.9,1,51.5,C
CUST_02786,Male,Yes,46,Yes,Engineer,9.0,Average,4.0,Cat_2,Luxury,Low,Very High,Medium,14.4,325.9,4692.1,6.2,25.4,1,88.7,A
CUST_02787,Female,No,41,Yes,Healthcare,2.0,Low,1.0,Cat_6,Casual,High,Low,Low,2.2,61.7,133.6,45.0,16.0,0,27.5,D
CUST_02788,Female,Yes,52,Yes,Executive,4.0,High,3.0,Cat_6,Luxury,Medium,Very High,Medium,14.8,335.8,4979.2,4.9,19.9,1,94.0,A
CUST_02789,Female,No,78,No,Homemaker,0.0,Low,1.0,Cat_4,Budget,High,Low,Low,3.5,41.8,144.8,25.5,9.6,1,26.3,D
CUST_02790,Male,Yes,85,No,Healthcare,,Low,1.0,Cat_4,Budget,Very High,Very Low,Low,0.5,56.5,28.2,50.4,17.7,0,31.7,D
CUST_02791,Female,No,38,Yes,Healthcare,1.0,Low,4.0,Cat_6,Casual,Very High,Low,Low,5.4,70.7,378.3,18.3,49.4,0,76.5,C
CUST_02792,Male,No,42,Yes,Homemaker,0.0,Average,1.0,Cat_5,Budget,High,Low,Very Low,0.6,60.2,34.5,29.4,14.9,0,5.0,D
CUST_02793,Female,Yes,42,No,Engineer,8.0,Average,,Cat_6,Casual,High,High,High,4.7,135.7,638.4,15.3,24.6,1,,B
CUST_02794,Male,Yes,32,Yes,Engineer,4.0,High,,Cat_3,Casual,Medium,High,High,11.1,217.4,2406.2,12.1,32.0,1,65.7,B
CUST_02795,Female,No,43,Yes,Engineer,7.0,Average,5.0,Cat_6,Casual,Low,High,Medium,8.6,123.1,1056.8,11.5,23.3,1,63.4,B
CUST_02796,Female,No,35,No,Healthcare,5.0,Average,2.0,Cat_3,Active,High,High,Medium,14.7,179.2,2642.1,12.0,31.8,0,73.0,B
CUST_02797,Female,Yes,60,Yes,Lawyer,7.0,Average,1.0,Cat_6,Luxury,Low,Very High,Very High,19.7,315.7,6215.0,5.3,8.6,1,89.7,A
CUST_02798,Male,No,33,Yes,Homemaker,3.0,Average,6.0,Cat_6,Casual,High,Medium,Low,12.3,84.3,1038.6,14.2,41.2,0,55.1,C
CUST_02799,Male,No,31,No,Lawyer,3.0,Low,3.0,Cat_6,Budget,Very High,Low,Very Low,3.8,64.8,248.3,28.4,13.6,0,41.9,D
CUST_02800,Male,Yes,70,No,Lawyer,5.0,High,2.0,Cat_6,Luxury,Medium,Very High,Very High,17.5,288.3,5033.2,5.2,18.5,1,84.8,A
CUST_02801,Male,No,39,No,Homemaker,0.0,Average,4.0,Cat_7,Casual,Very High,Low,Medium,9.8,77.4,760.5,25.3,33.7,1,46.0,C
CUST_02802,Male,No,76,Yes,Healthcare,2.0,Average,1.0,Cat_5,Budget,Very High,Low,Very Low,2.7,57.3,155.5,23.2,14.1,0,32.5,D
CUST_02803,Female,Yes,38,No,Healthcare,0.0,Low,2.0,Cat_4,Casual,Very High,Low,Low,5.0,32.5,162.7,23.1,15.1,0,36.3,D
CUST_02804,Female,No,45,Yes,Homemaker,1.0,Low,2.0,Cat_6,Casual,High,Low,Low,2.5,76.2,192.6,7.3,4.2,0,51.8,D
CUST_02805,Male,Yes,59,Yes,Entertainment,,High,2.0,Cat_5,Active,Low,High,Medium,6.0,149.0,897.3,20.2,31.0,1,88.3,B
CUST_02806,Male,Yes,53,No,Homemaker,0.0,Low,3.0,Cat_4,Budget,High,Low,Low,3.5,52.7,182.8,25.2,8.3,0,21.3,D
CUST_02807,Male,Yes,18,Yes,Homemaker,2.0,Low,4.0,Cat_7,Eco-conscious,High,Low,Medium,4.8,83.6,398.8,15.6,47.4,0,62.6,C
CUST_02808,Male,Yes,53,Yes,Executive,1.0,High,2.0,Cat_6,Luxury,Low,High,High,9.9,286.3,2824.5,7.7,14.7,1,77.3,A
CUST_02809,Male,Yes,42,No,Engineer,2.0,High,2.0,Cat_6,Active,Low,High,High,10.2,169.8,1739.8,14.2,29.0,1,83.5,B
CUST_02810,Female,No,18,No,Homemaker,0.0,Low,4.0,Cat_1,Budget,High,Medium,Medium,10.3,100.6,1032.8,14.5,56.8,1,46.1,C
CUST_02811,Female,Yes,39,No,Doctor,8.0,High,2.0,Cat_2,Casual,Low,Very High,Very High,20.8,254.3,5276.9,1.4,13.8,0,91.8,A
CUST_02812,Female,No,47,No,Artist,4.0,Low,1.0,Cat_7,Casual,Very High,Medium,Low,9.3,55.4,514.0,18.7,61.2,1,61.1,C
CUST_02813,Male,No,38,Yes,Homemaker,5.0,Average,2.0,Cat_6,Budget,Very High,Low,Medium,7.0,61.7,429.8,19.4,54.3,0,34.2,C
CUST_02814,Female,No,60,Yes,Lawyer,7.0,High,3.0,Cat_4,Active,Medium,Very High,Medium,14.8,225.1,3332.1,6.7,10.5,1,96.3,A
CUST_02815,Male,Yes,37,No,Artist,7.0,High,2.0,Cat_5,,Medium,High,Medium,9.1,150.6,1364.6,12.8,30.5,0,84.4,B
CUST_02816,Female,Yes,37,Yes,Artist,4.0,Low,5.0,Cat_6,Budget,High,Medium,Medium,2.9,79.2,226.2,23.8,33.0,0,59.3,C
CUST_02817,Female,No,25,Yes,Healthcare,6.0,High,3.0,Cat_5,Casual,Low,Medium,High,11.6,180.8,2103.4,13.3,32.3,1,71.0,B
CUST_02818,Male,Yes,42,Yes,Doctor,8.0,High,2.0,Cat_6,Luxury,Low,High,High,15.9,377.3,5993.6,12.4,17.7,0,79.1,A
CUST_02819,Female,Yes,50,Yes,Lawyer,2.0,High,1.0,Cat_6,Luxury,Low,Very High,Very High,17.0,330.6,5627.5,5.8,13.0,1,87.0,A
CUST_02820,Male,Yes,41,No,Healthcare,1.0,Average,2.0,Cat_3,Luxury,Medium,Medium,Medium,11.3,189.0,2137.2,15.5,33.2,1,64.1,B
CUST_02821,Female,No,43,Yes,Artist,2.0,Low,2.0,Cat_6,Casual,Very High,Low,Very Low,6.0,58.4,348.6,24.0,9.5,0,31.9,D
CUST_02822,Male,Yes,30,Yes,Lawyer,5.0,High,2.0,Cat_6,Luxury,Low,Very High,High,15.1,320.3,4834.9,11.3,25.1,0,80.8,A
CUST_02823,Female,Yes,35,Yes,Healthcare,7.0,Low,3.0,Cat_7,Budget,High,Medium,High,6.6,77.3,508.9,23.9,69.5,0,62.9,C
CUST_02824,Female,Yes,50,Yes,Executive,7.0,Average,3.0,Cat_6,Luxury,Medium,High,Very High,14.0,328.8,4611.0,8.2,17.8,1,86.7,A
CUST_02825,Female,Yes,41,Yes,Healthcare,3.0,Average,5.0,Cat_6,Casual,Low,High,High,12.8,175.4,2245.4,9.2,17.3,0,61.2,B
CUST_02826,Male,No,24,No,Healthcare,0.0,Low,2.0,Cat_1,Eco-conscious,High,Low,Medium,4.6,72.0,331.8,13.1,48.9,1,43.6,C
CUST_02827,Female,Yes,27,Yes,Marketing,2.0,Low,3.0,Cat_1,Casual,High,Low,Medium,9.9,68.5,676.2,28.4,58.3,0,63.8,C
CUST_02828,Male,Yes,51,Yes,Doctor,7.0,High,2.0,Cat_6,Active,Low,High,Very High,18.1,352.8,6397.4,7.5,11.5,1,75.7,A
CUST_02829,Male,Yes,24,Yes,Engineer,1.0,Average,,Cat_3,Active,Medium,Medium,High,13.7,185.0,2531.4,13.8,21.3,1,65.7,B
CUST_02830,Male,No,39,No,Executive,,Average,1.0,Cat_6,Luxury,Low,Very High,High,13.9,297.7,4149.6,7.2,8.9,1,85.8,A
CUST_02831,Female,No,47,Yes,Engineer,3.0,High,3.0,Cat_5,Active,High,Medium,High,9.5,175.1,1660.2,12.7,25.1,1,82.0,B
CUST_02832,Female,No,25,No,Artist,0.0,Low,2.0,Cat_6,Eco-conscious,Very High,Medium,Low,9.8,93.6,922.2,9.9,47.4,0,,C
CUST_02833,Female,Yes,58,Yes,Engineer,5.0,Average,3.0,Cat_6,Luxury,Low,Very High,Very High,13.3,230.1,3052.3,5.1,11.5,0,72.1,A
CUST_02834,Male,Yes,24,Yes,Artist,8.0,Average,3.0,Cat_3,Active,High,High,High,11.1,205.7,2284.9,20.4,25.8,1,53.7,B
CUST_02835,Female,Yes,32,Yes,Engineer,5.0,Low,4.0,Cat_3,Luxury,Medium,Medium,Medium,12.5,193.3,2410.0,13.5,36.8,1,75.6,B
CUST_02836,Male,No,48,No,Healthcare,3.0,Low,2.0,Cat_4,Budget,Very High,Low,Very Low,1.2,75.6,94.3,26.9,6.4,0,21.5,D
CUST_02837,Female,Yes,60,No,Healthcare,1.0,Low,1.0,Cat_6,Budget,Very High,Low,Low,2.3,42.5,99.1,27.8,14.1,0,,D
CUST_02838,Male,Yes,64,Yes,Executive,8.0,Average,3.0,Cat_6,Active,Low,Very High,Very High,16.6,290.9,4841.1,4.1,0.0,1,,A
CUST_02839,Male,No,31,No,Healthcare,0.0,Low,2.0,Cat_6,Eco-conscious,Very High,Low,Medium,5.5,89.1,490.3,20.0,47.9,0,45.2,C
CUST_02840,Male,Yes,37,Yes,Engineer,3.0,Low,2.0,Cat_6,Casual,Medium,High,Medium,15.5,164.2,2547.3,9.7,27.3,0,72.5,B
CUST_02841,Female,No,27,No,Artist,5.0,High,1.0,Cat_3,Active,High,High,High,9.6,161.6,1558.1,12.3,15.5,0,80.7,B
CUST_02842,Female,No,39,Yes,Marketing,6.0,Low,5.0,Cat_1,Eco-conscious,High,Low,Medium,7.6,81.5,618.5,11.7,47.7,1,40.9,C
CUST_02843,Male,No,36,No,Healthcare,1.0,Average,1.0,Cat_5,Budget,High,Very Low,Low,2.6,54.2,140.5,22.0,7.2,0,40.8,D
CUST_02844,Female,Yes,63,Yes,Healthcare,1.0,Average,2.0,Cat_6,Casual,High,Very Low,Low,3.7,89.9,332.9,31.7,21.2,1,31.3,D
CUST_02845,Female,Yes,38,Yes,Engineer,4.0,Low,1.0,Cat_6,Active,High,High,High,12.6,148.4,1872.0,17.6,32.6,0,65.1,B
CUST_02846,Male,No,24,Yes,Engineer,2.0,Average,4.0,Cat_3,Active,Medium,High,High,14.3,172.4,2469.9,18.5,19.0,1,54.8,B
CUST_02847,Female,Yes,20,Yes,Homemaker,1.0,Average,3.0,Cat_7,Casual,High,Medium,High,11.1,58.2,647.3,20.5,49.2,0,32.8,C
CUST_02848,Male,No,51,Yes,Doctor,7.0,High,1.0,Cat_2,Luxury,Medium,Very High,Very High,16.9,329.0,5545.1,3.6,10.1,1,88.5,A
CUST_02849,Male,Yes,40,Yes,Engineer,6.0,Average,4.0,Cat_3,Casual,Medium,Medium,High,12.5,163.8,2050.2,5.5,27.0,1,66.3,B
CUST_02850,Female,Yes,39,Yes,Healthcare,7.0,Average,3.0,,Casual,Low,High,High,8.4,79.3,663.3,10.6,34.7,0,88.8,B
CUST_02851,Male,No,34,Yes,Artist,4.0,Average,5.0,Cat_1,Casual,High,Low,Low,7.9,70.0,556.1,22.7,43.2,0,45.3,C
CUST_02852,Male,Yes,79,No,Executive,4.0,High,1.0,Cat_6,Luxury,Medium,High,High,11.0,300.7,3309.8,4.5,23.4,1,95.4,A
CUST_02853,Female,Yes,43,Yes,Engineer,6.0,High,1.0,Cat_6,Active,Medium,High,High,15.2,263.4,4009.9,6.0,5.8,0,77.7,A
CUST_02854,Male,Yes,44,Yes,Homemaker,2.0,Low,1.0,Cat_5,Casual,High,Very Low,Low,2.0,67.6,135.0,44.3,17.7,1,,D
CUST_02855,Female,Yes,49,No,Artist,7.0,Average,3.0,Cat_4,Luxury,Medium,High,High,15.9,294.9,4701.0,10.8,15.4,1,100.0,A
CUST_02856,Male,Yes,51,Yes,Artist,0.0,High,3.0,Cat_3,Active,Medium,High,Medium,14.8,104.3,1542.4,21.2,24.4,1,75.4,B
CUST_02857,Male,Yes,69,Yes,Doctor,11.0,Average,2.0,Cat_6,Active,Low,Very High,Medium,15.7,254.3,3983.9,3.6,12.7,1,100.0,A
CUST_02858,Female,Yes,29,Yes,Executive,9.0,Average,3.0,,Luxury,Low,High,High,19.0,296.0,5633.3,5.0,17.7,1,91.8,A
CUST_02859,Female,Yes,51,Yes,Executive,11.0,High,1.0,Cat_6,Active,Low,Very High,Very High,16.9,274.8,4654.7,8.8,21.0,1,76.3,A
CUST_02860,Male,Yes,22,Yes,Doctor,6.0,High,3.0,Cat_6,Active,Medium,High,Very High,14.4,390.8,5615.8,1.4,16.0,1,97.2,A
CUST_02861,Male,No,55,Yes,Healthcare,3.0,Low,4.0,Cat_5,Casual,High,Very Low,Low,4.1,94.5,385.5,32.7,0.0,0,18.5,D
CUST_02862,Female,Yes,35,Yes,Engineer,3.0,Low,2.0,Cat_3,Active,Low,High,High,15.1,138.3,2093.4,17.1,36.8,0,74.3,B
CUST_02863,Male,Yes,52,No,Healthcare,0.0,Low,3.0,,Budget,High,Low,Low,3.5,48.1,169.3,23.1,12.4,1,26.6,D
CUST_02864,Male,Yes,24,Yes,Entertainment,8.0,Average,3.0,Cat_6,Luxury,Medium,Medium,High,13.5,168.3,2272.6,19.3,26.8,0,66.3,B
CUST_02865,Female,No,24,Yes,Entertainment,5.0,Low,2.0,Cat_5,Active,Medium,High,High,17.9,131.3,2351.0,14.8,21.2,0,54.4,B
CUST_02866,Male,Yes,28,Yes,Entertainment,5.0,Average,3.0,Cat_6,Active,High,Medium,Medium,13.0,147.2,1911.6,20.9,25.9,0,69.4,B
CUST_02867,Female,Yes,40,Yes,Artist,4.0,Average,3.0,Cat_6,Active,Low,Medium,Medium,9.7,154.3,1504.6,10.8,25.5,1,63.4,B
CUST_02868,Female,No,31,Yes,Healthcare,0.0,Low,6.0,Cat_1,Budget,High,Low,Medium,3.9,128.5,498.7,28.6,45.5,0,43.3,C
CUST_02869,Male,Yes,48,Yes,Artist,1.0,High,3.0,Cat_6,Active,Medium,Medium,High,12.0,199.0,2379.3,14.3,29.8,0,68.4,B
CUST_02870,Female,No,32,Yes,Engineer,0.0,Average,3.0,Cat_3,Casual,Medium,High,High,7.7,170.0,1302.2,11.0,23.8,0,82.1,B
CUST_02871,Male,No,54,Yes,Homemaker,2.0,Low,2.0,Cat_6,Budget,High,Low,Low,2.8,50.9,140.9,36.8,9.2,0,39.5,D
CUST_02872,Male,Yes,63,Yes,Healthcare,3.0,Low,1.0,Cat_4,Budget,High,Low,Low,3.4,46.3,158.3,51.2,15.1,1,27.8,D
CUST_02873,Female,No,33,No,Homemaker,2.0,Low,3.0,Cat_4,Casual,Very High,Very Low,Low,3.2,42.5,137.7,23.6,20.9,0,21.0,D
CUST_02874,Female,No,24,Yes,Engineer,3.0,Average,3.0,Cat_6,Active,Medium,Medium,Medium,15.0,99.8,1492.1,15.6,20.8,1,69.3,B
CUST_02875,Female,Yes,28,No,Homemaker,4.0,Low,2.0,Cat_7,Eco-conscious,Very High,Medium,Medium,6.7,91.2,608.0,13.7,45.4,0,51.3,C
CUST_02876,Male,Yes,33,Yes,Entertainment,3.0,Average,,Cat_6,Casual,Low,Medium,Medium,4.1,107.6,440.7,18.8,22.1,1,64.0,B
CUST_02877,Female,Yes,43,Yes,Engineer,3.0,Average,2.0,Cat_5,Casual,Medium,High,Medium,9.9,151.6,1504.6,15.6,35.4,0,72.6,B
CUST_02878,Female,Yes,40,Yes,Executive,8.0,Average,2.0,Cat_4,Active,Low,Very High,High,13.7,323.7,4425.4,3.3,11.4,0,100.0,A
CUST_02879,Male,Yes,32,Yes,Engineer,3.0,Average,,Cat_5,Luxury,Medium,Medium,High,11.4,122.7,1400.8,9.5,24.9,0,87.2,B
CUST_02880,Female,Yes,63,No,Engineer,14.0,Average,1.0,Cat_2,Luxury,Low,Very High,Very High,21.6,269.4,5809.6,6.3,5.8,1,85.1,A
CUST_02881,Male,No,29,Yes,Healthcare,5.0,Average,4.0,Cat_6,Casual,Medium,Medium,High,11.1,198.7,2199.5,9.3,26.2,1,79.0,B
CUST_02882,Male,Yes,59,No,Healthcare,1.0,Low,3.0,Cat_6,Budget,High,Low,Low,0.9,40.8,38.6,41.4,23.3,0,,D
CUST_02883,Male,Yes,26,Yes,Doctor,4.0,High,1.0,Cat_6,Active,Low,Very High,High,18.1,243.7,4403.0,9.9,21.9,0,80.1,A
CUST_02884,Male,Yes,58,Yes,Executive,5.0,High,1.0,Cat_6,Casual,Low,Very High,Very High,15.5,274.8,4258.7,5.0,15.7,1,89.2,A
CUST_02885,Female,No,22,Yes,Executive,5.0,High,2.0,Cat_6,Luxury,Low,High,High,20.8,303.7,6304.9,7.4,20.4,1,86.8,A
CUST_02886,Male,No,36,Yes,Homemaker,0.0,Low,2.0,Cat_6,Casual,High,Very Low,Low,0.7,67.1,47.0,20.5,4.4,1,30.3,D
CUST_02887,Male,Yes,34,No,Artist,4.0,High,1.0,Cat_3,Active,Low,High,High,10.6,211.5,2246.9,11.8,23.3,0,73.6,B
CUST_02888,Female,Yes,44,Yes,Engineer,0.0,High,4.0,Cat_6,Casual,Medium,Medium,High,14.6,173.9,2539.3,11.0,30.3,1,65.5,B
CUST_02889,Female,Yes,27,Yes,Homemaker,4.0,Low,3.0,Cat_1,Budget,Very High,Low,Low,10.2,90.1,920.6,18.8,37.7,1,44.4,C
CUST_02890,Female,No,25,Yes,Homemaker,2.0,Low,5.0,Cat_6,,High,Medium,Low,12.6,95.6,1206.1,20.8,60.5,0,62.8,C
CUST_02891,Male,Yes,26,Yes,Artist,4.0,High,3.0,Cat_3,Active,Low,High,Medium,12.2,76.0,926.2,2.8,37.0,1,53.7,B
CUST_02892,Male,No,24,Yes,Healthcare,0.0,Low,4.0,Cat_7,Casual,Very High,Low,Medium,5.8,59.6,345.3,21.1,31.5,0,60.1,C
CUST_02893,Female,No,27,No,Homemaker,3.0,Low,3.0,Cat_7,Eco-conscious,High,Low,High,1.0,96.4,96.4,23.0,50.2,0,42.2,C
CUST_02894,Male,No,35,Yes,Artist,0.0,Low,3.0,Cat_6,,High,Low,High,7.4,79.7,585.9,13.0,39.0,0,51.4,C
CUST_02895,Female,No,45,Yes,Doctor,7.0,Average,4.0,Cat_6,Luxury,Low,High,Very High,18.5,269.3,4992.5,4.8,20.2,1,97.4,A
CUST_02896,Female,No,71,Yes,Homemaker,,Low,1.0,Cat_4,Budget,High,Very Low,Low,6.0,65.6,391.7,34.9,13.0,0,38.7,D
CUST_02897,Male,No,37,Yes,Artist,6.0,Average,4.0,Cat_6,Casual,Low,High,High,8.5,195.9,1655.6,8.5,12.8,1,77.7,B
CUST_02898,Male,Yes,45,Yes,Entertainment,7.0,Average,,Cat_5,Casual,Low,Medium,Medium,13.0,146.6,1911.5,9.0,33.6,1,75.3,B
CUST_02899,Female,Yes,39,No,Entertainment,4.0,Average,4.0,Cat_6,Active,Medium,Medium,High,11.8,147.3,1739.5,18.7,38.2,1,74.9,B
CUST_02900,Male,No,45,Yes,Artist,8.0,Average,1.0,Cat_6,Luxury,Low,Very High,Very High,16.9,274.8,4636.9,4.7,17.3,0,91.8,A
CUST_02901,Female,Yes,59,Yes,Lawyer,9.0,High,1.0,Cat_4,Luxury,Low,Very High,Medium,24.5,288.5,7074.7,5.4,14.0,1,86.8,A
CUST_02902,Female,No,28,Yes,Artist,6.0,Average,4.0,Cat_6,Casual,Very High,Low,Medium,5.7,86.7,498.6,23.7,43.4,1,71.1,C
CUST_02903,Male,Yes,58,Yes,Doctor,2.0,High,3.0,Cat_4,Casual,Medium,High,High,21.0,281.7,5922.5,4.9,10.3,1,100.0,A
CUST_02904,Male,No,32,Yes,Engineer,0.0,High,1.0,Cat_3,Active,Low,High,High,15.0,192.0,2873.0,10.2,32.9,0,76.8,B
CUST_02905,Female,Yes,41,No,Entertainment,5.0,Average,4.0,,,Medium,High,High,9.4,162.5,1526.1,18.2,32.5,1,57.4,B
CUST_02906,Female,Yes,39,No,Lawyer,8.0,Average,2.0,Cat_6,Luxury,Medium,Very High,Very High,14.5,299.6,4331.9,6.1,19.1,1,,A
CUST_02907,Female,No,43,No,Homemaker,4.0,Low,2.0,Cat_4,Budget,Very High,Low,Low,4.3,64.2,275.6,47.9,11.1,0,31.2,D
CUST_02908,Male,Yes,42,Yes,Lawyer,,Average,3.0,Cat_4,Active,Medium,Very High,High,13.2,274.8,3636.9,4.5,24.9,1,78.4,A
CUST_02909,Male,Yes,41,Yes,Artist,2.0,Average,4.0,Cat_5,Active,Medium,High,Medium,9.4,174.1,1641.7,12.6,15.6,1,78.6,B
CUST_02910,Female,Yes,34,Yes,Healthcare,1.0,High,2.0,Cat_5,Active,Medium,High,High,12.5,140.0,1747.4,18.9,12.7,1,71.2,B
CUST_02911,Male,Yes,54,Yes,Engineer,8.0,Average,3.0,Cat_6,Luxury,Low,Very High,High,17.7,272.6,4838.2,7.1,13.1,0,88.7,A
CUST_02912,Female,No,51,Yes,Engineer,5.0,High,2.0,Cat_4,Active,Low,Very High,Very High,17.0,282.8,4798.2,6.5,17.3,1,89.7,A
CUST_02913,Female,No,23,Yes,Healthcare,1.0,Low,3.0,Cat_7,Eco-conscious,High,Low,Medium,8.5,91.8,783.5,15.5,61.8,0,41.0,C
CUST_02914,Male,No,65,Yes,Healthcare,0.0,Low,1.0,Cat_4,Budget,Very High,Low,Very Low,5.0,64.6,321.6,39.1,8.0,1,36.2,D
CUST_02915,Male,Yes,39,Yes,Engineer,6.0,Average,1.0,Cat_4,Luxury,Low,Very High,Very High,21.7,364.3,7920.5,6.9,15.3,0,87.5,A
CUST_02916,Male,No,29,No,Healthcare,0.0,Low,5.0,Cat_6,Casual,Very High,Low,Medium,8.1,104.5,847.0,30.8,44.3,0,30.4,C
CUST_02917,Female,No,27,No,Artist,0.0,Average,1.0,Cat_6,Budget,Very High,Medium,Medium,6.9,70.1,483.2,20.6,39.5,1,81.8,C
CUST_02918,Female,Yes,37,Yes,Artist,2.0,Low,2.0,Cat_6,Budget,High,Medium,Medium,9.9,118.9,1173.3,13.2,44.6,0,51.6,C
CUST_02919,Male,Yes,30,Yes,Artist,4.0,High,2.0,Cat_6,Active,Medium,High,High,9.6,103.1,989.0,16.1,19.7,1,51.2,B
CUST_02920,Female,Yes,34,No,Healthcare,6.0,Low,1.0,Cat_3,Active,Low,Medium,Medium,10.3,225.2,2319.1,4.5,30.3,1,65.5,B
CUST_02921,Male,No,39,Yes,Artist,7.0,Average,3.0,Cat_3,Luxury,Medium,Medium,High,8.5,140.2,1186.5,20.9,37.1,0,72.5,B
CUST_02922,Male,No,27,Yes,Marketing,2.0,Low,6.0,Cat_6,Budget,High,Low,Low,10.4,50.6,524.6,12.7,29.6,0,59.4,C
CUST_02923,Male,No,23,No,Artist,1.0,Low,2.0,Cat_6,Casual,Very High,Medium,Medium,9.1,109.2,996.8,10.0,32.5,1,48.2,C
CUST_02924,Female,No,45,Yes,Executive,4.0,High,3.0,Cat_4,Luxury,Low,Very High,High,22.5,243.9,5482.6,4.1,15.4,1,89.8,A
CUST_02925,Female,Yes,43,Yes,Healthcare,5.0,Low,5.0,Cat_6,Casual,Medium,High,High,12.6,178.0,2236.1,13.0,24.6,0,59.3,B
CUST_02926,Male,Yes,60,Yes,Lawyer,1.0,Low,1.0,Cat_5,Casual,High,Low,Low,2.6,45.4,117.4,52.7,12.6,0,10.6,D
CUST_02927,Male,Yes,27,No,Healthcare,3.0,Low,3.0,Cat_6,Casual,High,Low,Medium,7.0,86.7,606.6,16.2,41.8,1,39.3,C
CUST_02928,Male,No,55,Yes,Homemaker,,Average,2.0,Cat_6,Casual,Very High,Low,Low,3.5,57.6,199.6,35.5,23.7,0,26.2,D
CUST_02929,Male,No,30,No,Healthcare,3.0,Low,3.0,Cat_6,Casual,High,Low,Medium,10.4,120.4,1256.6,15.3,52.1,0,44.5,C
CUST_02930,Female,Yes,43,Yes,Entertainment,,Average,1.0,,Luxury,Medium,Medium,High,13.5,143.3,1940.8,9.5,21.0,0,82.3,B
CUST_02931,Female,Yes,28,No,Engineer,4.0,Low,6.0,Cat_6,Active,Medium,High,High,12.3,106.4,1309.2,10.8,36.9,1,75.1,B
CUST_02932,Male,No,31,No,Artist,4.0,Average,2.0,Cat_1,Casual,High,Medium,Medium,8.0,88.0,700.4,6.1,18.3,0,50.2,C
CUST_02933,Male,Yes,58,Yes,Executive,3.0,Average,2.0,Cat_6,Active,Low,High,Very High,15.4,257.5,3955.1,8.4,2.8,1,81.7,A
CUST_02934,Female,Yes,31,Yes,Engineer,3.0,Average,4.0,Cat_6,Luxury,Low,Medium,Medium,14.2,124.9,1778.4,3.4,26.2,1,85.8,B
CUST_02935,Male,No,22,No,Healthcare,2.0,Average,1.0,Cat_1,Budget,Very High,Low,Medium,11.0,106.1,1165.1,27.9,37.3,0,52.9,C
CUST_02936,Female,No,49,Yes,Engineer,10.0,High,2.0,Cat_6,Active,Medium,High,Very High,17.5,286.1,4995.9,6.0,19.6,0,,A
CUST_02937,Female,Yes,37,No,Artist,1.0,Low,2.0,Cat_1,Casual,Very High,Low,Low,4.7,49.5,233.9,13.9,39.8,0,61.1,C
CUST_02938,Male,Yes,32,No,Artist,7.0,Average,5.0,Cat_3,Casual,Medium,Medium,Medium,14.1,161.4,2282.6,23.5,29.8,1,57.2,B
CUST_02939,Male,Yes,67,Yes,Healthcare,3.0,Low,1.0,Cat_4,Casual,High,Low,Low,0.5,64.5,32.2,23.7,12.7,0,21.1,D
CUST_02940,Male,Yes,62,Yes,Artist,6.0,Average,2.0,Cat_6,Luxury,Low,Very High,High,15.3,361.3,5525.2,8.5,21.4,1,89.6,A
CUST_02941,Female,Yes,25,Yes,Engineer,3.0,Average,4.0,,Active,Medium,High,Medium,8.9,165.3,1469.7,16.7,23.0,0,67.8,B
CUST_02942,Male,Yes,20,No,Marketing,3.0,Low,3.0,Cat_6,Casual,High,Low,Low,7.4,99.7,741.6,11.4,56.2,0,53.3,C
CUST_02943,Male,Yes,46,Yes,Engineer,4.0,Average,4.0,Cat_5,Active,Low,High,High,11.9,212.0,2515.5,8.0,15.5,0,85.3,B
CUST_02944,Male,No,22,Yes,Homemaker,1.0,Average,1.0,Cat_6,Budget,High,Low,Low,7.0,93.4,653.9,12.9,56.3,0,30.0,C
CUST_02945,Male,No,33,Yes,Artist,,Low,5.0,Cat_6,Budget,High,Low,Low,10.1,90.9,913.8,16.3,45.3,0,56.5,C
CUST_02946,Male,Yes,28,Yes,Doctor,7.0,High,3.0,Cat_2,Active,Medium,Very High,Very High,18.3,209.2,3829.3,8.9,16.3,0,86.0,A
CUST_02947,Male,Yes,24,No,Entertainment,3.0,Average,1.0,Cat_5,Active,High,High,High,12.7,196.1,2499.1,11.5,37.7,1,73.8,B
CUST_02948,Male,Yes,45,Yes,Engineer,4.0,High,3.0,Cat_6,Casual,Low,High,High,7.4,140.6,1046.3,10.8,20.9,0,72.6,B
CUST_02949,Female,Yes,47,Yes,Engineer,6.0,Average,2.0,Cat_3,Luxury,Low,Medium,Medium,13.2,194.6,2570.6,10.7,32.7,1,71.7,B
CUST_02950,Male,No,55,No,Homemaker,0.0,Low,2.0,Cat_6,Budget,High,Low,Low,4.0,53.5,212.0,37.3,20.0,1,25.8,D
CUST_02951,Female,No,18,No,Artist,2.0,Low,3.0,Cat_1,Budget,High,Low,High,9.6,74.4,716.9,21.5,56.8,0,,C
CUST_02952,Female,No,33,No,Artist,2.0,Average,,Cat_7,Casual,Very High,Low,High,7.2,70.1,507.0,17.6,42.8,0,31.3,C
CUST_02953,Male,No,37,Yes,Healthcare,1.0,Low,5.0,Cat_1,Budget,Very High,Low,Medium,8.7,73.2,638.5,6.7,62.7,0,47.0,C
CUST_02954,Male,Yes,36,Yes,Engineer,2.0,High,3.0,Cat_3,Active,Medium,Medium,High,12.0,95.3,1145.9,10.3,23.3,1,61.5,B
CUST_02955,Female,No,59,Yes,Homemaker,1.0,Low,2.0,Cat_5,Budget,Very High,Low,Low,1.9,23.4,45.4,40.9,6.0,0,47.9,D
CUST_02956,Female,Yes,30,No,Artist,5.0,Low,2.0,Cat_6,Casual,High,Low,Low,4.6,94.0,430.8,25.3,56.2,0,33.5,C
CUST_02957,Female,No,34,No,Artist,0.0,Low,3.0,Cat_6,Budget,High,Low,Low,7.1,115.2,817.5,25.5,59.8,1,45.3,C
CUST_02958,Male,No,77,No,Healthcare,0.0,Low,,Cat_6,Budget,Very High,Very Low,Very Low,1.9,86.4,162.1,29.2,20.1,0,29.8,D
CUST_02959,Female,Yes,28,Yes,Entertainment,2.0,Average,,Cat_3,Active,High,High,Medium,7.2,124.9,903.1,7.9,41.8,1,66.9,B
CUST_02960,Male,No,27,No,Artist,2.0,Low,2.0,Cat_1,Casual,High,Medium,Low,4.8,58.2,279.3,14.5,57.7,0,58.7,C
CUST_02961,Female,Yes,38,No,Executive,8.0,Average,1.0,Cat_6,Active,Low,Very High,High,19.1,199.2,3796.5,8.3,16.7,1,89.0,A
CUST_02962,Female,No,50,No,Entertainment,5.0,Average,2.0,Cat_5,Active,Low,Medium,High,13.9,211.6,2943.5,19.1,36.6,0,65.7,B
CUST_02963,Male,Yes,25,No,Engineer,7.0,High,,Cat_5,Active,Low,Medium,High,10.5,153.5,1608.2,16.4,36.6,0,57.1,B
CUST_02964,Male,Yes,52,No,Homemaker,1.0,Average,1.0,Cat_4,Casual,Very High,Low,Low,3.9,47.1,185.9,47.7,5.8,0,25.1,D
CUST_02965,Male,No,74,No,Healthcare,0.0,Low,3.0,Cat_5,Budget,High,Low,Low,0.5,42.5,21.3,41.3,9.4,0,26.4,D
CUST_02966,Female,No,40,Yes,Homemaker,2.0,Average,3.0,Cat_6,Budget,High,Medium,Low,8.3,85.0,705.3,24.4,39.6,1,58.8,C
CUST_02967,Male,Yes,21,No,Artist,0.0,Low,4.0,Cat_6,Budget,Very High,Low,Medium,10.8,125.5,1351.2,28.7,43.2,0,65.7,C
CUST_02968,Female,Yes,36,Yes,Healthcare,2.0,Average,2.0,Cat_5,Casual,Medium,Medium,Medium,3.5,141.6,494.9,6.6,28.3,1,,B
CUST_02969,Male,No,46,No,Healthcare,1.0,Low,2.0,Cat_6,Casual,High,Low,Low,2.7,74.3,202.4,30.7,14.0,1,15.2,D
CUST_02970,Female,No,52,Yes,Entertainment,3.0,Average,3.0,,Active,High,High,High,15.0,115.4,1726.3,13.8,33.3,1,,B
CUST_02971,Male,Yes,24,No,Entertainment,7.0,High,,Cat_5,Luxury,Low,Medium,High,13.9,134.5,1863.1,14.6,26.0,0,76.3,B
CUST_02972,Male,No,52,Yes,Artist,5.0,Average,2.0,Cat_6,Active,Low,High,Very High,17.5,300.6,5259.9,5.7,19.3,1,87.1,A
CUST_02973,Male,No,28,No,Marketing,0.0,Average,7.0,Cat_1,Casual,Very High,Low,Medium,14.0,55.2,774.1,25.1,35.8,0,46.0,C
CUST_02974,Female,No,41,No,Marketing,2.0,Low,5.0,Cat_7,Casual,High,Low,Low,9.0,106.0,955.8,16.4,42.0,0,56.1,C
CUST_02975,Male,No,24,Yes,Artist,1.0,Average,4.0,Cat_5,Active,Low,Medium,Medium,13.4,161.7,2169.2,11.3,28.3,0,69.2,B
CUST_02976,Female,No,43,Yes,Engineer,6.0,High,2.0,Cat_6,Luxury,Medium,Very High,High,13.7,279.2,3830.7,6.5,13.8,1,82.5,A
CUST_02977,Male,No,18,No,Homemaker,2.0,Low,3.0,,Budget,High,Low,Medium,3.8,126.7,476.6,21.5,34.4,1,68.7,C
CUST_02978,Male,Yes,36,Yes,Executive,6.0,Average,4.0,Cat_2,Luxury,Low,Very High,High,14.7,309.5,4564.1,6.8,15.6,1,88.8,A
CUST_02979,Female,No,32,Yes,Healthcare,0.0,Average,6.0,Cat_1,Budget,High,Low,Low,6.8,88.5,600.7,13.0,49.4,0,40.2,C
CUST_02980,Male,No,44,No,Healthcare,3.0,Low,3.0,,Casual,Very High,Very Low,Very Low,4.0,54.3,216.1,23.8,11.1,0,13.0,D
CUST_02981,Female,Yes,35,Yes,Engineer,3.0,Average,1.0,Cat_5,Casual,Medium,Medium,Medium,10.2,140.5,1437.8,7.3,28.3,1,63.9,B
CUST_02982,Male,Yes,61,Yes,Artist,6.0,High,2.0,Cat_6,Luxury,Low,Very High,Very High,10.4,320.2,3325.9,7.0,12.4,0,92.7,A
CUST_02983,Female,Yes,30,No,Homemaker,,Low,6.0,Cat_7,Budget,Very High,Medium,Low,10.5,79.7,839.1,21.6,38.5,0,35.1,C
CUST_02984,Female,Yes,20,No,Artist,1.0,Low,2.0,Cat_6,Budget,High,Medium,Medium,7.3,104.2,765.5,13.6,45.3,1,25.5,C
CUST_02985,Female,Yes,39,Yes,Healthcare,6.0,High,3.0,Cat_6,Casual,Medium,High,High,12.4,175.4,2174.2,14.5,24.9,1,,B
CUST_02986,Male,No,82,Yes,Healthcare,0.0,Average,1.0,Cat_6,Budget,Very High,Low,Very Low,2.8,45.8,126.7,55.9,10.0,0,11.8,D
CUST_02987,Female,Yes,48,Yes,Doctor,8.0,Average,1.0,Cat_6,Luxury,Low,High,High,15.9,314.3,5010.9,9.4,7.6,0,89.0,A
CUST_02988,Male,Yes,34,Yes,Engineer,3.0,Average,4.0,Cat_6,Casual,Medium,High,Medium,3.4,176.0,598.8,10.4,24.2,0,,B
CUST_02989,Male,No,30,No,Homemaker,0.0,Low,6.0,Cat_1,Eco-conscious,Very High,Low,Low,6.8,81.8,554.6,20.3,34.1,1,34.0,C
CUST_02990,Male,No,57,No,Lawyer,4.0,Average,1.0,Cat_6,Budget,Very High,Very Low,Low,1.8,44.0,81.2,10.0,8.6,0,47.2,D
CUST_02991,Female,Yes,56,Yes,Executive,2.0,High,3.0,Cat_6,Luxury,Low,High,Very High,13.7,249.9,3430.4,2.4,14.3,1,78.0,A
CUST_02992,Female,No,28,No,Marketing,0.0,Average,2.0,Cat_6,Eco-conscious,Very High,Low,Medium,8.7,81.9,710.6,23.7,44.0,0,67.4,C
CUST_02993,Male,No,40,Yes,Artist,0.0,Average,2.0,Cat_5,Active,Low,Medium,High,12.3,170.1,2084.1,12.3,32.7,1,63.5,B
CUST_02994,Female,Yes,27,Yes,Engineer,4.0,Average,4.0,Cat_6,Active,Low,Medium,High,11.0,112.1,1233.3,6.9,35.8,0,61.3,B
CUST_02995,Female,No,49,Yes,Executive,9.0,High,2.0,Cat_2,Luxury,Low,High,High,19.2,238.1,4564.7,5.9,7.4,1,85.2,A
CUST_02996,Male,No,73,No,Healthcare,3.0,Low,1.0,Cat_6,Budget,Very High,Very Low,Very Low,2.5,65.1,160.0,43.1,26.4,0,20.4,D
CUST_02997,Male,Yes,64,No,Artist,,High,2.0,Cat_6,Luxury,Low,Very High,Very High,15.2,286.8,4357.8,7.7,17.8,1,81.5,A
CUST_02998,Male,No,37,No,Entertainment,1.0,Average,4.0,Cat_6,Active,Medium,Medium,Medium,12.3,197.5,2420.8,6.9,23.2,0,69.2,B
CUST_02999,Female,Yes,47,Yes,Entertainment,3.0,Average,1.0,Cat_6,Luxury,Medium,High,High,9.9,242.9,2405.8,18.5,19.4,1,71.0,B
CUST_03000,Male,Yes,18,No,Homemaker,2.0,Low,1.0,Cat_6,Casual,High,Low,Low,4.4,44.1,194.4,33.5,13.4,0,,D
CUST_03001,Female,No,28,No,Healthcare,3.0,Low,2.0,,Eco-conscious,High,Low,Low,8.7,39.7,346.1,12.2,48.5,0,52.8,C
CUST_03002,Female,No,27,Yes,Homemaker,2.0,Average,2.0,Cat_7,Budget,Very High,Medium,Low,9.2,76.9,705.4,26.8,49.1,0,62.5,C
CUST_03003,Male,Yes,52,Yes,Executive,12.0,High,1.0,Cat_4,Luxury,Low,Very High,Very High,17.1,275.0,4700.1,8.7,13.0,0,83.2,A
CUST_03004,Female,Yes,21,Yes,Healthcare,0.0,Average,3.0,Cat_1,Casual,Very High,Low,High,7.8,118.9,931.7,25.5,30.4,0,54.5,C
CUST_03005,Male,Yes,32,Yes,Artist,0.0,High,1.0,Cat_5,Active,Medium,High,Medium,14.5,135.2,1953.9,9.9,45.7,0,68.2,B
CUST_03006,Female,No,26,No,Healthcare,3.0,Low,7.0,,Eco-conscious,Very High,Medium,Medium,10.9,121.4,1326.8,24.6,44.8,1,41.8,C
CUST_03007,Female,No,67,Yes,Healthcare,,Average,1.0,Cat_4,Casual,High,Very Low,Very Low,5.1,40.9,207.9,42.6,10.6,0,25.0,D
CUST_03008,Female,No,50,Yes,Executive,5.0,High,2.0,Cat_6,Active,Low,Very High,High,16.4,315.6,5161.6,1.0,17.1,0,76.3,A
CUST_03009,Male,Yes,18,Yes,Healthcare,5.0,Low,5.0,Cat_1,Budget,Very High,Medium,Medium,4.4,108.9,477.8,29.0,52.8,1,69.3,C
CUST_03010,Male,Yes,45,No,Artist,6.0,High,1.0,Cat_2,Luxury,Medium,Very High,High,20.7,291.8,6050.9,1.2,12.5,1,91.9,A
CUST_03011,Female,No,38,No,Artist,6.0,Average,2.0,Cat_6,Casual,Medium,High,High,8.4,190.9,1604.4,11.4,49.1,1,,B
CUST_03012,Male,Yes,47,Yes,Entertainment,2.0,Low,3.0,Cat_6,Casual,Low,High,Medium,11.0,155.6,1707.8,7.0,27.4,1,80.0,B
CUST_03013,Female,Yes,24,No,Engineer,5.0,Average,3.0,Cat_3,Casual,Medium,Medium,Medium,13.1,206.2,2698.9,5.5,28.7,0,63.7,B
CUST_03014,Female,No,37,Yes,Entertainment,0.0,Average,1.0,Cat_5,,Medium,High,Medium,11.4,188.4,2156.9,5.6,20.1,0,81.3,B
CUST_03015,Male,Yes,30,Yes,Artist,1.0,Low,4.0,Cat_6,Casual,High,Medium,Medium,2.2,69.7,154.4,18.7,45.1,0,59.8,C
CUST_03016,Female,No,34,Yes,Engineer,8.0,Low,5.0,Cat_6,Luxury,Low,High,Medium,10.2,195.6,2003.8,9.5,33.5,1,81.6,B
CUST_03017,Female,Yes,36,No,Artist,2.0,Average,2.0,Cat_6,Casual,High,Medium,Low,4.4,106.1,471.3,19.5,61.2,0,43.9,C
CUST_03018,Male,Yes,53,No,Engineer,6.0,High,2.0,Cat_3,Active,Medium,High,High,11.5,151.4,1741.1,6.2,19.1,1,71.8,B
CUST_03019,Female,No,38,Yes,Executive,15.0,Average,1.0,Cat_6,Active,Low,Very High,High,19.0,321.0,6108.9,3.6,13.0,1,93.4,A
CUST_03020,Male,No,32,Yes,Artist,4.0,Average,2.0,Cat_7,Eco-conscious,Very High,Medium,Medium,9.9,70.9,701.5,20.8,52.6,0,54.8,C
CUST_03021,Female,Yes,32,Yes,Artist,4.0,High,3.0,Cat_3,,Medium,Medium,Medium,5.4,196.9,1067.2,14.3,33.1,0,73.2,B
CUST_03022,Female,Yes,40,Yes,Engineer,3.0,Low,1.0,Cat_5,Casual,Medium,High,Medium,12.6,197.4,2492.7,16.5,32.6,0,62.5,B
CUST_03023,Female,No,25,No,Homemaker,0.0,Low,4.0,Cat_7,Eco-conscious,Very High,Low,High,9.6,65.1,625.4,13.6,42.6,1,50.6,C
CUST_03024,Male,Yes,54,Yes,Engineer,5.0,Average,3.0,,Active,Medium,High,High,9.0,136.1,1221.2,9.8,30.2,0,82.5,B
CUST_03025,Male,Yes,58,No,Executive,2.0,High,2.0,Cat_4,Luxury,Low,High,Very High,20.1,304.4,6104.6,5.5,13.6,1,87.0,A
CUST_03026,Male,Yes,45,Yes,Entertainment,2.0,Average,3.0,Cat_6,Casual,Medium,Medium,Medium,11.6,243.2,2832.1,10.5,35.5,1,60.0,B
CUST_03027,Male,No,49,Yes,Healthcare,1.0,Low,2.0,Cat_4,Budget,High,Low,Low,3.6,35.6,127.0,39.3,24.3,1,9.6,D
CUST_03028,Female,No,25,Yes,Healthcare,4.0,Average,2.0,Cat_6,Budget,High,Low,Low,8.9,77.6,689.1,30.1,60.5,0,49.3,C
CUST_03029,Male,No,27,Yes,Marketing,,Average,2.0,Cat_1,Casual,Very High,Low,Medium,9.3,85.4,792.8,21.4,29.8,0,43.2,C
CUST_03030,Male,Yes,29,No,Marketing,0.0,Average,6.0,Cat_1,Budget,Very High,Medium,Medium,7.5,99.6,743.6,20.7,61.8,0,54.5,C
CUST_03031,Female,Yes,59,No,Lawyer,3.0,High,2.0,Cat_4,,Low,High,Very High,17.0,278.7,4749.1,4.4,14.1,1,83.8,A
CUST_03032,Male,Yes,30,Yes,Artist,3.0,High,3.0,Cat_6,Active,Medium,Medium,High,12.3,216.9,2678.6,16.3,45.3,1,68.2,B
CUST_03033,Male,No,24,No,Artist,1.0,Low,4.0,Cat_6,Casual,High,Medium,Medium,6.7,130.2,872.1,23.2,53.4,1,67.6,C
CUST_03034,Female,No,46,Yes,Executive,10.0,High,1.0,Cat_6,Luxury,Low,Very High,Medium,15.5,288.3,4462.0,9.6,15.6,1,75.4,A
CUST_03035,Male,No,58,Yes,Engineer,2.0,High,1.0,Cat_6,Active,Low,Medium,Medium,4.1,162.5,662.7,13.8,27.4,1,,B
CUST_03036,Female,Yes,41,Yes,Engineer,3.0,Average,2.0,Cat_5,Casual,Medium,High,High,13.6,182.1,2477.8,17.2,27.7,1,65.6,B
CUST_03037,Female,Yes,26,Yes,Artist,4.0,High,1.0,Cat_6,Casual,Medium,High,High,6.2,150.5,930.2,12.8,27.7,0,79.1,B
CUST_03038,Female,No,67,No,Healthcare,1.0,Low,3.0,Cat_6,Budget,Very High,Very Low,Low,1.0,53.2,50.7,43.3,16.1,0,21.7,D
CUST_03039,Female,No,64,Yes,Executive,6.0,High,2.0,Cat_4,Luxury,Medium,High,Very High,19.9,291.5,5788.0,11.3,19.9,0,89.0,A
CUST_03040,Male,Yes,47,No,Engineer,2.0,Average,1.0,Cat_6,Active,High,High,Medium,13.6,192.8,2623.4,13.4,18.7,0,66.1,B
CUST_03041,Male,No,72,Yes,Doctor,6.0,Average,3.0,Cat_2,Luxury,Medium,Very High,Medium,14.4,284.4,4100.4,7.8,23.1,0,87.0,A
CUST_03042,Male,No,67,No,Homemaker,1.0,Low,1.0,Cat_5,Budget,High,Low,Low,4.4,69.0,302.1,41.1,14.3,0,27.6,D
CUST_03043,Female,Yes,32,No,Engineer,15.0,High,3.0,Cat_6,Luxury,Low,Very High,High,16.8,321.3,5401.4,10.1,19.5,1,100.0,A
CUST_03044,Male,No,35,Yes,Artist,4.0,High,5.0,Cat_5,Casual,Medium,High,Medium,12.6,116.5,1466.5,14.0,18.6,1,58.0,B
CUST_03045,Female,No,35,No,Healthcare,1.0,Low,4.0,Cat_1,Casual,High,Medium,Medium,11.1,94.0,1043.4,19.0,46.5,0,53.7,C
CUST_03046,Female,Yes,35,Yes,Marketing,3.0,Low,1.0,Cat_1,Casual,High,Low,Low,8.2,93.1,758.9,14.0,41.2,0,57.2,C
CUST_03047,Male,Yes,40,Yes,Entertainment,4.0,High,3.0,Cat_6,Casual,Medium,High,Medium,19.7,167.1,3297.3,9.0,10.3,0,69.3,B
CUST_03048,Male,Yes,61,Yes,Engineer,0.0,High,2.0,Cat_5,Active,Medium,Medium,High,9.6,185.2,1774.3,5.1,22.5,1,68.8,B
CUST_03049,Male,No,39,Yes,Artist,0.0,Average,3.0,Cat_6,Active,High,Medium,High,12.3,175.8,2157.0,15.4,35.8,0,70.3,B
CUST_03050,Female,Yes,33,No,Artist,6.0,Average,2.0,Cat_5,Casual,Low,High,Medium,11.9,189.7,2264.0,14.1,25.1,0,,B
CUST_03051,Female,No,58,Yes,Lawyer,9.0,High,3.0,,Luxury,Low,Very High,Very High,17.7,261.0,4631.5,5.4,9.1,1,85.3,A
CUST_03052,Female,Yes,47,Yes,Entertainment,5.0,Average,1.0,Cat_6,Active,High,Medium,High,8.2,189.7,1564.6,14.8,30.3,0,67.0,B
CUST_03053,Female,Yes,41,No,Engineer,5.0,High,1.0,Cat_5,Luxury,Medium,Medium,High,14.9,168.5,2507.4,13.1,29.1,1,,B
CUST_03054,Female,Yes,51,Yes,Artist,4.0,High,4.0,Cat_5,Casual,High,High,High,13.3,185.9,2473.3,9.9,25.1,1,91.0,B
CUST_03055,Male,Yes,21,No,Marketing,1.0,Average,6.0,Cat_7,Casual,High,Low,Low,11.5,60.8,697.4,19.1,54.4,1,62.4,C
CUST_03056,Male,Yes,68,Yes,Healthcare,1.0,Low,1.0,Cat_4,Budget,High,Low,Low,0.8,35.9,27.5,29.9,0.6,0,36.5,D
CUST_03057,Female,Yes,35,No,Healthcare,2.0,Average,,Cat_1,,High,Low,Medium,11.3,69.8,792.0,22.9,43.9,1,56.7,C
CUST_03058,Female,Yes,54,Yes,Executive,8.0,High,3.0,Cat_6,Luxury,Low,Very High,Medium,18.0,303.5,5454.3,9.4,3.0,1,100.0,A
CUST_03059,Female,Yes,54,Yes,Doctor,5.0,Average,,,Active,Low,High,High,21.4,318.4,6807.1,6.7,10.5,0,100.0,A
CUST_03060,Male,No,27,Yes,Healthcare,,Average,1.0,Cat_6,Budget,Very High,Low,Low,5.1,64.9,331.0,29.7,22.1,0,20.0,D
CUST_03061,Male,Yes,39,Yes,Artist,4.0,Average,5.0,Cat_6,Active,High,High,Medium,17.3,94.2,1632.3,10.7,31.4,0,67.4,B
CUST_03062,Female,Yes,56,No,Engineer,6.0,Average,3.0,Cat_6,Casual,Medium,High,Very High,21.9,280.8,6148.0,7.3,15.5,1,89.8,A
CUST_03063,Male,No,33,Yes,Engineer,4.0,Average,3.0,Cat_6,Active,Medium,Medium,Medium,12.4,181.9,2259.3,8.9,37.9,0,69.7,B
CUST_03064,Male,No,30,No,Artist,3.0,Average,6.0,Cat_6,Casual,Very High,Low,Low,4.2,84.4,355.5,20.1,46.7,0,57.7,C
CUST_03065,Female,No,18,No,Healthcare,3.0,Low,4.0,Cat_6,Budget,High,Medium,Medium,8.7,80.0,694.0,24.0,52.1,1,45.9,C
CUST_03066,Male,Yes,28,Yes,Engineer,2.0,High,3.0,Cat_3,Luxury,Medium,Medium,High,7.6,210.6,1596.9,23.2,23.3,0,94.1,B
CUST_03067,Male,Yes,47,Yes,Engineer,6.0,Average,2.0,Cat_6,,Low,High,High,11.3,240.2,2720.5,4.6,18.0,1,89.8,A
CUST_03068,Female,No,67,No,Homemaker,4.0,Low,1.0,Cat_6,Budget,Very High,Low,Low,4.7,50.5,237.8,32.6,19.7,1,32.7,D
CUST_03069,Female,Yes,41,No,Doctor,2.0,High,1.0,Cat_6,Luxury,Low,Very High,Very High,19.7,310.1,6118.1,4.8,7.6,1,82.9,A
CUST_03070,Female,Yes,23,No,Artist,0.0,Average,3.0,Cat_6,Casual,Very High,Medium,Medium,7.5,94.9,716.2,18.6,51.7,0,53.4,C
CUST_03071,Male,No,27,No,Healthcare,3.0,Low,4.0,Cat_1,Budget,Very High,Medium,Medium,7.6,89.1,680.9,10.0,59.0,0,62.9,C
CUST_03072,Female,Yes,26,No,Artist,3.0,Low,1.0,Cat_6,Budget,High,Low,Medium,5.2,57.4,295.8,21.2,53.3,0,53.5,C
CUST_03073,Male,Yes,30,Yes,Entertainment,1.0,Low,4.0,Cat_3,Casual,Low,High,High,12.7,126.4,1608.8,17.5,39.3,1,71.4,B
CUST_03074,Female,Yes,29,Yes,Engineer,2.0,Average,2.0,Cat_6,Casual,Low,High,Medium,8.5,192.9,1639.3,10.5,24.5,1,82.7,B
CUST_03075,Male,Yes,34,Yes,Artist,0.0,High,1.0,Cat_3,Active,Medium,High,High,9.4,198.3,1874.4,10.8,25.8,0,66.4,B
CUST_03076,Female,No,55,Yes,Healthcare,2.0,Low,4.0,Cat_4,Casual,Very High,Low,Low,2.8,87.3,245.4,25.4,16.8,0,11.6,D
CUST_03077,Female,Yes,52,Yes,Healthcare,0.0,Low,3.0,Cat_4,Budget,High,Very Low,Low,3.1,45.3,139.3,15.9,5.3,0,5.0,D
CUST_03078,Female,Yes,22,Yes,Lawyer,6.0,High,,Cat_6,Active,Low,High,Very High,15.0,277.2,4145.6,6.2,14.0,1,78.1,A
CUST_03079,Male,No,46,Yes,Engineer,6.0,Average,1.0,Cat_6,Active,Low,High,Medium,10.7,309.8,3307.3,9.3,10.0,1,100.0,A
CUST_03080,Female,No,31,No,Lawyer,4.0,Low,1.0,Cat_5,Budget,High,Low,Low,3.4,40.8,136.6,41.4,11.9,0,22.8,D
CUST_03081,Female,No,27,Yes,Artist,2.0,Low,5.0,Cat_6,Budget,High,Low,Low,7.0,77.0,537.7,9.8,39.2,0,67.1,C
CUST_03082,Female,No,24,No,Homemaker,0.0,Low,1.0,Cat_6,Casual,Very High,Very Low,Very Low,4.2,61.4,260.7,32.4,18.7,0,22.9,D
CUST_03083,Male,No,33,Yes,Executive,3.0,High,3.0,Cat_6,Luxury,Low,Very High,Very High,15.4,223.0,3426.8,8.4,12.7,0,64.5,A
CUST_03084,Female,Yes,54,No,Engineer,1.0,High,2.0,,Active,High,Medium,High,13.1,166.6,2180.6,11.0,19.9,1,66.8,B
CUST_03085,Male,Yes,35,No,Marketing,3.0,Low,3.0,Cat_6,Eco-conscious,High,Low,Medium,3.9,61.1,236.1,12.1,39.2,0,18.3,C
CUST_03086,Female,No,23,No,Marketing,,Low,5.0,Cat_1,Casual,Very High,Low,Medium,10.1,106.7,1081.8,24.4,46.7,0,24.6,C
CUST_03087,Male,Yes,42,No,Engineer,0.0,Average,5.0,Cat_6,Active,High,Medium,Medium,11.6,247.3,2857.2,5.5,25.0,1,72.3,B
CUST_03088,Male,Yes,49,Yes,Lawyer,10.0,Average,2.0,Cat_2,Luxury,Low,Very High,Very High,9.5,295.2,2811.8,1.9,18.7,1,79.5,A
CUST_03089,Male,No,49,Yes,Engineer,4.0,Average,2.0,Cat_5,Casual,Medium,Medium,High,14.9,218.3,3258.2,1.0,42.0,1,,B
CUST_03090,Female,Yes,35,No,Artist,,Average,2.0,Cat_6,Active,Low,Very High,High,12.5,286.5,3573.1,3.8,11.2,1,82.7,A
CUST_03091,Male,Yes,42,Yes,Engineer,4.0,Average,4.0,Cat_6,Active,Medium,Medium,High,11.5,162.2,1872.4,12.7,35.6,0,56.2,B
CUST_03092,Female,No,56,Yes,Lawyer,0.0,Average,2.0,Cat_6,Budget,High,Very Low,Very Low,1.6,53.5,85.7,14.5,12.3,0,46.4,D
CUST_03093,Female,Yes,35,No,Healthcare,6.0,Average,3.0,Cat_3,Active,Medium,Medium,High,12.3,160.8,1984.4,11.5,27.2,0,84.4,B
CUST_03094,Female,Yes,28,No,Homemaker,3.0,Low,2.0,Cat_6,Casual,High,Low,Medium,10.1,75.5,763.2,23.1,36.2,1,63.9,C
CUST_03095,Female,Yes,53,Yes,Executive,3.0,Average,1.0,Cat_6,Luxury,Low,Very High,High,15.2,276.8,4211.2,4.5,10.2,0,98.4,A
CUST_03096,Female,Yes,25,Yes,Artist,3.0,Low,4.0,Cat_7,Budget,Very High,Low,High,7.1,73.7,520.2,15.4,50.5,1,29.7,C
CUST_03097,Female,No,74,Yes,Lawyer,2.0,Low,2.0,Cat_4,Budget,High,Low,Low,3.6,22.6,80.9,17.9,10.2,0,17.6,D
CUST_03098,Female,Yes,30,Yes,Executive,5.0,High,1.0,Cat_6,Active,Low,High,High,13.1,193.4,2539.4,1.2,7.2,1,92.3,A
CUST_03099,Female,Yes,59,Yes,Executive,6.0,Average,1.0,Cat_6,Luxury,Low,High,Very High,21.4,254.8,5462.9,3.5,16.3,0,73.7,A
CUST_03100,Female,Yes,33,Yes,Engineer,1.0,Average,4.0,Cat_3,Active,Low,High,High,6.3,115.5,728.0,16.1,34.0,1,76.0,B
CUST_03101,Male,Yes,40,Yes,Executive,5.0,High,1.0,Cat_6,Active,Medium,Very High,High,14.1,275.5,3883.4,9.5,16.1,0,87.2,A
CUST_03102,Male,No,38,No,Homemaker,4.0,Low,3.0,Cat_1,Budget,Very High,Medium,Low,9.3,134.9,1259.0,15.7,59.5,1,63.4,C
CUST_03103,Male,No,53,Yes,Artist,,Low,2.0,Cat_6,,Very High,Low,Low,4.7,79.1,368.0,35.2,17.9,0,32.5,D
CUST_03104,Female,No,47,No,Engineer,0.0,Low,2.0,Cat_6,Casual,Medium,Medium,High,13.4,132.4,1770.3,13.1,30.6,0,59.4,B
CUST_03105,Male,Yes,48,Yes,Entertainment,4.0,Average,3.0,Cat_6,Active,High,Medium,High,13.5,128.1,1732.1,14.5,30.3,1,79.6,B
CUST_03106,Male,No,30,Yes,Engineer,2.0,Average,3.0,Cat_3,Casual,High,Medium,Medium,11.7,160.8,1887.5,11.5,39.9,0,69.8,B
CUST_03107,Female,Yes,30,Yes,Artist,5.0,Low,5.0,,Eco-conscious,High,Medium,Low,12.8,77.2,985.5,27.4,34.8,0,43.8,C
CUST_03108,Female,Yes,53,Yes,Executive,2.0,Average,3.0,Cat_2,Luxury,Low,Very High,Medium,16.0,361.3,5775.6,6.5,19.8,1,80.3,A
CUST_03109,Male,Yes,42,Yes,Engineer,2.0,Average,5.0,Cat_3,Casual,Medium,Medium,Medium,9.9,159.1,1573.3,10.1,30.6,1,78.5,B
CUST_03110,Male,Yes,23,Yes,Artist,0.0,Low,3.0,Cat_1,Casual,High,Low,Medium,9.2,84.4,778.6,20.2,36.6,0,46.6,C
CUST_03111,Female,Yes,18,No,Homemaker,1.0,Low,1.0,Cat_6,Eco-conscious,High,Low,Medium,8.8,89.2,781.6,7.5,57.2,0,60.2,C
CUST_03112,Female,No,53,Yes,Executive,7.0,High,1.0,Cat_6,Luxury,Medium,Very High,Very High,16.2,269.6,4375.2,6.6,17.8,1,94.5,A
CUST_03113,Male,Yes,34,No,Homemaker,0.0,Low,3.0,,Casual,High,Low,High,8.0,102.3,820.4,24.5,31.3,1,42.0,C
CUST_03114,Male,Yes,36,Yes,Executive,5.0,High,2.0,Cat_6,Luxury,Low,High,Medium,19.4,314.6,6099.6,4.5,9.9,0,72.0,A
CUST_03115,Male,Yes,53,Yes,Lawyer,9.0,Average,,Cat_6,Luxury,Low,High,Very High,21.3,280.5,5982.5,4.6,12.3,1,81.2,A
CUST_03116,Male,No,19,No,Artist,0.0,Low,3.0,Cat_6,Budget,Very High,Low,Low,6.1,46.1,283.0,51.3,21.6,0,31.6,D
CUST_03117,Male,No,27,Yes,Artist,4.0,Low,4.0,Cat_7,Budget,High,Low,Medium,9.6,72.8,697.5,18.5,40.7,0,54.1,C
CUST_03118,Female,Yes,62,Yes,Executive,7.0,Average,3.0,Cat_2,Casual,Medium,Very High,Very High,22.1,300.5,6645.0,8.7,7.6,0,74.3,A
CUST_03119,Male,No,61,Yes,Engineer,8.0,Average,1.0,Cat_6,Luxury,Medium,High,Very High,7.5,295.5,2229.7,7.5,4.2,1,86.1,A
CUST_03120,Female,Yes,33,Yes,Engineer,,Average,1.0,Cat_6,Luxury,Low,High,Very High,16.7,328.1,5470.6,4.5,12.8,0,93.7,A
CUST_03121,Male,Yes,43,Yes,Artist,0.0,Low,3.0,Cat_6,Active,Medium,High,High,12.0,132.0,1579.2,20.0,14.1,1,78.5,B
CUST_03122,Male,Yes,58,Yes,Artist,8.0,High,3.0,,Luxury,Low,Very High,High,18.3,298.4,5460.6,5.7,12.8,1,74.4,A
CUST_03123,Male,Yes,43,Yes,Doctor,6.0,High,1.0,Cat_6,Luxury,Low,High,Very High,14.8,322.8,4767.7,1.5,25.5,1,89.2,A
CUST_03124,Male,No,41,Yes,Entertainment,3.0,Average,3.0,Cat_5,,High,Medium,Medium,14.4,149.0,2140.0,16.0,25.6,1,59.7,B
CUST_03125,Male,No,28,No,Artist,0.0,Average,,Cat_6,Casual,Very High,Low,Low,6.4,105.5,672.0,10.1,52.1,1,39.9,C
CUST_03126,Male,No,31,No,Marketing,2.0,Low,6.0,Cat_7,Budget,Very High,Low,High,8.1,87.9,712.6,8.9,53.3,1,58.9,C
CUST_03127,Female,Yes,33,No,Artist,3.0,Low,4.0,Cat_7,Eco-conscious,Very High,Low,Medium,8.5,94.0,801.6,12.9,49.7,1,67.8,C
CUST_03128,Male,Yes,56,Yes,Doctor,12.0,High,,Cat_6,Luxury,Low,Very High,Medium,19.8,310.2,6152.4,5.3,11.4,1,74.3,A
CUST_03129,Female,Yes,72,No,Healthcare,1.0,Low,1.0,Cat_5,Budget,High,Very Low,Low,2.1,37.4,78.2,32.5,11.6,0,19.7,D
CUST_03130,Female,No,40,Yes,Marketing,0.0,Average,2.0,Cat_1,Casual,Very High,Low,Medium,8.0,74.8,598.8,14.1,50.7,1,73.8,C
CUST_03131,Male,Yes,29,Yes,Marketing,2.0,Low,1.0,Cat_7,Budget,High,Medium,Low,7.9,83.2,657.9,20.6,68.3,0,,C
CUST_03132,Male,Yes,29,No,Artist,4.0,Low,3.0,Cat_6,Eco-conscious,Very High,Medium,Medium,3.3,114.0,371.4,13.7,55.0,0,33.7,C
CUST_03133,Male,No,49,Yes,Lawyer,,Average,2.0,Cat_4,Budget,Very High,Low,Low,4.1,72.9,299.7,48.3,4.7,0,23.8,D
CUST_03134,Male,Yes,48,Yes,Artist,1.0,Low,3.0,Cat_6,Casual,Medium,Medium,High,16.5,95.5,1571.5,13.1,29.4,0,83.4,B
CUST_03135,Female,Yes,44,Yes,Executive,3.0,Average,2.0,Cat_6,Luxury,Low,Very High,Very High,11.3,217.0,2453.3,4.2,18.6,1,93.5,A
CUST_03136,Male,No,42,Yes,Homemaker,3.0,Low,2.0,Cat_7,Budget,High,Medium,Low,7.3,89.6,653.8,17.8,41.6,0,48.6,C
CUST_03137,Female,Yes,32,No,Artist,3.0,Low,3.0,Cat_6,Casual,High,Low,Medium,4.8,47.1,227.1,17.5,38.1,1,79.4,C
CUST_03138,Male,No,26,No,Homemaker,2.0,Low,5.0,Cat_6,Eco-conscious,High,Low,Medium,8.2,108.8,892.6,13.0,52.7,0,33.6,C
CUST_03139,Female,Yes,32,No,Artist,2.0,Average,2.0,Cat_3,Active,Medium,High,Medium,6.8,110.0,749.3,15.8,29.8,1,60.1,B
CUST_03140,Male,Yes,44,Yes,Executive,8.0,High,3.0,Cat_6,Luxury,Low,Very High,High,20.2,287.7,5818.1,5.5,7.6,1,96.5,A
CUST_03141,Female,Yes,37,No,Artist,6.0,Average,1.0,Cat_3,Casual,High,High,Medium,9.8,131.7,1294.7,8.4,32.5,1,79.7,B
CUST_03142,Male,No,65,Yes,Artist,5.0,Low,2.0,Cat_4,Budget,High,Very Low,Very Low,3.6,70.2,249.3,44.3,12.5,1,29.6,D
CUST_03143,Female,Yes,44,Yes,Artist,6.0,Average,2.0,,Luxury,Medium,High,Medium,10.6,224.4,2386.1,19.1,17.1,1,75.2,B
CUST_03144,Female,Yes,36,Yes,Engineer,,Average,2.0,Cat_3,Luxury,Medium,High,High,9.7,166.7,1623.6,15.5,35.4,1,71.2,B
CUST_03145,Male,No,24,Yes,Healthcare,2.0,Low,3.0,Cat_5,Active,Low,High,Medium,15.5,197.0,3057.7,9.5,14.8,0,57.1,B
CUST_03146,Male,Yes,44,No,Healthcare,3.0,Low,2.0,Cat_6,Active,Medium,Medium,High,9.7,173.3,1672.9,11.1,24.1,1,69.9,B
CUST_03147,Female,Yes,58,No,Healthcare,,Low,1.0,Cat_4,Budget,High,Very Low,Low,2.0,69.3,137.2,44.0,5.8,0,21.1,D
CUST_03148,Female,Yes,38,No,Marketing,1.0,Low,3.0,Cat_7,Casual,Very High,Low,High,4.6,65.7,300.9,20.8,61.7,0,44.7,C
CUST_03149,Male,No,29,Yes,Artist,,Average,3.0,Cat_1,Casual,High,Low,Low,4.3,80.7,345.7,25.1,51.0,0,60.4,C
CUST_03150,Male,Yes,51,No,Artist,5.0,High,2.0,Cat_6,Luxury,High,High,Medium,14.6,148.4,2166.3,11.7,35.9,0,74.1,B
CUST_03151,Male,Yes,34,Yes,Healthcare,2.0,Average,2.0,Cat_7,Budget,High,Low,Medium,7.5,100.2,755.2,23.7,64.3,1,51.7,C
CUST_03152,Female,Yes,51,Yes,Executive,6.0,High,,Cat_6,Casual,Medium,Very High,Very High,16.0,239.6,3828.6,2.2,23.4,0,87.2,A
CUST_03153,Female,Yes,21,Yes,Marketing,0.0,Low,3.0,Cat_1,Budget,Very High,Low,Medium,9.2,70.6,646.9,24.6,50.1,0,49.0,C
CUST_03154,Female,No,39,Yes,Healthcare,1.0,Average,3.0,Cat_6,Active,Medium,High,Medium,4.2,102.9,436.3,10.0,27.3,0,81.4,B
CUST_03155,Female,Yes,42,Yes,Entertainment,4.0,High,2.0,Cat_6,Casual,Medium,Medium,Medium,2.8,150.6,423.7,8.8,17.1,1,72.5,B
CUST_03156,Female,Yes,35,Yes,Homemaker,0.0,Low,5.0,Cat_6,Eco-conscious,High,Low,Medium,6.3,92.0,578.9,25.6,49.3,1,57.1,C
CUST_03157,Female,No,40,No,Healthcare,0.0,Low,2.0,Cat_6,Casual,High,Very Low,Low,1.4,36.7,50.0,46.7,6.6,1,5.0,D
CUST_03158,Male,Yes,62,Yes,Artist,13.0,High,2.0,Cat_4,,Low,Very High,High,21.9,341.9,7484.1,12.6,15.0,1,91.8,A
CUST_03159,Male,No,30,No,Artist,1.0,Average,7.0,Cat_1,Budget,Very High,Medium,Medium,6.4,64.5,410.3,18.2,49.4,1,27.5,C
CUST_03160,Female,Yes,31,No,Engineer,8.0,Average,4.0,Cat_6,Active,Medium,High,Medium,7.0,240.1,1675.2,13.7,28.5,0,79.2,B
CUST_03161,Male,Yes,42,Yes,Entertainment,1.0,Average,2.0,Cat_3,Luxury,High,High,High,8.5,202.1,1716.1,18.7,34.8,1,68.2,B
CUST_03162,Female,Yes,22,No,Doctor,8.0,Average,3.0,Cat_4,Active,Low,High,High,14.1,303.3,4263.9,3.8,13.7,0,87.2,A
CUST_03163,Male,Yes,30,No,Artist,3.0,Low,2.0,Cat_6,Casual,Medium,High,High,11.3,232.8,2631.8,1.7,28.7,1,,B
CUST_03164,Female,Yes,56,Yes,Engineer,2.0,Average,1.0,Cat_6,Active,Medium,High,High,12.4,108.4,1342.8,12.1,27.2,0,85.4,B
CUST_03165,Male,Yes,30,Yes,Lawyer,9.0,Average,3.0,Cat_4,Luxury,Low,High,High,16.8,256.6,4298.6,8.4,15.9,0,83.3,A
CUST_03166,Female,Yes,44,Yes,Artist,6.0,High,3.0,Cat_6,Casual,Medium,High,Medium,7.2,106.7,768.5,9.6,22.4,0,74.2,B
CUST_03167,Male,No,37,No,Homemaker,1.0,Low,,Cat_4,Casual,High,Very Low,Low,2.6,66.2,169.5,31.7,3.0,0,16.3,D
CUST_03168,Male,No,56,Yes,Doctor,,Average,3.0,Cat_4,Luxury,Low,High,Very High,16.9,313.9,5319.6,5.6,14.0,1,90.8,A
CUST_03169,Male,Yes,18,Yes,Healthcare,2.0,Low,4.0,Cat_7,Eco-conscious,High,Low,High,9.9,95.2,941.0,21.3,38.2,0,80.3,C
CUST_03170,Female,Yes,31,Yes,Engineer,2.0,Average,2.0,Cat_5,Active,Low,Medium,Medium,11.8,152.4,1797.6,15.9,27.2,1,79.2,B
CUST_03171,Female,No,32,Yes,Artist,1.0,Average,3.0,Cat_7,Budget,High,Low,Low,7.3,93.1,682.7,23.1,41.2,0,58.8,C
CUST_03172,Female,Yes,44,Yes,Healthcare,2.0,Low,2.0,Cat_6,Active,Medium,Medium,High,8.0,139.6,1122.8,23.2,25.3,0,72.4,B
CUST_03173,Male,Yes,27,Yes,Engineer,5.0,High,3.0,Cat_4,Active,Low,Very High,Very High,15.3,312.8,4795.4,5.9,20.3,1,88.6,A
CUST_03174,Female,Yes,27,Yes,Doctor,7.0,High,1.0,Cat_6,Luxury,Low,Very High,High,13.4,308.0,4138.1,2.2,15.1,0,100.0,A
CUST_03175,Female,Yes,44,Yes,Lawyer,5.0,High,2.0,Cat_4,Luxury,Low,High,High,20.3,251.0,5098.6,8.4,8.7,0,84.0,A
CUST_03176,Male,Yes,41,Yes,Engineer,10.0,Average,2.0,Cat_6,Active,Medium,Very High,High,13.8,309.6,4286.0,5.5,19.8,1,79.2,A
CUST_03177,Female,Yes,34,No,Marketing,0.0,Low,4.0,Cat_6,Budget,High,Medium,Low,7.1,114.7,812.4,24.8,61.1,0,65.9,C
CUST_03178,Female,Yes,58,No,Lawyer,2.0,Average,3.0,Cat_6,Budget,High,Very Low,Low,2.3,36.2,83.3,22.5,15.1,0,13.5,D
CUST_03179,Female,Yes,18,No,Healthcare,4.0,Low,3.0,Cat_6,Budget,High,Low,Medium,8.9,91.3,816.0,18.5,38.2,1,78.1,C
CUST_03180,Male,Yes,39,No,Marketing,1.0,Low,2.0,Cat_7,Budget,High,Low,Medium,6.9,44.8,308.4,17.8,48.7,1,52.0,C
CUST_03181,Male,Yes,53,Yes,Engineer,4.0,Average,2.0,Cat_6,Luxury,Low,Very High,Very High,15.5,369.9,5726.8,3.9,17.2,0,80.5,A
CUST_03182,Male,Yes,33,Yes,Engineer,0.0,Average,4.0,Cat_6,Casual,Medium,High,High,14.4,179.6,2579.2,19.3,32.6,1,87.6,B
CUST_03183,Male,Yes,39,Yes,Engineer,6.0,High,4.0,Cat_6,Active,Medium,Medium,Medium,14.3,212.5,3040.0,4.0,29.4,1,68.3,B
CUST_03184,Female,Yes,49,Yes,Engineer,10.0,High,2.0,Cat_4,Luxury,Low,Very High,Very High,16.2,274.8,4439.8,8.1,8.5,0,82.6,A
CUST_03185,Female,Yes,42,Yes,Artist,4.0,Average,,Cat_6,Active,Medium,High,High,12.0,137.1,1647.5,7.3,33.6,1,57.2,B
CUST_03186,Female,Yes,43,Yes,Engineer,1.0,Average,2.0,Cat_6,Active,Low,Medium,High,8.8,170.2,1500.3,9.9,34.8,1,71.7,B
CUST_03187,Female,Yes,41,No,Healthcare,3.0,Average,3.0,Cat_6,Casual,Medium,High,High,18.0,125.8,2270.8,4.5,22.6,1,77.1,B
CUST_03188,Male,Yes,48,Yes,Entertainment,8.0,High,3.0,Cat_3,Casual,Medium,Medium,High,12.9,162.2,2090.8,17.8,16.3,0,77.3,B
CUST_03189,Male,No,25,Yes,Artist,0.0,Low,2.0,Cat_7,Casual,Very High,Low,Low,6.2,107.6,664.1,22.7,57.1,1,50.1,C
CUST_03190,Female,No,28,No,Artist,0.0,Low,2.0,Cat_6,Budget,High,Low,Medium,5.4,97.9,528.3,22.7,56.7,0,62.8,C
CUST_03191,Male,No,36,Yes,Engineer,0.0,Average,2.0,Cat_3,Casual,Medium,High,High,12.9,197.3,2542.6,7.3,34.2,1,62.2,B
CUST_03192,Female,No,55,Yes,Homemaker,2.0,Average,3.0,Cat_4,Casual,Very High,Low,Very Low,2.1,55.5,116.4,28.9,14.0,1,31.7,D
CUST_03193,Female,No,85,No,Homemaker,4.0,Average,4.0,Cat_4,Budget,High,Very Low,Low,3.4,69.4,239.2,48.3,11.3,0,41.8,D
CUST_03194,Female,Yes,43,Yes,Engineer,7.0,High,2.0,Cat_6,Active,Medium,High,High,13.1,177.5,2327.6,8.3,15.0,1,63.3,B
CUST_03195,Male,No,27,Yes,Engineer,5.0,Average,2.0,Cat_6,Active,Medium,Medium,High,9.0,174.3,1567.9,12.6,24.3,0,67.9,B
CUST_03196,Male,No,34,Yes,Artist,3.0,Average,3.0,Cat_3,Casual,Low,High,High,11.2,122.7,1374.2,6.8,35.2,1,57.5,B
CUST_03197,Male,No,84,Yes,Healthcare,2.0,Low,2.0,Cat_5,Budget,High,Low,Very Low,3.3,60.8,202.5,31.5,9.4,0,19.5,D
CUST_03198,Male,Yes,34,No,Homemaker,0.0,Low,3.0,Cat_4,Casual,High,Low,Low,2.6,19.5,51.4,40.8,15.3,0,17.0,D
CUST_03199,Female,Yes,63,Yes,Artist,8.0,High,1.0,,Luxury,Low,Very High,High,18.1,256.4,4641.6,8.8,1.8,1,83.3,A
CUST_03200,Male,No,41,No,Healthcare,7.0,Low,3.0,Cat_3,Active,Medium,Medium,Medium,18.0,183.7,3308.2,10.6,34.0,1,46.5,B
CUST_03201,Female,Yes,26,No,Entertainment,5.0,Average,2.0,Cat_6,Casual,High,Medium,High,9.5,212.0,2023.1,13.6,7.9,1,85.6,B
CUST_03202,Male,Yes,30,Yes,Entertainment,3.0,Average,2.0,Cat_6,Luxury,Low,Medium,Medium,13.8,206.0,2834.1,7.7,37.4,1,70.4,B
CUST_03203,Female,No,43,Yes,Lawyer,10.0,High,1.0,Cat_6,Active,Medium,Very High,High,15.3,345.6,5299.4,2.5,18.9,1,95.9,A
CUST_03204,Male,Yes,69,No,Homemaker,1.0,Low,1.0,Cat_6,Budget,High,Low,Very Low,4.2,61.2,259.7,41.6,14.5,0,14.5,D
CUST_03205,Female,No,29,No,Marketing,5.0,Low,3.0,Cat_1,Casual,High,Low,Medium,5.7,121.0,690.0,16.2,55.1,1,54.9,C
CUST_03206,Male,Yes,37,Yes,Artist,,Low,2.0,Cat_7,Casual,High,Low,Medium,8.3,86.5,715.4,15.4,46.0,1,62.7,C
CUST_03207,Female,No,28,No,Homemaker,1.0,Low,2.0,Cat_6,Casual,High,Low,Low,3.2,56.1,177.2,35.4,15.7,0,27.4,D
CUST_03208,Female,No,30,No,Artist,0.0,Average,3.0,Cat_6,Casual,Very High,Low,Medium,4.9,95.0,464.1,18.9,41.8,1,45.6,C
CUST_03209,Male,Yes,38,Yes,Entertainment,4.0,Average,3.0,Cat_6,Active,Medium,Medium,High,10.1,111.0,1126.2,11.3,28.2,0,63.4,B
CUST_03210,Male,No,27,No,Healthcare,0.0,Low,3.0,Cat_6,Casual,High,Medium,Low,9.5,91.9,873.7,14.6,49.3,1,56.0,C
CUST_03211,Male,No,34,Yes,Executive,8.0,Average,3.0,Cat_2,Luxury,Medium,Very High,Very High,14.8,332.2,4915.4,6.6,13.8,1,88.5,A
CUST_03212,Female,Yes,19,Yes,Artist,0.0,Average,4.0,Cat_1,Budget,High,Medium,High,10.3,89.3,918.0,21.2,29.2,0,46.6,C
CUST_03213,Female,Yes,71,Yes,Lawyer,8.0,Average,1.0,Cat_2,Active,Low,Very High,Very High,17.4,266.1,4618.6,5.3,19.8,1,85.9,A
CUST_03214,Female,No,36,No,Homemaker,2.0,Low,4.0,Cat_1,Budget,High,Medium,High,7.0,86.9,605.3,11.6,48.9,0,57.8,C
CUST_03215,Male,Yes,45,Yes,Lawyer,8.0,High,3.0,Cat_4,Casual,Low,High,Very High,15.5,243.3,3775.8,7.0,16.4,1,92.4,A
CUST_03216,Male,No,52,Yes,Executive,8.0,Average,3.0,Cat_6,Active,Medium,Very High,High,17.9,241.0,4323.2,3.5,19.8,1,87.7,A
CUST_03217,Female,No,32,Yes,Lawyer,3.0,High,1.0,Cat_6,Active,Low,Very High,Very High,16.7,309.4,5176.3,4.4,22.0,1,94.0,A
CUST_03218,Male,No,44,Yes,Executive,3.0,Average,2.0,Cat_6,Active,Low,Very High,Very High,12.6,190.7,2398.5,6.2,11.6,0,77.1,A
CUST_03219,Male,No,34,No,Marketing,0.0,Low,4.0,Cat_1,Eco-conscious,High,Low,Medium,8.1,62.6,504.5,7.9,50.0,0,63.3,C
CUST_03220,Male,No,23,No,Marketing,1.0,Low,1.0,Cat_6,Budget,Very High,Low,Medium,10.2,94.5,968.1,11.4,49.8,0,56.6,C
CUST_03221,Male,No,28,Yes,Artist,1.0,Low,3.0,Cat_6,Active,Low,Medium,High,8.7,158.4,1378.9,14.6,36.4,0,62.7,B
CUST_03222,Male,Yes,35,Yes,Engineer,12.0,Average,3.0,Cat_6,Luxury,Medium,Very High,Very High,15.1,215.8,3259.9,4.3,12.5,0,86.6,A
CUST_03223,Male,No,54,Yes,Engineer,,Average,3.0,Cat_4,Casual,Medium,Very High,High,14.5,223.5,3243.9,7.6,19.1,1,93.2,A
CUST_03224,Female,Yes,25,No,Artist,11.0,Average,3.0,Cat_4,Luxury,Medium,High,High,17.7,391.4,6928.1,8.9,21.2,0,84.4,A
CUST_03225,Male,Yes,55,No,Executive,4.0,High,2.0,Cat_6,Luxury,Medium,Very High,Very High,18.0,274.2,4930.1,7.1,10.9,0,94.0,A
CUST_03226,Male,No,71,Yes,Artist,1.0,Low,1.0,Cat_5,Budget,High,Low,Very Low,1.7,53.7,93.3,23.8,12.4,1,33.6,D
CUST_03227,Male,Yes,55,No,Doctor,7.0,Average,2.0,Cat_6,Luxury,Medium,High,Very High,15.8,353.9,5577.0,6.8,10.5,1,84.6,A
CUST_03228,Male,Yes,42,Yes,Healthcare,2.0,High,1.0,Cat_6,Active,Medium,High,Medium,10.0,97.3,970.0,11.0,30.8,1,78.0,B
CUST_03229,Male,Yes,59,Yes,Executive,7.0,High,,Cat_6,Luxury,Low,Very High,Very High,15.1,257.7,3900.8,5.5,15.8,0,82.1,A
CUST_03230,Female,No,37,Yes,Executive,,Average,1.0,Cat_6,Active,Low,Very High,High,14.9,289.8,4316.2,8.6,23.1,0,89.2,A
CUST_03231,Male,Yes,63,Yes,Entertainment,5.0,Average,2.0,Cat_3,Active,Medium,Medium,Medium,9.1,159.4,1455.8,16.8,32.6,0,75.4,B
CUST_03232,Female,Yes,27,No,Marketing,2.0,Low,3.0,Cat_6,Budget,Very High,Low,Medium,8.1,106.0,858.3,9.8,45.7,1,52.1,C
CUST_03233,Female,Yes,46,Yes,Executive,10.0,High,1.0,Cat_2,Active,Medium,Very High,Very High,17.6,224.3,3939.5,7.8,15.6,1,79.1,A
CUST_03234,Male,Yes,59,Yes,Executive,7.0,Average,1.0,Cat_2,Luxury,Medium,Very High,Very High,19.2,258.6,4971.0,1.9,24.0,0,80.0,A
CUST_03235,Male,No,40,No,Engineer,6.0,High,3.0,Cat_3,Casual,Medium,Medium,High,17.7,177.8,3155.2,10.2,25.2,1,48.9,B
CUST_03236,Male,No,43,Yes,Artist,6.0,High,2.0,Cat_2,Active,Low,Very High,High,13.5,294.6,3972.8,7.0,7.1,1,74.6,A
CUST_03237,Female,No,39,Yes,Executive,13.0,Average,3.0,Cat_6,Active,Low,High,High,17.6,264.4,4647.2,6.7,11.3,1,87.5,A
CUST_03238,Male,No,47,No,Healthcare,0.0,Average,1.0,Cat_4,Casual,High,Low,Very Low,4.9,73.3,362.4,61.6,16.9,0,63.3,D
CUST_03239,Female,Yes,36,Yes,Artist,0.0,Low,3.0,Cat_1,Budget,Very High,Medium,Low,6.3,92.6,586.4,25.4,46.3,1,32.1,C
CUST_03240,Female,Yes,43,Yes,Artist,1.0,High,4.0,Cat_6,Luxury,Medium,High,High,8.2,203.6,1668.2,13.4,16.8,1,66.3,B
CUST_03241,Female,Yes,26,Yes,Healthcare,6.0,High,3.0,Cat_5,Casual,Low,Medium,High,12.8,136.3,1744.4,9.7,25.1,1,65.9,B
CUST_03242,Female,No,51,Yes,Healthcare,5.0,Average,4.0,Cat_6,Casual,Medium,High,High,10.2,154.0,1574.1,13.4,40.8,0,73.1,B
CUST_03243,Male,Yes,34,No,Artist,5.0,Average,4.0,Cat_6,Luxury,Low,High,High,14.7,182.5,2682.1,8.1,21.9,0,87.8,B
CUST_03244,Female,No,20,Yes,Marketing,4.0,Average,5.0,Cat_1,Budget,Very High,Low,Medium,10.3,91.5,946.4,19.4,62.2,1,67.1,C
CUST_03245,Male,No,26,No,Artist,4.0,Low,6.0,Cat_1,Budget,High,Low,Medium,6.2,75.2,467.4,20.8,44.6,0,57.0,C
CUST_03246,Female,Yes,31,Yes,Doctor,8.0,Average,1.0,Cat_2,Casual,Medium,Very High,High,16.2,231.6,3744.4,7.0,15.9,0,88.8,A
CUST_03247,Female,Yes,25,Yes,Entertainment,8.0,Average,4.0,Cat_6,Active,Medium,High,High,15.6,172.2,2689.6,11.8,20.3,0,72.6,B
CUST_03248,Female,Yes,36,Yes,Artist,7.0,Average,4.0,Cat_6,Casual,High,Medium,Medium,12.2,105.2,1280.7,4.0,42.7,1,70.5,B
CUST_03249,Female,No,51,No,Healthcare,0.0,Low,1.0,,Budget,Very High,Low,Low,1.0,43.6,45.6,34.1,12.9,0,25.9,D
CUST_03250,Male,Yes,18,Yes,Artist,0.0,Low,6.0,Cat_7,Casual,High,Low,Low,4.6,60.2,276.5,23.2,37.3,1,58.4,C
CUST_03251,Female,Yes,44,No,Entertainment,3.0,Average,3.0,Cat_3,Active,Medium,Medium,Medium,7.1,160.6,1138.7,14.9,29.9,0,70.6,B
CUST_03252,Male,Yes,27,Yes,Doctor,6.0,Average,2.0,Cat_6,Luxury,Low,Very High,Very High,23.4,328.8,7687.7,3.1,19.4,1,83.2,A
CUST_03253,Female,Yes,18,No,Artist,1.0,Low,6.0,Cat_1,Budget,High,Low,Low,6.8,125.9,855.2,16.1,49.5,0,53.0,C
CUST_03254,Female,Yes,59,Yes,Lawyer,7.0,High,2.0,Cat_6,Active,Low,Very High,Very High,13.6,266.0,3615.0,7.1,10.2,1,84.7,A
CUST_03255,Female,Yes,34,Yes,Entertainment,4.0,High,3.0,Cat_6,Luxury,High,Medium,Medium,12.0,149.6,1801.7,11.1,22.2,0,76.3,B
CUST_03256,Male,Yes,42,Yes,Engineer,4.0,High,2.0,Cat_6,Luxury,Low,High,Very High,16.8,274.8,4604.6,1.0,16.3,1,96.7,A
CUST_03257,Female,No,27,No,Marketing,2.0,Low,3.0,Cat_1,Budget,High,Low,Low,5.4,75.9,408.4,14.0,41.3,0,58.2,C
CUST_03258,Male,Yes,52,No,Engineer,4.0,High,2.0,Cat_4,Luxury,Low,Very High,Very High,22.6,224.3,5076.6,6.8,14.7,1,83.6,A
CUST_03259,Male,Yes,44,Yes,Engineer,2.0,High,4.0,Cat_6,Active,Medium,High,High,13.1,141.0,1844.2,20.4,33.5,0,81.5,B
CUST_03260,Female,Yes,49,Yes,Healthcare,1.0,Average,1.0,Cat_4,Casual,High,Low,Low,3.8,44.1,169.0,40.9,15.7,0,5.0,D
CUST_03261,Female,Yes,56,No,Artist,4.0,High,3.0,Cat_6,Active,Low,Very High,Medium,15.9,313.3,4970.7,12.6,14.4,1,86.1,A
CUST_03262,Female,Yes,35,No,Engineer,1.0,Average,,Cat_6,Luxury,Medium,Medium,Medium,11.6,182.4,2111.1,10.8,24.2,1,76.6,B
CUST_03263,Male,Yes,40,Yes,Engineer,9.0,Average,4.0,Cat_6,Active,Medium,High,Medium,12.5,195.9,2448.4,11.7,18.9,1,68.2,B
CUST_03264,Male,No,45,Yes,Lawyer,7.0,High,2.0,Cat_6,Luxury,Low,High,Very High,20.6,351.0,7245.5,5.4,22.5,1,88.0,A
CUST_03265,Female,Yes,29,No,Homemaker,3.0,Low,5.0,Cat_7,Budget,High,Low,Medium,6.9,88.9,612.3,17.8,60.8,1,38.0,C
CUST_03266,Male,Yes,55,Yes,Doctor,10.0,Average,3.0,Cat_4,Luxury,Medium,High,Very High,16.2,287.5,4659.2,7.6,11.6,1,88.8,A
CUST_03267,Female,Yes,26,Yes,Artist,5.0,High,3.0,Cat_3,Active,Medium,High,Medium,11.9,218.1,2603.5,8.9,40.8,1,68.8,B
CUST_03268,Male,Yes,43,Yes,Artist,0.0,High,2.0,Cat_6,,Medium,High,Medium,8.4,136.5,1152.8,10.6,36.3,0,69.7,B
CUST_03269,Male,Yes,18,Yes,Healthcare,2.0,Low,3.0,Cat_6,Budget,High,Medium,Medium,9.4,116.2,1092.8,19.0,41.1,0,50.9,C
CUST_03270,Female,Yes,29,Yes,Artist,1.0,Low,1.0,Cat_1,Budget,Very High,Medium,Low,9.6,88.8,851.5,17.8,49.3,0,28.7,C
CUST_03271,Male,Yes,34,No,Engineer,5.0,High,3.0,Cat_2,Luxury,Medium,High,Very High,17.2,322.7,5541.6,7.3,17.4,1,86.1,A
CUST_03272,Male,No,51,Yes,Engineer,8.0,Average,3.0,Cat_4,Luxury,Low,Very High,High,16.7,319.0,5341.0,3.2,13.0,1,98.5,A
CUST_03273,Female,No,36,No,Artist,0.0,Low,5.0,Cat_7,Casual,Very High,Medium,Medium,6.4,85.7,550.0,17.4,38.2,1,45.4,C
CUST_03274,Male,Yes,43,Yes,Artist,5.0,Low,1.0,Cat_5,Luxury,Low,Medium,High,7.4,123.3,906.9,9.5,31.2,0,65.2,B
CUST_03275,Male,Yes,28,No,Homemaker,3.0,Low,5.0,Cat_1,Casual,High,Low,Low,5.0,101.0,500.9,11.9,45.4,1,63.7,C
CUST_03276,Male,Yes,24,No,Artist,0.0,Low,4.0,Cat_7,Casual,High,Medium,Medium,10.4,20.0,207.1,21.9,52.7,1,58.4,C
CUST_03277,Female,No,33,No,Artist,1.0,Low,1.0,Cat_1,Casual,Very High,Low,Low,4.9,98.8,485.6,11.2,44.5,0,62.5,C
CUST_03278,Male,Yes,29,Yes,Engineer,3.0,Average,4.0,Cat_5,Casual,Medium,Medium,Medium,11.3,111.6,1257.1,9.6,25.5,1,74.3,B
CUST_03279,Male,Yes,40,No,Entertainment,3.0,Average,2.0,Cat_3,Active,Medium,High,High,8.7,182.3,1585.0,10.1,31.5,1,66.7,B
CUST_03280,Female,No,27,No,Artist,3.0,Average,3.0,Cat_1,Budget,High,Low,High,6.8,76.7,519.7,14.5,42.5,0,60.1,C
CUST_03281,Male,Yes,34,Yes,Healthcare,5.0,High,2.0,Cat_5,Casual,Medium,High,Medium,7.7,182.3,1406.4,5.8,36.8,1,93.2,B
CUST_03282,Female,Yes,41,Yes,Doctor,6.0,Average,3.0,Cat_4,Luxury,Low,Very High,Very High,16.6,356.9,5915.5,5.1,13.3,1,89.7,A
CUST_03283,Male,No,48,No,Homemaker,0.0,Low,1.0,Cat_5,Casual,High,Low,Very Low,3.9,91.4,352.8,33.0,9.0,0,29.4,D
CUST_03284,Female,Yes,77,Yes,Healthcare,2.0,Low,,Cat_6,,Very High,Low,Low,3.4,18.6,64.2,25.5,14.5,0,,D
CUST_03285,Female,Yes,24,Yes,Artist,7.0,Average,3.0,Cat_3,Active,Low,Medium,Medium,12.5,205.9,2582.2,10.9,17.5,0,53.0,B
CUST_03286,Male,No,39,Yes,Lawyer,5.0,High,3.0,Cat_6,Luxury,Low,Very High,Very High,17.0,329.9,5615.1,5.8,17.1,0,99.4,A
CUST_03287,Male,Yes,37,Yes,Engineer,1.0,High,3.0,Cat_6,Active,Medium,Medium,High,7.0,145.2,1011.6,15.6,26.4,1,62.2,B
CUST_03288,Male,Yes,28,No,Healthcare,3.0,Average,3.0,Cat_1,Budget,High,Low,High,8.6,85.9,740.5,18.9,51.7,0,34.3,C
CUST_03289,Male,Yes,69,No,Artist,2.0,Low,1.0,Cat_4,Budget,High,Very Low,Very Low,3.4,43.5,148.3,49.5,3.4,0,32.5,D
CUST_03290,Male,Yes,37,Yes,Executive,7.0,High,3.0,Cat_6,Luxury,Low,High,Very High,10.1,240.6,2432.3,1.0,12.7,1,78.2,A
CUST_03291,Male,Yes,64,Yes,Engineer,11.0,High,1.0,Cat_2,Active,Low,Very High,High,17.6,244.6,4298.2,5.7,14.6,1,84.2,A
CUST_03292,Female,No,41,No,Artist,3.0,Low,3.0,Cat_5,Budget,High,Low,Low,4.7,54.0,253.2,39.8,14.3,0,33.1,D
CUST_03293,Female,No,24,Yes,Artist,3.0,Average,2.0,Cat_6,Active,High,High,Medium,14.5,153.5,2233.9,11.6,36.9,1,88.1,B
CUST_03294,Male,Yes,33,Yes,Engineer,2.0,High,4.0,Cat_3,Active,Medium,High,High,11.3,162.8,1836.9,7.8,24.7,1,69.5,B
CUST_03295,Male,No,60,Yes,Healthcare,0.0,Low,2.0,Cat_6,Budget,Very High,Low,Low,4.8,29.5,141.5,44.2,13.6,0,5.8,D
CUST_03296,Male,No,51,Yes,Lawyer,5.0,High,3.0,Cat_4,Luxury,Medium,High,Very High,16.3,211.4,3439.7,3.9,22.1,1,94.7,A
CUST_03297,Male,Yes,31,No,Marketing,1.0,Low,5.0,Cat_7,Casual,High,Medium,Low,9.0,86.1,774.4,25.6,62.6,0,38.2,C
CUST_03298,Male,Yes,49,Yes,Engineer,3.0,High,2.0,Cat_6,Luxury,Low,Very High,Very High,17.6,259.9,4575.2,8.7,18.1,1,100.0,A
CUST_03299,Male,No,47,No,Engineer,2.0,High,2.0,Cat_3,Active,Medium,Medium,Medium,15.6,152.0,2371.7,14.9,38.8,1,75.3,B
CUST_03300,Female,No,28,No,Marketing,5.0,Low,1.0,Cat_6,Casual,Very High,Low,Medium,11.7,108.0,1264.4,20.3,51.2,0,56.3,C
CUST_03301,Male,Yes,37,No,Engineer,6.0,Average,2.0,Cat_5,Active,Medium,High,High,12.0,139.3,1677.6,8.5,9.9,0,67.9,B
CUST_03302,Female,Yes,36,No,Healthcare,2.0,Low,4.0,Cat_5,Budget,High,Low,Very Low,2.6,25.3,66.2,32.9,12.2,0,22.4,D
CUST_03303,Male,Yes,31,Yes,Artist,2.0,Average,3.0,,Casual,Medium,Medium,Medium,13.9,203.0,2814.1,9.7,30.1,1,68.2,B
CUST_03304,Male,Yes,29,Yes,Engineer,3.0,Average,3.0,Cat_6,Luxury,Medium,High,High,10.1,238.5,2403.5,16.4,20.0,1,60.3,B
CUST_03305,Female,No,39,Yes,Lawyer,8.0,High,2.0,Cat_6,Luxury,Low,Very High,High,13.8,325.8,4498.7,11.5,18.3,1,92.5,A
CUST_03306,Male,Yes,38,Yes,Healthcare,3.0,Average,2.0,Cat_6,,Medium,High,High,10.2,169.8,1737.1,15.3,28.8,1,71.0,B
CUST_03307,Female,Yes,46,Yes,Engineer,5.0,Average,4.0,Cat_5,Active,Medium,High,High,9.7,100.8,982.8,13.8,42.6,1,75.3,B
CUST_03308,Female,Yes,42,Yes,Doctor,0.0,Average,2.0,Cat_6,Active,Low,Very High,Very High,18.7,244.9,4569.0,5.6,9.3,1,85.5,A
CUST_03309,Male,Yes,39,No,Artist,5.0,High,3.0,Cat_3,Active,Low,High,Medium,13.2,214.2,2831.7,12.8,30.1,0,73.2,B
CUST_03310,Female,Yes,32,No,Entertainment,2.0,Average,4.0,Cat_6,Active,Medium,Medium,High,15.7,231.0,3624.7,12.6,25.7,0,69.5,B
CUST_03311,Female,No,18,No,Artist,2.0,Low,3.0,Cat_7,Budget,High,Low,Low,8.2,55.3,455.6,21.5,50.9,0,58.9,C
CUST_03312,Male,Yes,30,No,Healthcare,3.0,Low,4.0,Cat_1,Eco-conscious,High,Low,Low,4.7,71.2,331.9,22.0,43.7,1,38.4,C
CUST_03313,Female,No,27,No,Marketing,4.0,Average,4.0,Cat_1,Eco-conscious,High,Low,Medium,9.0,90.2,816.1,22.3,50.2,1,36.5,C
CUST_03314,Male,Yes,69,Yes,Executive,12.0,Average,1.0,Cat_6,Casual,Low,High,Very High,16.8,273.8,4596.9,8.3,21.4,1,97.4,A
CUST_03315,Female,Yes,48,No,Executive,0.0,High,2.0,Cat_2,Luxury,Low,High,Very High,16.2,261.7,4238.7,6.3,2.1,0,93.2,A
CUST_03316,Female,Yes,23,Yes,Healthcare,4.0,Average,,Cat_7,Eco-conscious,High,Low,Low,5.9,83.4,492.6,9.3,44.1,1,42.5,C
CUST_03317,Female,Yes,36,Yes,Artist,2.0,Average,1.0,Cat_6,Casual,Medium,High,High,10.3,209.9,2156.6,7.1,24.3,0,56.5,B
CUST_03318,Female,Yes,62,No,Executive,0.0,Average,1.0,Cat_6,Active,Low,Very High,Very High,19.0,277.1,5256.1,8.7,16.7,1,94.1,A
CUST_03319,Male,No,41,Yes,Homemaker,4.0,Low,5.0,Cat_1,Casual,High,Low,Medium,9.8,120.8,1188.0,13.1,44.3,0,47.5,C
CUST_03320,Female,Yes,31,No,Homemaker,3.0,Average,6.0,Cat_1,Casual,High,Low,Low,5.0,111.9,560.8,3.9,52.7,0,57.8,C
CUST_03321,Female,Yes,28,Yes,Artist,0.0,Average,4.0,Cat_6,,Medium,High,High,16.7,219.4,3658.9,15.2,42.3,0,65.0,B
CUST_03322,Female,No,51,Yes,Doctor,11.0,High,3.0,Cat_2,Luxury,Low,High,High,17.4,314.3,5478.0,4.6,20.0,1,87.4,A
CUST_03323,Female,No,29,No,Artist,1.0,Low,5.0,Cat_1,Budget,High,Low,Low,5.4,84.9,459.5,10.0,56.7,1,59.1,C
CUST_03324,Female,Yes,30,Yes,Entertainment,5.0,Average,2.0,Cat_5,Luxury,Medium,Medium,High,14.8,176.8,2609.2,8.7,27.4,0,62.3,B
CUST_03325,Female,No,31,No,Artist,2.0,Low,2.0,Cat_1,Casual,Very High,Medium,High,6.6,81.9,540.1,17.1,42.7,0,52.9,C
CUST_03326,Male,Yes,21,No,Healthcare,0.0,Low,4.0,Cat_1,Casual,High,Low,Low,11.1,100.0,1112.4,19.8,45.2,0,55.3,C
CUST_03327,Female,No,25,Yes,Healthcare,3.0,Low,3.0,,Casual,Very High,Medium,High,7.4,97.5,718.1,31.0,55.1,1,,C
CUST_03328,Male,Yes,48,Yes,Engineer,1.0,Average,3.0,Cat_6,Active,Medium,High,Medium,13.2,178.7,2365.4,10.4,27.2,0,69.4,B
CUST_03329,Male,No,51,Yes,Lawyer,4.0,High,2.0,Cat_4,Luxury,Low,High,High,19.3,229.5,4426.1,8.1,7.6,1,83.1,A
CUST_03330,Male,No,24,No,Homemaker,1.0,Low,2.0,Cat_1,Casual,High,Medium,Low,9.2,104.7,967.6,5.4,49.4,1,50.2,C
CUST_03331,Female,No,25,Yes,Marketing,3.0,Low,2.0,Cat_7,Budget,Very High,Low,Medium,9.1,82.4,752.7,11.5,44.7,0,45.1,C
CUST_03332,Male,No,22,Yes,Homemaker,0.0,Low,2.0,Cat_1,Eco-conscious,High,Low,Medium,10.4,80.7,842.2,16.8,63.6,1,41.0,C
CUST_03333,Female,Yes,47,Yes,Lawyer,9.0,High,2.0,Cat_6,Active,Low,High,Very High,19.8,304.1,6021.9,6.6,3.5,1,78.5,A
CUST_03334,Female,Yes,48,Yes,Doctor,6.0,Average,2.0,Cat_6,Luxury,Low,Very High,High,10.6,265.6,2828.6,8.4,10.7,1,90.6,A
CUST_03335,Female,No,54,No,Healthcare,2.0,Average,1.0,Cat_4,Budget,High,Low,Very Low,4.5,69.4,310.4,23.6,12.7,0,40.2,D
CUST_03336,Male,Yes,25,Yes,Homemaker,0.0,Low,4.0,Cat_6,Eco-conscious,Very High,Medium,Low,10.4,53.9,559.6,26.0,64.7,1,40.3,C
CUST_03337,Female,Yes,57,No,Healthcare,,Low,4.0,Cat_4,Budget,Very High,Low,Very Low,1.3,57.9,73.5,13.3,13.6,0,13.8,D
CUST_03338,Male,No,25,No,Artist,0.0,Low,,Cat_6,Budget,High,Medium,High,8.5,107.9,915.4,22.2,28.5,0,39.6,C
CUST_03339,Female,Yes,34,Yes,Entertainment,5.0,Low,3.0,Cat_6,Casual,Low,High,High,13.1,128.6,1685.2,8.4,26.5,1,78.8,B
CUST_03340,Female,No,27,No,Healthcare,1.0,Low,4.0,Cat_6,Casual,High,Low,Medium,7.6,107.5,818.4,17.1,45.7,1,42.8,C
CUST_03341,Male,Yes,48,Yes,Healthcare,,Low,1.0,Cat_6,Budget,Very High,Low,Very Low,3.0,52.0,158.3,43.2,13.4,0,5.0,D
CUST_03342,Male,Yes,38,Yes,Entertainment,3.0,Low,1.0,Cat_3,Luxury,Low,Medium,Medium,9.3,215.6,2000.9,7.6,27.8,1,61.1,B
CUST_03343,Female,No,30,No,Healthcare,0.0,Low,2.0,Cat_1,Casual,High,Low,Medium,5.4,56.4,306.8,4.7,43.9,1,54.7,C
CUST_03344,Female,No,57,No,Lawyer,7.0,Average,2.0,Cat_6,Luxury,Medium,Very High,Medium,17.3,263.2,4560.5,6.1,13.7,0,98.9,A
CUST_03345,Male,No,34,Yes,Artist,4.0,Low,1.0,Cat_5,Luxury,Low,Medium,High,12.2,182.5,2226.4,11.6,17.1,1,60.4,B
CUST_03346,Male,No,30,No,Marketing,0.0,Low,5.0,,,High,Low,Medium,4.6,89.0,409.6,27.8,45.2,0,52.4,C
CUST_03347,Female,Yes,39,Yes,Entertainment,2.0,High,2.0,Cat_6,Luxury,Low,Medium,High,8.6,223.7,1932.8,12.5,29.6,0,69.0,B
CUST_03348,Female,Yes,53,Yes,Executive,7.0,High,2.0,Cat_2,,Medium,Very High,Very High,20.1,259.3,5201.8,10.4,28.3,1,91.6,A
CUST_03349,Male,Yes,24,Yes,Entertainment,2.0,Average,4.0,Cat_6,Casual,Medium,High,High,16.9,120.9,2046.5,17.2,33.5,0,60.4,B
CUST_03350,Male,Yes,53,Yes,Engineer,7.0,High,2.0,Cat_4,Casual,Low,Very High,Very High,12.5,313.4,3927.2,7.9,15.9,0,82.5,A
CUST_03351,Female,Yes,44,Yes,Engineer,2.0,High,3.0,Cat_6,Luxury,Medium,High,High,18.1,195.9,3544.9,10.6,19.2,0,86.6,A
CUST_03352,Male,No,34,Yes,Entertainment,,Low,3.0,Cat_3,Active,Low,High,High,7.9,124.6,989.9,13.5,28.9,0,76.4,B
CUST_03353,Male,Yes,67,No,Lawyer,3.0,Low,1.0,Cat_6,Budget,Very High,Very Low,Low,2.6,53.6,139.2,49.8,8.0,0,5.0,D
CUST_03354,Female,Yes,24,Yes,Engineer,7.0,Low,2.0,Cat_6,Casual,Medium,Medium,High,6.4,155.2,1000.1,19.6,32.7,0,66.5,B
CUST_03355,Female,Yes,52,Yes,Doctor,6.0,Average,1.0,Cat_4,Casual,Low,Very High,Very High,23.1,323.6,7460.2,3.1,11.4,1,54.7,A
CUST_03356,Male,Yes,65,Yes,Executive,4.0,High,1.0,Cat_2,Luxury,Low,Very High,Very High,13.2,334.5,4416.7,2.7,20.4,0,94.5,A
CUST_03357,Male,Yes,26,No,Marketing,4.0,Low,3.0,Cat_1,Budget,High,Low,Medium,8.2,81.5,669.5,13.2,57.4,0,67.3,C
CUST_03358,Male,Yes,37,Yes,Engineer,3.0,High,4.0,Cat_5,Luxury,Medium,High,Medium,7.8,144.8,1122.4,10.9,17.5,1,71.8,B
CUST_03359,Female,No,30,Yes,Homemaker,2.0,Low,3.0,Cat_6,Casual,High,Low,Low,8.9,87.0,777.8,8.3,55.0,1,65.6,C
CUST_03360,Male,No,39,Yes,Artist,3.0,Low,5.0,Cat_1,Budget,Very High,Medium,Medium,9.4,96.0,900.4,29.4,76.2,1,47.5,C
CUST_03361,Male,No,28,No,Healthcare,3.0,Average,1.0,Cat_7,Budget,High,Medium,Medium,7.9,97.5,769.4,24.0,59.3,1,45.8,C
CUST_03362,Male,Yes,52,No,Artist,4.0,Low,4.0,Cat_3,Casual,Medium,High,High,11.1,129.4,1432.1,18.5,39.9,0,76.3,B
CUST_03363,Female,Yes,25,No,Marketing,4.0,Low,3.0,Cat_7,Casual,Very High,Low,Low,5.0,111.7,553.5,33.6,56.4,0,59.3,C
CUST_03364,Male,Yes,38,No,Healthcare,7.0,High,4.0,Cat_6,Active,Medium,High,Medium,10.1,151.9,1527.1,11.5,38.0,1,,B
CUST_03365,Male,No,51,Yes,Lawyer,0.0,Low,1.0,,Budget,High,Very Low,Very Low,6.3,48.0,302.6,34.3,10.5,0,37.3,D
CUST_03366,Female,Yes,32,Yes,Homemaker,0.0,Average,2.0,Cat_7,Casual,Very High,Low,Medium,7.9,96.0,760.6,19.7,41.6,1,61.8,C
CUST_03367,Male,Yes,41,Yes,Artist,,Average,,Cat_3,Casual,Low,Medium,Medium,13.2,146.5,1931.9,20.4,39.5,0,81.7,B
CUST_03368,Female,No,45,No,Engineer,4.0,Average,3.0,Cat_3,Casual,Low,High,Medium,10.8,181.0,1959.7,15.8,23.8,0,69.2,B
CUST_03369,Male,Yes,69,Yes,Engineer,7.0,Average,,Cat_4,Luxury,Low,Very High,Very High,19.9,258.8,5154.1,10.0,18.6,1,94.1,A
CUST_03370,Male,No,18,Yes,Artist,0.0,Low,2.0,Cat_1,Casual,High,Medium,High,8.1,58.7,475.9,19.6,54.5,1,53.7,C
CUST_03371,Male,No,52,Yes,Executive,9.0,Average,1.0,Cat_6,Luxury,Low,Very High,Very High,20.7,286.6,5932.0,8.8,7.5,1,84.8,A
CUST_03372,Female,Yes,44,Yes,Entertainment,5.0,Average,3.0,Cat_5,Active,Medium,Medium,Medium,17.3,164.4,2850.4,10.3,24.2,0,64.5,B
CUST_03373,Male,Yes,45,No,Artist,7.0,Low,1.0,Cat_3,Casual,Medium,High,Medium,15.4,219.7,3381.4,2.2,32.7,1,74.2,B
CUST_03374,Male,Yes,29,No,Marketing,0.0,Low,6.0,Cat_7,Casual,High,Medium,Medium,7.1,67.8,481.1,19.0,40.6,0,46.1,C
CUST_03375,Female,Yes,28,Yes,Artist,0.0,Low,4.0,Cat_7,Casual,High,Low,Medium,5.5,87.5,481.4,12.7,67.7,0,59.5,C
CUST_03376,Male,Yes,37,No,Healthcare,0.0,Low,5.0,Cat_1,Budget,High,Medium,Medium,7.0,110.0,775.0,20.3,44.4,0,61.7,C
CUST_03377,Male,No,27,No,Marketing,0.0,Low,2.0,Cat_1,Budget,High,Low,Medium,6.0,101.2,608.6,17.2,48.6,0,49.3,C
CUST_03378,Female,Yes,57,Yes,Artist,6.0,High,2.0,Cat_4,Luxury,Low,High,Very High,15.4,296.5,4569.1,6.7,12.8,1,83.6,A
CUST_03379,Female,No,42,Yes,Executive,6.0,High,2.0,Cat_2,Luxury,Low,Very High,High,20.5,313.8,6438.0,5.2,20.4,1,100.0,A
CUST_03380,Male,Yes,22,No,Marketing,1.0,Low,1.0,Cat_1,Budget,High,Low,Low,3.3,78.4,257.8,18.0,55.0,0,38.0,C
CUST_03381,Female,No,24,Yes,Artist,5.0,Average,2.0,Cat_5,Luxury,High,Medium,Medium,11.9,170.4,2024.2,10.8,23.7,0,75.8,B
CUST_03382,Male,Yes,43,No,Entertainment,1.0,Average,4.0,Cat_6,Active,Medium,Medium,High,13.3,157.4,2088.3,11.5,21.1,0,91.5,B
CUST_03383,Male,No,67,Yes,Engineer,8.0,High,2.0,Cat_6,Luxury,Medium,Very High,Very High,22.6,380.9,8617.2,7.7,7.0,1,83.7,A
CUST_03384,Male,Yes,56,Yes,Entertainment,,Low,1.0,Cat_3,Casual,Low,High,Medium,5.2,167.1,865.1,10.3,31.0,1,72.0,B
CUST_03385,Female,Yes,70,Yes,Executive,8.0,Average,1.0,Cat_6,Luxury,Low,Very High,Very High,14.3,228.3,3259.8,6.1,15.4,1,91.6,A
CUST_03386,Female,Yes,37,No,Healthcare,0.0,Low,1.0,Cat_5,Budget,Very High,Low,Low,3.4,14.3,48.5,18.0,12.7,0,,D
CUST_03387,Female,Yes,50,Yes,Doctor,10.0,High,2.0,Cat_6,Casual,Low,High,Very High,16.5,256.0,4219.6,6.2,20.4,0,93.4,A
CUST_03388,Male,Yes,48,Yes,Artist,5.0,Average,1.0,Cat_3,Active,Low,High,Medium,13.8,118.5,1631.2,13.3,31.9,1,78.1,B
CUST_03389,Male,Yes,42,Yes,Engineer,9.0,Average,2.0,Cat_6,Luxury,Low,Very High,Very High,20.6,354.0,7298.7,5.3,13.3,1,100.0,A
CUST_03390,Female,No,18,Yes,Artist,1.0,Average,4.0,Cat_7,Budget,High,Low,Low,8.4,61.5,518.6,16.4,50.6,0,45.0,C
CUST_03391,Male,No,34,Yes,Entertainment,,Average,3.0,Cat_3,Luxury,Low,High,High,16.0,168.3,2700.7,4.5,18.2,0,70.6,B
CUST_03392,Female,No,39,No,Artist,1.0,Low,2.0,Cat_6,,Very High,Low,Very Low,5.1,50.0,256.0,43.6,17.6,0,10.9,D
CUST_03393,Male,No,68,No,Lawyer,2.0,Average,1.0,Cat_5,Budget,High,Very Low,Low,1.7,42.5,72.2,38.6,0.0,1,38.3,D
CUST_03394,Female,Yes,39,Yes,Artist,2.0,Average,3.0,Cat_3,Luxury,Low,Medium,Medium,12.0,138.0,1652.0,12.6,24.2,1,,B
CUST_03395,Male,No,69,Yes,Lawyer,3.0,Low,1.0,Cat_6,Budget,High,Very Low,Very Low,5.2,41.1,214.3,45.6,14.8,0,52.6,D
CUST_03396,Female,No,43,No,Healthcare,0.0,Low,3.0,Cat_5,Budget,High,Low,Low,1.7,35.0,61.2,5.6,7.8,0,22.9,D
CUST_03397,Male,Yes,30,Yes,Artist,3.0,Low,2.0,Cat_7,Casual,High,Low,Low,6.6,52.8,350.3,13.8,54.4,0,65.9,C
CUST_03398,Male,No,29,No,Artist,0.0,Average,4.0,Cat_6,Casual,High,Medium,Medium,11.9,60.6,721.2,20.6,45.7,0,43.4,C
CUST_03399,Male,Yes,31,No,Executive,1.0,Average,3.0,Cat_6,Luxury,Low,Very High,Medium,16.9,289.2,4898.3,5.0,24.7,1,94.5,A
CUST_03400,Male,Yes,31,Yes,Engineer,2.0,Average,2.0,Cat_5,Active,High,High,Medium,10.8,238.9,2588.5,8.8,16.8,0,73.9,B
CUST_03401,Male,Yes,48,Yes,Executive,10.0,High,1.0,Cat_4,Active,Low,Very High,Very High,14.8,318.5,4728.0,1.6,6.2,1,76.5,A
CUST_03402,Male,Yes,67,Yes,Doctor,11.0,Average,3.0,Cat_2,Active,Medium,High,Very High,17.7,250.1,4438.1,4.7,9.4,0,77.1,A
CUST_03403,Male,Yes,43,No,Healthcare,0.0,Low,1.0,Cat_4,Budget,High,Low,Very Low,3.8,76.9,295.7,25.5,4.4,0,34.3,D
CUST_03404,Male,Yes,36,Yes,Healthcare,2.0,High,5.0,Cat_3,Casual,Medium,Medium,High,11.6,168.0,1945.0,21.6,33.4,1,61.8,B
CUST_03405,Male,No,30,No,Homemaker,0.0,Low,3.0,,Casual,High,Low,High,7.0,99.2,697.3,28.1,42.1,0,74.1,C
CUST_03406,Female,No,33,No,Healthcare,2.0,Low,4.0,Cat_6,Casual,Very High,Low,Medium,7.4,89.8,665.2,25.9,31.8,0,57.1,C
CUST_03407,Female,Yes,29,Yes,Homemaker,,Average,2.0,Cat_5,Budget,Very High,Low,Low,1.3,43.9,58.2,43.5,5.8,0,39.7,D
CUST_03408,Female,No,54,No,Lawyer,1.0,Average,3.0,Cat_6,Budget,High,Low,Low,2.9,43.1,123.4,31.5,0.0,0,9.0,D
CUST_03409,Female,Yes,42,Yes,Executive,10.0,Average,2.0,Cat_6,Casual,Medium,High,Very High,13.7,210.5,2883.7,1.8,10.5,0,100.0,A
CUST_03410,Female,Yes,43,Yes,Executive,5.0,High,2.0,Cat_6,Luxury,Low,Very High,Very High,13.8,227.1,3142.5,5.1,9.5,1,87.5,A
CUST_03411,Male,Yes,49,Yes,Healthcare,0.0,Average,4.0,Cat_5,Active,Medium,Medium,Medium,14.6,178.8,2606.4,11.4,19.4,1,80.8,B
CUST_03412,Male,No,39,Yes,Lawyer,5.0,High,3.0,Cat_4,Active,Low,Very High,Very High,18.3,284.9,5225.6,3.4,14.7,0,81.8,A
CUST_03413,Male,Yes,52,Yes,Doctor,9.0,High,3.0,Cat_6,Active,Low,Very High,Very High,12.8,248.4,3178.0,5.0,12.5,1,97.8,A
CUST_03414,Female,Yes,45,Yes,Artist,2.0,Low,1.0,Cat_3,Active,High,Medium,High,10.8,159.2,1722.8,7.7,15.1,1,65.5,B
CUST_03415,Male,No,24,Yes,Marketing,0.0,Low,,Cat_1,Budget,Very High,Low,Medium,5.7,60.9,346.7,20.2,33.1,1,49.9,C
CUST_03416,Female,Yes,33,Yes,Engineer,0.0,High,1.0,,,Medium,Medium,High,9.6,186.1,1793.2,10.7,21.0,1,73.7,B
CUST_03417,Male,Yes,53,No,Engineer,3.0,Low,2.0,Cat_3,Luxury,Medium,Medium,High,9.6,168.9,1614.7,17.5,30.3,1,69.6,B
CUST_03418,Female,No,32,Yes,Healthcare,4.0,Low,1.0,Cat_1,Casual,High,Medium,Medium,6.9,104.1,714.4,18.2,41.2,1,38.2,C
CUST_03419,Female,Yes,70,Yes,Lawyer,5.0,High,2.0,Cat_6,Luxury,Low,Very High,Very High,14.3,322.1,4596.3,5.8,25.9,1,76.1,A
CUST_03420,Male,Yes,41,Yes,Executive,5.0,High,3.0,Cat_6,Luxury,Medium,High,High,20.7,324.9,6710.5,3.2,13.8,0,74.6,A
CUST_03421,Female,No,35,Yes,Marketing,5.0,Low,5.0,Cat_7,Casual,High,Medium,Medium,11.1,78.3,866.9,17.8,60.3,1,57.3,C
CUST_03422,Male,Yes,36,No,Marketing,6.0,Average,4.0,Cat_7,Budget,Very High,Low,Medium,5.7,79.3,452.0,29.5,37.3,0,60.8,C
CUST_03423,Female,No,22,No,Marketing,0.0,Low,4.0,Cat_1,Budget,High,Medium,Medium,10.4,103.8,1082.3,23.2,58.7,0,48.3,C
CUST_03424,Female,Yes,46,Yes,Artist,11.0,High,1.0,Cat_6,Luxury,Low,High,High,13.9,291.3,4044.8,3.0,15.7,0,97.5,A
CUST_03425,Female,Yes,30,Yes,Homemaker,4.0,Average,5.0,Cat_7,Eco-conscious,High,Medium,Low,9.1,87.9,795.7,19.5,52.7,0,44.7,C
CUST_03426,Male,No,35,No,Artist,1.0,Low,,Cat_1,Eco-conscious,High,Medium,Medium,5.0,97.7,491.2,38.7,49.5,1,74.8,C
CUST_03427,Male,Yes,40,Yes,Healthcare,,Low,4.0,Cat_5,Casual,Medium,High,Medium,12.8,126.1,1615.3,9.3,31.2,1,61.0,B
CUST_03428,Male,No,24,No,Artist,4.0,Average,1.0,Cat_7,Casual,High,Low,Medium,6.0,88.3,526.4,19.0,52.2,1,62.6,C
CUST_03429,Male,No,66,No,Healthcare,0.0,Low,2.0,Cat_4,Budget,High,Very Low,Very Low,2.9,72.2,208.6,53.1,8.1,0,12.4,D
CUST_03430,Female,No,31,No,Artist,1.0,Average,3.0,Cat_6,Active,Medium,High,High,13.1,93.3,1221.6,17.2,31.1,0,63.0,B
CUST_03431,Female,Yes,40,Yes,Entertainment,3.0,Average,3.0,Cat_3,Luxury,High,High,High,13.9,122.1,1702.5,11.1,29.7,1,71.5,B
CUST_03432,Female,No,53,Yes,Healthcare,0.0,Low,2.0,Cat_6,Budget,High,Very Low,Very Low,3.9,66.6,262.9,14.8,4.4,1,41.3,D
CUST_03433,Male,No,29,No,Homemaker,3.0,Low,4.0,Cat_7,Budget,High,Medium,Medium,5.4,73.0,392.5,27.4,37.3,1,63.0,C
CUST_03434,Male,No,33,No,Artist,1.0,Average,2.0,Cat_3,Active,High,High,High,7.6,182.1,1384.8,13.7,38.4,0,60.7,B
CUST_03435,Male,No,34,No,Healthcare,0.0,Low,3.0,Cat_6,Casual,High,Medium,Medium,11.5,85.7,988.5,33.9,56.6,0,63.8,C
CUST_03436,Male,Yes,37,Yes,Artist,5.0,Low,4.0,Cat_6,Casual,High,Medium,Medium,7.1,216.7,1537.7,9.0,40.6,0,,B
CUST_03437,Female,Yes,48,Yes,Engineer,7.0,Average,2.0,Cat_2,Luxury,Low,Very High,High,13.9,205.9,2859.6,10.8,22.1,1,87.9,A
CUST_03438,Female,Yes,31,Yes,Artist,1.0,Average,2.0,Cat_6,Luxury,Medium,Medium,High,8.5,120.5,1023.0,7.5,34.5,1,65.0,B
CUST_03439,Male,No,54,No,Healthcare,0.0,Low,1.0,Cat_6,Budget,High,Low,Very Low,1.7,35.5,61.9,64.1,19.1,0,20.5,D
CUST_03440,Male,Yes,35,Yes,Lawyer,1.0,Low,1.0,Cat_6,Casual,Very High,Low,Low,5.4,31.2,169.8,34.6,12.9,1,26.3,D
CUST_03441,Female,Yes,32,Yes,Healthcare,7.0,Average,3.0,Cat_6,Luxury,Low,High,Medium,10.4,185.8,1933.2,22.3,32.3,1,67.1,B
CUST_03442,Male,Yes,32,Yes,Artist,6.0,High,4.0,Cat_6,Luxury,Medium,Medium,High,12.3,168.6,2070.8,12.9,11.7,0,83.5,B
CUST_03443,Female,No,50,Yes,Engineer,9.0,High,3.0,Cat_4,Casual,Low,Very High,Very High,22.7,230.7,5245.6,6.4,19.7,0,93.8,A
CUST_03444,Male,No,62,Yes,Artist,5.0,Low,1.0,Cat_6,Budget,High,Low,Very Low,0.5,32.8,16.4,18.0,8.0,0,21.1,D
CUST_03445,Female,No,37,No,Homemaker,0.0,Low,1.0,Cat_6,Budget,High,Low,Low,1.8,55.3,97.7,34.7,8.6,0,36.7,D
CUST_03446,Male,No,24,No,Homemaker,1.0,Average,1.0,Cat_6,Casual,High,Medium,Medium,7.8,91.5,709.9,21.9,41.9,0,64.8,C
CUST_03447,Female,Yes,34,Yes,Artist,4.0,Low,5.0,Cat_1,Casual,High,Low,Low,11.5,82.9,950.0,24.5,53.0,1,46.1,C
CUST_03448,Female,Yes,26,Yes,Marketing,5.0,Low,4.0,Cat_1,Eco-conscious,Very High,Medium,Low,7.1,98.7,705.7,12.1,36.3,1,60.4,C
CUST_03449,Female,No,45,Yes,Engineer,6.0,High,3.0,Cat_6,Active,Medium,High,High,10.8,150.4,1630.8,12.0,43.9,1,58.9,B
CUST_03450,Female,Yes,56,Yes,Doctor,5.0,Average,,Cat_6,Luxury,Low,Very High,High,18.4,297.7,5476.1,6.5,5.2,1,71.5,A
CUST_03451,Female,Yes,45,Yes,Healthcare,4.0,High,2.0,Cat_6,,Low,Medium,High,8.2,138.2,1135.8,8.6,29.3,1,77.9,B
CUST_03452,Female,No,20,Yes,Artist,1.0,Low,4.0,Cat_6,Casual,High,Low,Low,7.7,27.2,210.5,11.5,57.7,1,59.6,C
CUST_03453,Male,Yes,38,Yes,Artist,0.0,Low,2.0,Cat_6,Casual,Very High,Medium,Low,9.6,71.7,689.9,21.7,60.2,0,32.5,C
CUST_03454,Male,Yes,41,No,Entertainment,1.0,High,3.0,Cat_6,Casual,Medium,High,High,10.3,116.3,1193.1,12.7,31.7,1,63.1,B
CUST_03455,Male,No,45,No,Healthcare,,Low,1.0,Cat_6,Casual,Very High,Low,Low,1.0,51.4,51.6,46.3,14.5,0,34.8,D
CUST_03456,Female,Yes,36,Yes,Executive,9.0,High,1.0,Cat_4,Luxury,Medium,High,Very High,16.1,337.5,5422.7,4.1,11.8,1,88.8,A
CUST_03457,Male,Yes,43,Yes,Healthcare,5.0,High,3.0,Cat_6,Casual,Medium,High,High,13.6,165.6,2246.8,13.9,30.5,1,61.2,B
CUST_03458,Male,No,21,Yes,Artist,3.0,Low,4.0,Cat_7,Budget,Very High,Medium,Medium,6.1,84.5,519.4,26.7,56.3,1,41.7,C
CUST_03459,Male,No,21,No,Artist,0.0,Average,5.0,Cat_1,Casual,High,Medium,Medium,7.3,66.1,479.3,21.9,45.4,1,62.7,C
CUST_03460,Female,No,18,No,Artist,4.0,Average,1.0,Cat_7,Casual,Very High,Medium,Low,6.8,91.8,625.1,11.6,51.8,1,45.8,C
CUST_03461,Male,Yes,42,No,Engineer,6.0,Average,2.0,Cat_5,Active,Medium,Medium,Medium,11.1,118.8,1315.9,17.9,16.5,0,66.6,B
CUST_03462,Male,Yes,49,Yes,Executive,5.0,High,2.0,Cat_6,Active,Medium,High,High,15.9,333.0,5300.4,8.8,14.7,0,86.9,A
CUST_03463,Female,Yes,43,No,Homemaker,3.0,Low,4.0,Cat_7,,Very High,Low,Low,9.3,98.1,909.6,16.3,41.4,0,46.1,C
CUST_03464,Male,Yes,34,Yes,Engineer,5.0,Low,1.0,Cat_3,Active,High,Medium,High,9.9,134.2,1331.3,18.7,17.7,0,57.9,B
CUST_03465,Female,No,45,No,Executive,3.0,Average,1.0,,Active,Low,Very High,High,20.6,303.4,6256.3,8.1,23.4,0,92.7,A
CUST_03466,Male,No,32,Yes,Marketing,4.0,Average,4.0,Cat_6,Casual,Very High,Low,Medium,12.2,62.1,756.8,24.8,43.4,0,60.1,C
CUST_03467,Male,Yes,28,Yes,Artist,9.0,Average,3.0,Cat_3,Active,Medium,Medium,High,11.0,169.9,1860.1,13.9,30.6,1,72.3,B
CUST_03468,Male,Yes,23,Yes,Homemaker,4.0,Low,2.0,Cat_1,Casual,Very High,Medium,Medium,10.2,97.5,992.6,4.9,49.0,1,50.6,C
CUST_03469,Male,Yes,27,Yes,Marketing,0.0,Low,1.0,Cat_6,,High,Medium,Medium,9.4,84.1,787.6,24.1,36.8,1,42.8,C
CUST_03470,Male,No,52,Yes,Executive,0.0,Average,1.0,Cat_4,Luxury,Low,High,Very High,16.7,397.6,6659.5,2.7,12.0,0,98.2,A
CUST_03471,Female,No,62,No,Doctor,2.0,Average,2.0,Cat_4,Active,Low,High,Very High,15.1,299.5,4518.6,9.2,11.4,1,90.7,A
CUST_03472,Female,No,28,No,Marketing,0.0,Low,3.0,Cat_1,Casual,High,Low,Medium,12.6,90.0,1136.2,17.6,33.4,0,59.4,C
CUST_03473,Male,No,31,Yes,Homemaker,3.0,Low,5.0,Cat_7,Budget,High,Low,Low,10.7,75.0,799.3,21.3,44.5,0,64.2,C
CUST_03474,Male,No,30,No,Homemaker,4.0,Low,4.0,,Casual,Very High,Medium,Low,8.8,108.2,954.8,18.3,47.2,0,64.6,C
CUST_03475,Male,Yes,21,Yes,Marketing,6.0,Low,7.0,Cat_6,Casual,Very High,Low,Medium,6.4,100.4,647.0,15.4,54.8,1,60.6,C
CUST_03476,Male,Yes,40,Yes,Healthcare,3.0,Low,5.0,Cat_1,Casual,Very High,Low,High,6.0,79.7,480.4,41.1,55.2,1,50.9,C
CUST_03477,Female,No,40,Yes,Healthcare,4.0,Low,,Cat_6,Budget,Very High,Low,Low,3.0,34.1,101.9,17.3,8.0,0,46.5,D
CUST_03478,Male,Yes,29,No,Entertainment,4.0,High,3.0,Cat_6,Active,Medium,Medium,High,10.8,117.6,1268.1,14.9,24.2,0,61.5,B
CUST_03479,Female,Yes,24,Yes,Engineer,2.0,High,3.0,Cat_5,Casual,High,Medium,High,14.8,159.5,2361.5,18.3,25.6,1,77.7,B
CUST_03480,Male,No,34,Yes,Artist,5.0,High,3.0,Cat_5,,Low,Medium,High,10.3,87.9,908.2,10.9,32.1,0,65.4,B
CUST_03481,Female,Yes,56,Yes,Executive,2.0,High,4.0,Cat_2,Active,Low,High,High,17.1,220.4,3770.1,9.6,3.9,0,77.5,A
CUST_03482,Female,Yes,34,Yes,Engineer,3.0,Average,2.0,Cat_6,Casual,Medium,Medium,High,11.6,170.7,1982.7,17.9,27.5,1,63.3,B
CUST_03483,Female,No,41,No,Healthcare,0.0,Average,3.0,Cat_5,Active,Medium,Medium,High,9.7,181.0,1759.1,8.3,31.7,1,71.6,B
CUST_03484,Male,No,44,Yes,Homemaker,2.0,Low,2.0,Cat_6,Budget,High,Very Low,Low,5.1,55.8,287.0,22.3,11.9,0,26.7,D
CUST_03485,Female,Yes,40,Yes,Engineer,7.0,High,1.0,Cat_6,Active,Medium,Medium,Medium,10.3,165.5,1706.8,13.7,17.6,0,73.0,B
CUST_03486,Female,Yes,35,Yes,Artist,2.0,Average,,,Active,Low,High,High,15.7,165.7,2594.6,21.3,24.8,0,72.2,B
CUST_03487,Male,Yes,47,Yes,Artist,0.0,High,1.0,Cat_6,Active,Medium,High,Medium,16.5,136.2,2243.9,21.3,27.0,0,71.4,B
CUST_03488,Female,Yes,30,Yes,Engineer,9.0,Average,1.0,Cat_6,Luxury,Medium,High,High,16.1,309.4,4972.7,4.0,21.7,1,88.1,A
CUST_03489,Male,Yes,56,Yes,Engineer,5.0,High,2.0,Cat_6,Luxury,Medium,Very High,High,22.2,215.8,4780.4,8.1,8.9,1,85.9,A
CUST_03490,Female,Yes,24,Yes,Healthcare,4.0,High,,Cat_5,Casual,Medium,Medium,Medium,14.4,173.5,2503.0,6.7,23.2,1,73.8,B
CUST_03491,Female,Yes,47,Yes,Engineer,2.0,High,3.0,Cat_6,Luxury,Low,High,Very High,13.5,337.5,4569.7,3.7,13.1,1,81.6,A
CUST_03492,Male,Yes,22,Yes,Artist,6.0,Low,4.0,Cat_7,Casual,High,Low,Medium,8.1,86.0,698.9,24.9,37.9,0,49.1,C
CUST_03493,Female,No,69,No,Homemaker,,Low,3.0,Cat_4,Budget,Very High,Low,Very Low,1.0,25.8,26.7,47.0,13.9,1,12.1,D
CUST_03494,Male,Yes,77,Yes,Healthcare,0.0,Low,1.0,Cat_5,Budget,Very High,Low,Low,1.9,63.3,122.1,23.8,5.2,1,32.1,D
CUST_03495,Male,No,36,Yes,Artist,2.0,Low,4.0,Cat_6,Budget,Very High,Low,Low,6.5,70.4,459.9,23.1,44.8,0,66.5,C
CUST_03496,Female,Yes,53,Yes,Executive,12.0,High,3.0,Cat_4,Active,Low,Very High,High,13.2,332.5,4403.7,7.9,10.8,0,77.8,A
CUST_03497,Male,Yes,36,No,Homemaker,2.0,Low,1.0,Cat_4,Casual,High,Very Low,Very Low,2.0,53.9,106.3,45.8,12.3,0,25.6,D
CUST_03498,Male,No,51,Yes,Homemaker,1.0,Low,2.0,Cat_5,Budget,Very High,Low,Low,2.3,59.0,133.6,39.7,9.8,1,35.0,D
CUST_03499,Male,Yes,41,Yes,Lawyer,5.0,Average,2.0,Cat_6,Luxury,Low,High,Very High,21.6,288.4,6229.8,11.5,16.9,1,93.1,A
CUST_03500,Male,No,18,No,Homemaker,4.0,Low,3.0,Cat_7,,Very High,Medium,Medium,10.2,111.8,1145.4,22.2,61.4,1,56.0,C
CUST_03501,Female,Yes,34,Yes,Artist,4.0,Average,3.0,Cat_6,Casual,Medium,High,High,14.3,221.9,3175.1,17.1,23.6,1,90.8,B
CUST_03502,Female,No,29,Yes,Homemaker,1.0,Low,2.0,Cat_6,Budget,High,Low,Low,5.9,102.0,597.0,6.6,34.8,0,55.9,C
CUST_03503,Male,No,39,Yes,Homemaker,1.0,Low,1.0,Cat_6,Budget,Very High,Very Low,Low,1.7,41.4,70.7,26.2,13.8,0,20.1,D
CUST_03504,Female,No,39,Yes,Engineer,3.0,Average,2.0,Cat_6,Casual,Low,High,High,20.0,295.2,5907.8,4.6,16.7,1,86.2,A
CUST_03505,Male,No,70,Yes,Healthcare,1.0,Low,3.0,Cat_5,Budget,Very High,Low,Very Low,6.4,72.9,468.8,25.9,18.2,0,30.0,D
CUST_03506,Female,No,31,No,Artist,4.0,Low,5.0,Cat_6,Casual,Very High,Medium,Low,6.6,121.6,804.3,15.6,41.3,0,53.4,C
CUST_03507,Male,No,62,Yes,Artist,,Low,1.0,Cat_6,Budget,High,Low,Very Low,3.7,60.9,227.0,42.4,2.8,1,32.9,D
CUST_03508,Female,Yes,44,Yes,Engineer,3.0,Average,2.0,Cat_3,Casual,Medium,High,High,13.6,120.7,1647.3,11.3,25.9,1,65.7,B
CUST_03509,Female,Yes,36,No,Healthcare,,Average,3.0,Cat_1,Budget,Very High,Medium,Low,1.2,92.1,107.5,21.9,48.7,0,53.7,C
CUST_03510,Female,No,58,Yes,Executive,,High,3.0,Cat_6,Luxury,Low,Very High,High,13.5,163.4,2207.7,4.7,15.8,0,81.9,A
CUST_03511,Male,Yes,44,Yes,Healthcare,3.0,High,3.0,Cat_3,Casual,Low,High,Medium,8.6,148.9,1275.1,11.5,35.8,1,77.2,B
CUST_03512,Male,No,40,Yes,Lawyer,6.0,High,1.0,Cat_4,Luxury,Low,Very High,Very High,19.4,234.2,4548.5,8.8,16.6,1,90.6,A
CUST_03513,Female,No,18,No,Healthcare,0.0,Low,2.0,Cat_4,Budget,High,Low,Low,3.3,70.4,234.6,37.1,17.5,0,35.8,D
CUST_03514,Male,Yes,34,Yes,Artist,4.0,Average,2.0,Cat_6,Eco-conscious,High,Low,Low,6.8,72.7,495.4,3.0,27.6,0,44.6,C
CUST_03515,Male,No,25,No,Artist,0.0,Low,6.0,Cat_1,Casual,Very High,Medium,Low,7.6,49.9,378.4,11.5,45.4,1,,C
CUST_03516,Male,Yes,62,No,Healthcare,2.0,Low,3.0,Cat_4,Casual,High,Low,Very Low,5.1,48.1,244.0,31.6,8.8,0,18.9,D
CUST_03517,Female,Yes,32,No,Artist,6.0,Average,3.0,Cat_6,Luxury,Low,Very High,Medium,10.5,318.6,3349.2,9.9,15.3,1,82.2,A
CUST_03518,Male,Yes,45,Yes,Artist,2.0,Average,3.0,Cat_6,,Medium,High,Medium,13.3,140.5,1873.0,9.8,16.3,1,74.4,B
CUST_03519,Male,Yes,46,Yes,Executive,9.0,Average,1.0,Cat_6,Luxury,Low,High,High,16.3,242.7,3959.3,8.3,10.8,1,88.2,A
CUST_03520,Male,No,61,Yes,Executive,5.0,High,3.0,Cat_2,Luxury,Low,High,Very High,14.5,276.6,4023.6,1.8,12.9,1,92.4,A
CUST_03521,Male,No,59,Yes,Engineer,9.0,High,2.0,Cat_4,Active,Low,Very High,High,20.1,224.0,4511.5,4.2,18.6,0,94.3,A
CUST_03522,Female,Yes,40,No,Engineer,0.0,High,,Cat_3,Casual,Medium,Medium,Medium,7.6,160.0,1222.8,18.2,34.7,0,67.6,B
CUST_03523,Female,Yes,37,Yes,Engineer,4.0,Low,3.0,Cat_6,Active,Low,Medium,High,9.6,260.3,2500.9,12.2,33.4,1,70.1,B
CUST_03524,Female,Yes,49,Yes,Doctor,4.0,High,1.0,Cat_4,Luxury,Low,High,Very High,19.5,254.5,4955.1,8.1,9.0,1,94.0,A
CUST_03525,Female,Yes,42,Yes,Executive,6.0,High,3.0,Cat_6,Luxury,Medium,Very High,High,16.9,319.4,5401.6,4.2,11.1,0,73.2,A
CUST_03526,Female,Yes,39,Yes,Doctor,2.0,High,1.0,Cat_6,Active,Medium,High,High,16.2,227.5,3693.3,3.4,20.6,1,83.5,A
CUST_03527,Male,No,57,No,Homemaker,3.0,Low,1.0,Cat_6,Budget,High,Low,Low,3.7,105.7,394.6,46.4,8.4,0,28.9,D
CUST_03528,Female,No,30,No,Artist,0.0,Average,2.0,,Casual,High,Low,Medium,5.7,70.0,395.9,9.5,37.5,0,51.9,C
CUST_03529,Male,No,53,Yes,Artist,,Average,1.0,Cat_4,Budget,Very High,Low,Low,2.2,65.2,142.1,22.3,16.2,0,32.3,D
CUST_03530,Female,Yes,27,No,Engineer,3.0,Average,3.0,Cat_5,Active,Low,Medium,High,13.4,178.2,2384.0,9.1,37.8,1,72.4,B
CUST_03531,Male,Yes,50,Yes,Artist,5.0,Average,3.0,Cat_6,Luxury,High,High,Medium,15.2,152.2,2321.2,13.5,28.9,1,67.3,B
CUST_03532,Male,Yes,42,Yes,Healthcare,2.0,Low,,Cat_6,Casual,Very High,Medium,Low,6.6,88.9,582.3,14.1,43.2,1,55.8,C
CUST_03533,Male,Yes,28,Yes,Entertainment,4.0,Average,3.0,Cat_6,Active,Medium,High,Medium,9.6,185.1,1770.3,9.8,35.7,0,71.5,B
CUST_03534,Male,Yes,24,Yes,Artist,,Average,6.0,Cat_6,Active,Medium,Medium,Medium,11.1,162.6,1809.6,9.3,25.8,0,78.6,B
CUST_03535,Female,No,35,Yes,Executive,1.0,Average,4.0,Cat_4,Luxury,Medium,High,High,12.2,286.3,3504.6,7.7,15.2,1,84.0,A
CUST_03536,Female,Yes,49,Yes,Engineer,11.0,High,2.0,Cat_6,Active,Low,High,High,18.3,255.1,4671.0,5.5,13.6,1,81.6,A
CUST_03537,Female,No,47,Yes,Engineer,7.0,High,2.0,Cat_4,Active,Low,Very High,Very High,18.8,229.0,4310.3,7.8,10.5,1,100.0,A
CUST_03538,Female,Yes,43,Yes,Artist,2.0,Average,4.0,Cat_6,Luxury,Low,High,High,5.5,138.4,767.4,12.8,36.2,0,77.9,B
CUST_03539,Female,No,29,Yes,Artist,1.0,Low,2.0,Cat_6,Casual,High,Low,Medium,6.6,77.1,506.1,22.3,42.4,1,47.4,C
CUST_03540,Male,No,52,Yes,Engineer,8.0,Average,2.0,Cat_2,Luxury,Low,Very High,High,15.9,286.2,4562.7,5.0,22.5,1,100.0,A
CUST_03541,Female,Yes,67,Yes,Artist,13.0,Average,4.0,Cat_6,Luxury,Low,Very High,Very High,16.2,357.2,5792.8,1.8,4.3,1,93.6,A
CUST_03542,Male,No,24,Yes,Marketing,0.0,Low,3.0,Cat_1,Budget,High,Medium,Medium,9.8,89.9,879.9,20.8,40.6,0,54.3,C
CUST_03543,Female,No,68,Yes,Artist,10.0,Average,3.0,Cat_4,Luxury,Medium,Very High,Very High,15.8,320.5,5073.2,6.4,16.3,0,89.5,A
CUST_03544,Female,Yes,39,Yes,Healthcare,2.0,Low,2.0,Cat_3,Casual,Medium,High,High,9.9,207.0,2050.2,15.8,20.6,1,60.0,B
CUST_03545,Male,Yes,57,No,Homemaker,1.0,Low,1.0,Cat_6,Budget,Very High,Low,Low,5.3,60.1,317.7,38.0,11.6,0,53.7,D
CUST_03546,Female,No,48,No,Artist,4.0,High,1.0,Cat_6,Active,Low,Very High,High,19.4,265.3,5141.9,4.2,16.0,0,88.2,A
CUST_03547,Male,No,41,Yes,Doctor,3.0,Average,3.0,Cat_6,Luxury,Medium,Very High,Very High,20.3,231.5,4705.1,3.6,11.3,0,80.8,A
CUST_03548,Female,Yes,32,No,Engineer,4.0,Average,1.0,Cat_6,,High,Medium,High,8.6,142.6,1227.8,5.5,37.4,0,77.6,B
CUST_03549,Male,Yes,44,Yes,Artist,4.0,Average,3.0,Cat_6,Casual,Low,High,High,14.6,184.6,2701.4,4.0,34.5,1,67.8,B
CUST_03550,Male,Yes,32,No,Artist,1.0,Low,4.0,Cat_3,Active,Low,Medium,High,7.1,202.4,1434.4,10.6,30.4,1,56.9,B
CUST_03551,Female,No,33,Yes,Marketing,2.0,Low,2.0,Cat_6,Budget,High,Low,Medium,9.8,111.7,1090.5,24.4,38.8,1,66.2,C
CUST_03552,Male,Yes,37,Yes,Executive,3.0,High,2.0,,Active,Medium,High,Very High,12.5,241.9,3021.1,5.9,12.0,1,87.0,A
CUST_03553,Female,Yes,51,Yes,Artist,0.0,Average,1.0,Cat_5,Casual,Low,High,High,10.7,208.6,2223.7,14.9,31.3,0,79.0,B
CUST_03554,Female,No,25,Yes,Healthcare,5.0,Average,3.0,Cat_3,Luxury,Medium,High,Medium,10.1,134.6,1353.9,12.5,30.4,1,79.9,B
CUST_03555,Male,Yes,47,Yes,Executive,10.0,High,2.0,Cat_6,Active,Medium,Very High,Very High,14.2,374.6,5306.3,5.3,19.3,1,92.7,A
CUST_03556,Male,No,35,Yes,Marketing,3.0,Low,3.0,Cat_6,Budget,High,Low,Medium,6.8,77.4,524.3,25.0,57.8,0,50.5,C
CUST_03557,Female,Yes,24,Yes,Artist,7.0,Low,2.0,Cat_6,Casual,Low,High,Medium,9.0,113.4,1021.6,16.7,31.2,1,69.0,B
CUST_03558,Female,No,32,Yes,Engineer,1.0,High,3.0,Cat_6,Luxury,Low,Medium,High,10.6,183.5,1941.4,10.4,23.7,1,72.9,B
CUST_03559,Male,Yes,34,Yes,Engineer,8.0,Average,2.0,Cat_4,Luxury,Low,Very High,Very High,7.8,277.0,2169.1,9.7,18.1,1,90.4,A
CUST_03560,Female,Yes,39,Yes,Artist,2.0,Average,3.0,Cat_6,Active,Low,Medium,High,12.9,169.3,2183.7,9.4,46.1,1,81.2,B
CUST_03561,Male,Yes,34,Yes,Engineer,1.0,Average,2.0,Cat_3,Casual,Medium,Medium,High,11.6,144.8,1685.6,9.1,44.9,1,85.0,B
CUST_03562,Female,Yes,23,Yes,Marketing,0.0,Low,3.0,Cat_1,Eco-conscious,High,Low,Medium,10.7,103.8,1114.5,10.5,54.6,1,,C
CUST_03563,Male,No,62,Yes,Doctor,8.0,Average,1.0,Cat_6,Luxury,Medium,High,High,21.0,283.8,5956.3,6.3,12.7,1,99.9,A
CUST_03564,Female,Yes,32,Yes,Engineer,6.0,Average,1.0,Cat_6,Active,High,High,High,9.2,201.2,1860.2,13.2,21.1,0,58.9,B
CUST_03565,Male,No,58,Yes,Engineer,0.0,Average,4.0,Cat_5,Active,Medium,High,High,8.1,142.7,1157.8,11.0,16.1,1,78.7,B
CUST_03566,Female,No,18,No,Healthcare,2.0,Low,6.0,Cat_6,Casual,High,Medium,Medium,5.1,54.5,280.2,15.4,53.6,0,49.7,C
CUST_03567,Female,Yes,38,Yes,Healthcare,2.0,High,2.0,Cat_5,Casual,Medium,High,High,11.0,169.6,1861.5,16.8,38.4,1,41.6,B
CUST_03568,Female,Yes,27,No,Healthcare,2.0,Average,5.0,Cat_6,Casual,High,Low,High,8.4,92.1,770.7,17.5,57.1,0,57.5,C
CUST_03569,Male,Yes,30,Yes,Homemaker,2.0,Low,5.0,Cat_1,Budget,High,Medium,Medium,6.1,66.1,406.3,19.3,55.9,1,53.5,C
CUST_03570,Female,No,46,No,Healthcare,1.0,Average,2.0,Cat_4,Budget,Very High,Low,Very Low,1.0,57.9,58.1,40.2,3.7,0,36.4,D
CUST_03571,Female,Yes,27,No,Healthcare,1.0,Average,2.0,Cat_5,Active,Low,High,High,13.1,122.6,1608.2,14.3,26.2,0,58.4,B
CUST_03572,Female,No,37,Yes,Healthcare,6.0,Average,3.0,Cat_3,Active,Medium,Medium,High,11.5,135.1,1547.8,10.5,46.0,1,81.5,B
CUST_03573,Male,No,24,No,Homemaker,1.0,Low,6.0,Cat_6,Casual,High,Medium,Medium,11.3,96.0,1081.7,21.7,44.0,0,73.6,C
CUST_03574,Male,No,66,No,Lawyer,,Average,1.0,Cat_5,Budget,High,Low,Low,4.6,57.8,264.8,45.3,21.3,0,7.9,D
CUST_03575,Female,No,48,No,Lawyer,1.0,Low,1.0,Cat_4,Budget,Very High,Very Low,Low,1.5,50.4,77.0,48.1,3.5,0,37.0,D
CUST_03576,Male,Yes,38,No,Engineer,4.0,High,3.0,Cat_5,Active,Medium,High,Medium,9.6,191.5,1836.9,18.7,34.6,1,77.1,B
CUST_03577,Female,No,22,No,Lawyer,5.0,Average,2.0,Cat_6,Active,Low,Very High,Very High,16.8,251.5,4217.1,5.2,13.8,0,86.9,A
CUST_03578,Female,Yes,34,No,Entertainment,2.0,High,2.0,Cat_6,,Medium,High,Medium,10.0,108.9,1088.9,15.4,14.7,0,62.5,B
CUST_03579,Male,Yes,20,Yes,Artist,,Low,4.0,Cat_6,Budget,High,Low,Medium,9.2,63.8,584.8,21.6,60.1,1,54.0,C
CUST_03580,Male,No,41,No,Artist,7.0,Low,3.0,Cat_6,Active,Low,Medium,High,9.0,137.5,1232.4,11.1,27.1,1,81.8,B
CUST_03581,Female,Yes,47,Yes,Artist,0.0,High,2.0,Cat_6,Casual,High,High,Medium,8.2,160.9,1313.0,8.0,39.5,1,74.7,B
CUST_03582,Female,No,33,No,Homemaker,1.0,Low,4.0,Cat_1,Budget,High,Low,Low,5.9,101.4,598.8,29.1,55.3,0,57.5,C
CUST_03583,Male,Yes,41,Yes,Artist,0.0,Average,2.0,Cat_6,Luxury,Medium,Medium,High,13.8,152.9,2108.0,12.6,34.0,1,72.1,B
CUST_03584,Female,Yes,27,No,Artist,2.0,Low,2.0,,Budget,Very High,Very Low,Low,1.5,51.2,75.3,32.9,15.7,0,28.0,D
CUST_03585,Female,Yes,46,Yes,Engineer,6.0,Average,2.0,Cat_6,Luxury,Medium,High,High,16.5,172.1,2846.7,13.7,15.3,1,80.3,B
CUST_03586,Male,No,36,Yes,Healthcare,6.0,Average,,Cat_3,Luxury,Medium,High,High,10.3,127.6,1316.6,13.9,27.4,0,53.1,B
CUST_03587,Male,No,45,Yes,Artist,3.0,Low,2.0,Cat_3,,Medium,Medium,Medium,12.4,107.5,1336.2,13.3,21.5,1,89.5,B
CUST_03588,Female,No,18,No,Homemaker,1.0,Low,6.0,Cat_7,Casual,High,Low,High,9.6,93.0,891.9,14.7,58.3,0,48.3,C
CUST_03589,Female,Yes,53,Yes,Engineer,11.0,High,2.0,Cat_6,Luxury,Medium,Very High,Very High,13.9,278.3,3876.0,1.0,14.1,1,89.6,A
CUST_03590,Male,No,62,No,Artist,8.0,Average,4.0,Cat_6,Luxury,Low,High,Very High,20.7,334.4,6924.5,3.6,15.5,1,,A
CUST_03591,Female,No,44,No,Healthcare,0.0,Low,3.0,Cat_4,Budget,Very High,Very Low,Low,4.5,24.8,111.3,26.7,7.3,0,41.7,D
CUST_03592,Male,Yes,54,Yes,Executive,5.0,High,3.0,Cat_6,Casual,Low,Very High,Very High,19.3,258.8,5002.9,8.3,20.9,0,83.9,A
CUST_03593,Male,Yes,48,Yes,Entertainment,6.0,High,2.0,,Active,Low,High,High,13.2,190.1,2501.9,11.1,17.0,1,57.8,B
CUST_03594,Female,No,44,Yes,Artist,1.0,Average,3.0,Cat_5,Casual,Medium,Medium,Medium,14.5,165.6,2406.0,11.1,24.5,1,86.0,B
CUST_03595,Male,No,33,Yes,Engineer,2.0,Average,2.0,Cat_3,Luxury,High,Medium,Medium,13.2,213.5,2827.9,11.0,36.5,1,63.4,B
CUST_03596,Male,No,25,No,Artist,0.0,Average,5.0,Cat_7,Casual,Very High,Low,Medium,7.5,70.5,526.8,18.3,42.5,1,62.9,C
CUST_03597,Female,Yes,22,Yes,Executive,8.0,Average,1.0,Cat_6,Luxury,Low,High,Very High,18.3,293.8,5381.1,7.3,20.4,0,87.5,A
CUST_03598,Female,Yes,40,Yes,Artist,1.0,High,5.0,Cat_6,Active,Medium,High,High,16.5,223.1,3691.7,22.0,30.2,1,62.0,B
CUST_03599,Female,No,28,Yes,Healthcare,0.0,Average,1.0,Cat_3,Active,Low,Medium,Medium,6.0,182.5,1096.9,7.5,35.3,1,72.4,B
CUST_03600,Female,No,35,No,Homemaker,2.0,Low,5.0,Cat_6,Budget,High,Low,Medium,5.2,74.7,391.5,12.0,47.2,1,,C
CUST_03601,Female,Yes,57,Yes,Lawyer,7.0,High,2.0,Cat_6,Casual,Low,Very High,Very High,19.3,300.3,5798.4,4.9,13.9,1,85.8,A
CUST_03602,Male,Yes,50,No,Engineer,6.0,High,2.0,Cat_6,Active,Medium,High,High,11.7,124.0,1449.8,14.1,24.9,0,73.8,B
CUST_03603,Male,Yes,40,Yes,Engineer,10.0,High,1.0,Cat_6,Luxury,Medium,Very High,High,18.9,243.1,4603.8,2.8,15.9,1,83.7,A
CUST_03604,Female,No,24,Yes,Entertainment,0.0,Average,2.0,Cat_6,Luxury,Medium,Medium,High,13.1,201.9,2635.1,16.3,31.4,1,69.3,B
CUST_03605,Female,No,48,Yes,Executive,5.0,High,2.0,Cat_6,Casual,Low,High,High,19.3,235.9,4556.1,7.6,18.2,1,90.2,A
CUST_03606,Male,No,47,Yes,Executive,6.0,High,3.0,Cat_6,Luxury,Medium,High,Medium,18.5,287.5,5319.3,7.6,19.4,0,96.0,A
CUST_03607,Female,No,22,Yes,Healthcare,1.0,Average,5.0,Cat_6,Eco-conscious,High,Low,Medium,7.3,75.8,550.9,16.6,39.5,0,71.2,C
CUST_03608,Female,Yes,32,Yes,Entertainment,4.0,Average,2.0,Cat_6,Casual,Medium,High,High,16.7,156.6,2622.1,13.0,30.1,0,83.6,B
CUST_03609,Male,No,44,No,Healthcare,,Average,3.0,Cat_5,Budget,Very High,Low,Very Low,2.7,49.0,134.0,38.5,27.0,0,21.8,D
CUST_03610,Male,No,40,No,Homemaker,0.0,Low,3.0,Cat_5,Budget,High,Low,Very Low,3.7,34.5,125.9,35.6,3.9,0,20.0,D
CUST_03611,Female,Yes,34,Yes,Artist,7.0,Low,4.0,Cat_3,Casual,Low,High,High,9.2,112.9,1036.9,11.4,21.6,1,75.3,B
CUST_03612,Male,No,43,No,Engineer,8.0,Average,2.0,Cat_6,,Medium,High,High,12.7,237.2,3023.7,3.0,19.1,1,,A
CUST_03613,Female,Yes,41,No,Healthcare,7.0,Low,2.0,Cat_3,Casual,Medium,Medium,Medium,12.5,177.4,2220.5,5.2,13.2,1,80.9,B
CUST_03614,Female,No,27,No,Marketing,6.0,Low,5.0,Cat_1,Casual,Very High,Low,Medium,12.2,106.0,1292.1,12.5,43.9,1,54.2,C
CUST_03615,Male,Yes,36,Yes,Artist,,High,3.0,Cat_6,Luxury,Low,Medium,High,17.6,168.7,2978.0,11.2,10.6,1,75.1,B
CUST_03616,Female,Yes,51,Yes,Lawyer,14.0,High,2.0,Cat_6,Active,Medium,Very High,High,20.8,279.9,5833.8,7.0,19.3,1,84.3,A
CUST_03617,Male,Yes,51,Yes,Engineer,7.0,Average,1.0,Cat_6,Active,High,High,Medium,10.8,237.2,2562.6,13.9,26.4,0,78.6,B
CUST_03618,Female,No,28,No,Artist,,Average,3.0,Cat_6,Casual,High,Low,High,10.1,27.0,272.3,22.2,52.9,0,36.7,C
CUST_03619,Female,No,30,Yes,Artist,2.0,Low,3.0,Cat_1,Casual,High,Low,Low,7.5,86.9,648.3,19.9,60.8,1,55.8,C
CUST_03620,Male,No,46,Yes,Doctor,7.0,Average,1.0,Cat_6,Luxury,Low,Very High,Very High,17.0,332.1,5642.7,8.1,20.2,0,98.2,A
CUST_03621,Male,Yes,20,Yes,Healthcare,1.0,Average,3.0,,Casual,Very High,Medium,Medium,9.3,87.4,814.3,21.5,53.7,0,60.6,C
CUST_03622,Female,Yes,49,Yes,Engineer,0.0,High,4.0,Cat_6,Luxury,Low,High,Very High,18.7,262.6,4904.1,6.4,17.8,1,88.9,A
CUST_03623,Male,Yes,62,Yes,Executive,3.0,Average,1.0,Cat_2,Luxury,Medium,High,High,9.0,249.5,2254.6,8.7,17.8,0,80.6,A
CUST_03624,Male,Yes,51,Yes,Homemaker,0.0,Low,1.0,Cat_6,Budget,High,Very Low,Very Low,3.5,61.8,215.8,47.5,13.6,0,50.8,D
CUST_03625,Female,Yes,47,No,Lawyer,15.0,High,1.0,Cat_6,Casual,Low,High,High,18.0,328.8,5912.2,5.7,11.5,1,94.6,A
CUST_03626,Male,Yes,38,Yes,Engineer,1.0,High,2.0,Cat_5,Casual,Low,High,Medium,13.4,165.1,2211.0,13.6,28.2,1,73.3,B
CUST_03627,Female,Yes,34,Yes,Engineer,4.0,Average,1.0,Cat_6,Luxury,Low,High,Medium,22.1,347.4,7689.7,8.6,14.3,0,79.0,A
CUST_03628,Female,No,27,Yes,Artist,0.0,Low,2.0,Cat_4,Budget,Very High,Low,Very Low,3.8,47.2,178.1,32.0,10.9,1,11.1,D
CUST_03629,Male,No,31,No,Artist,1.0,Average,6.0,Cat_7,Casual,Very High,Low,Low,8.2,120.7,990.1,22.3,58.6,0,57.6,C
CUST_03630,Male,Yes,33,No,Artist,0.0,Low,4.0,Cat_7,Casual,Very High,Low,Medium,10.6,91.5,968.7,17.0,40.8,0,35.0,C
CUST_03631,Female,No,24,Yes,Artist,2.0,Low,5.0,Cat_6,Casual,Very High,Low,Low,7.3,89.0,648.4,20.6,52.7,0,59.5,C
CUST_03632,Female,Yes,33,Yes,Doctor,4.0,High,4.0,Cat_4,Active,Low,Very High,Very High,19.1,286.4,5474.8,8.3,12.8,1,92.6,A
CUST_03633,Female,No,50,No,Healthcare,4.0,Average,2.0,Cat_5,Luxury,Medium,Medium,Medium,12.0,189.7,2273.2,19.4,31.5,1,71.1,B
CUST_03634,Female,Yes,32,Yes,Healthcare,5.0,High,5.0,Cat_6,Active,Low,Medium,Medium,11.0,109.9,1213.7,12.6,24.6,1,78.9,B
CUST_03635,Male,No,43,Yes,Executive,8.0,High,1.0,Cat_6,Active,Low,Very High,Very High,17.6,232.1,4095.8,8.1,17.4,1,79.7,A
CUST_03636,Female,Yes,34,Yes,Engineer,0.0,Average,2.0,Cat_3,Active,High,High,High,12.4,152.3,1881.0,8.6,42.6,1,78.1,B
CUST_03637,Female,No,37,Yes,Artist,3.0,Average,2.0,Cat_4,Casual,Very High,Low,Low,3.3,52.3,171.4,33.4,5.0,0,26.8,D
CUST_03638,Male,Yes,55,Yes,Executive,11.0,Average,1.0,Cat_6,Luxury,Low,High,High,13.5,257.9,3478.0,5.8,13.9,1,77.3,A
CUST_03639,Female,No,41,Yes,Healthcare,2.0,High,5.0,Cat_6,Luxury,Low,High,High,15.3,194.2,2968.1,10.1,24.8,1,79.2,B
CUST_03640,Male,Yes,55,Yes,Engineer,6.0,Average,2.0,Cat_6,Active,Medium,Very High,High,14.8,295.2,4375.3,5.7,18.5,0,86.2,A
CUST_03641,Female,No,46,No,Executive,8.0,Average,2.0,Cat_6,Active,Low,Very High,High,20.2,294.6,5958.9,6.9,28.6,0,91.5,A
CUST_03642,Male,No,75,No,Homemaker,2.0,Low,1.0,Cat_4,Budget,Very High,Low,Low,2.1,34.8,71.9,46.5,15.1,0,26.7,D
CUST_03643,Female,Yes,44,Yes,Healthcare,0.0,Average,4.0,Cat_5,Luxury,Medium,Medium,Medium,14.1,132.5,1873.8,14.6,34.0,1,61.1,B
CUST_03644,Male,Yes,41,Yes,Engineer,0.0,Average,4.0,Cat_3,Active,Medium,High,Medium,5.6,225.2,1258.9,1.0,15.9,0,54.8,B
CUST_03645,Female,No,30,No,Healthcare,0.0,Low,4.0,Cat_6,Eco-conscious,High,Low,Low,6.3,40.4,256.2,12.8,37.1,0,37.4,C
CUST_03646,Female,Yes,35,Yes,Artist,6.0,Average,2.0,Cat_6,,Low,High,High,16.4,249.3,4076.5,3.8,12.6,1,81.9,A
CUST_03647,Female,Yes,38,Yes,Healthcare,0.0,High,,Cat_5,Active,Medium,Medium,Medium,11.2,177.4,1986.7,10.3,28.0,0,61.1,B
CUST_03648,Female,Yes,40,Yes,Entertainment,,Average,2.0,Cat_5,Casual,Medium,Medium,Medium,8.4,226.2,1894.5,10.6,23.1,1,63.9,B
CUST_03649,Male,No,24,No,Healthcare,2.0,Average,2.0,Cat_6,Active,Medium,Medium,Medium,13.9,123.6,1712.3,16.8,31.9,1,63.4,B
CUST_03650,Male,No,37,No,Homemaker,1.0,Low,1.0,Cat_6,,Very High,Low,Very Low,2.8,61.3,174.4,43.5,14.8,0,35.8,D
CUST_03651,Female,No,29,Yes,Healthcare,4.0,Low,4.0,Cat_6,,Very High,Low,High,6.3,87.3,546.7,22.5,45.1,0,32.1,C
CUST_03652,Female,Yes,45,Yes,Engineer,1.0,High,1.0,Cat_3,Active,Low,High,High,11.9,127.6,1516.9,13.7,34.7,0,75.6,B
CUST_03653,Female,No,18,No,Marketing,3.0,Low,,Cat_6,Casual,High,Low,Medium,8.6,90.0,771.2,20.1,39.4,0,48.3,C
CUST_03654,Female,Yes,41,Yes,Doctor,5.0,Average,2.0,Cat_6,Luxury,Low,High,Medium,20.5,313.1,6430.2,8.1,24.0,1,79.3,A
CUST_03655,Male,No,43,Yes,Doctor,4.0,Average,1.0,Cat_2,Active,Medium,High,Very High,16.8,321.1,5408.0,8.8,15.5,1,89.6,A
CUST_03656,Male,Yes,28,Yes,Engineer,12.0,High,2.0,Cat_6,Active,Medium,Very High,Very High,19.3,332.1,6411.3,6.7,13.0,1,85.7,A
CUST_03657,Female,Yes,30,Yes,Entertainment,3.0,Average,2.0,Cat_5,Active,High,Medium,High,8.3,172.5,1430.3,22.8,18.1,1,69.0,B
CUST_03658,Male,Yes,44,Yes,Healthcare,1.0,Average,4.0,Cat_3,Active,High,High,High,15.2,194.5,2956.7,17.1,23.5,1,71.9,B
CUST_03659,Male,No,37,No,Artist,4.0,Low,4.0,Cat_1,Budget,High,Low,High,4.4,75.8,330.7,22.0,39.8,0,54.4,C
CUST_03660,Female,No,71,No,Lawyer,0.0,Low,1.0,Cat_5,Budget,High,Low,Low,2.4,26.7,63.2,42.5,11.7,0,36.6,D
CUST_03661,Male,Yes,28,Yes,Healthcare,2.0,Average,2.0,Cat_5,Casual,Medium,Medium,High,15.0,184.6,2761.0,7.6,36.5,1,87.2,B
CUST_03662,Female,Yes,48,Yes,Healthcare,6.0,Average,5.0,Cat_6,Luxury,Low,High,High,7.2,124.7,894.3,17.6,24.8,0,,B
CUST_03663,Male,Yes,35,Yes,Doctor,5.0,High,3.0,Cat_6,Luxury,Low,Very High,High,16.2,279.3,4518.5,7.6,18.6,1,86.7,A
CUST_03664,Male,No,43,Yes,Artist,1.0,Average,1.0,Cat_6,Luxury,Low,High,High,16.5,270.5,4470.6,4.1,12.8,1,85.0,A
CUST_03665,Female,Yes,38,Yes,Engineer,6.0,Average,2.0,Cat_6,Luxury,Medium,High,High,12.9,175.8,2270.5,14.9,36.3,0,70.6,B
CUST_03666,Female,No,32,Yes,Artist,2.0,Low,2.0,Cat_3,Active,Medium,High,High,8.0,115.2,916.7,20.2,32.2,0,,B
CUST_03667,Male,No,27,No,Healthcare,2.0,Low,2.0,Cat_6,Casual,Very High,Medium,High,9.6,116.3,1115.4,19.3,52.1,1,44.1,C
CUST_03668,Male,Yes,38,Yes,Engineer,1.0,High,3.0,Cat_6,Active,Low,Very High,Very High,16.1,348.8,5625.4,10.8,20.0,1,100.0,A
CUST_03669,Female,Yes,32,Yes,Executive,6.0,Average,1.0,Cat_2,Luxury,Medium,Very High,Very High,19.6,310.5,6075.2,11.0,22.3,1,88.2,A
CUST_03670,Female,Yes,45,Yes,Engineer,1.0,Average,2.0,Cat_6,Casual,Medium,High,High,11.1,164.3,1824.8,12.6,26.4,1,55.5,B
CUST_03671,Female,No,54,No,Artist,,High,2.0,Cat_4,Active,Medium,High,Very High,13.5,188.7,2544.4,6.3,15.5,1,86.3,A
CUST_03672,Male,Yes,47,Yes,Lawyer,9.0,High,3.0,Cat_6,Active,Low,Very High,Very High,13.8,322.4,4436.3,2.2,15.8,0,89.0,A
CUST_03673,Male,No,35,No,Artist,2.0,Low,1.0,Cat_6,Budget,High,Low,Medium,9.3,107.6,1003.2,26.1,40.5,1,37.1,C
CUST_03674,Female,Yes,61,Yes,Artist,3.0,Average,4.0,Cat_6,Luxury,Low,Very High,Very High,17.5,343.3,6005.1,6.2,7.0,1,100.0,A
CUST_03675,Female,No,23,Yes,Marketing,2.0,Average,3.0,,Casual,High,Low,Low,9.8,80.2,789.0,20.5,48.1,1,78.2,C
CUST_03676,Female,Yes,24,No,Artist,6.0,High,3.0,Cat_6,Active,Medium,High,Medium,9.6,198.2,1912.2,6.0,14.7,1,67.9,B
CUST_03677,Male,Yes,44,Yes,Executive,6.0,Average,2.0,Cat_6,Luxury,Low,Very High,High,23.6,276.6,6536.2,3.4,10.1,0,89.9,A
CUST_03678,Female,Yes,54,Yes,Artist,8.0,Average,3.0,Cat_3,Active,Low,Medium,High,10.7,198.1,2129.0,14.6,31.6,0,80.0,B
CUST_03679,Male,Yes,29,No,Artist,1.0,Average,2.0,Cat_1,Casual,High,Medium,Low,7.1,88.6,632.0,18.3,44.1,1,64.7,C
CUST_03680,Male,Yes,45,Yes,Engineer,2.0,Average,2.0,Cat_5,Luxury,Medium,Medium,High,14.9,201.4,2990.7,10.4,33.0,1,69.3,B
CUST_03681,Male,No,40,No,Artist,1.0,Low,4.0,Cat_1,Casual,Very High,Medium,Low,6.8,109.1,746.4,12.5,59.6,0,79.4,C
CUST_03682,Female,No,31,Yes,Executive,0.0,High,2.0,Cat_6,Luxury,Low,Very High,High,12.8,279.6,3580.6,3.0,18.4,1,89.3,A
CUST_03683,Male,Yes,18,No,Artist,3.0,Low,4.0,,Eco-conscious,High,Low,High,6.9,87.2,604.0,11.9,60.1,0,44.2,C
CUST_03684,Female,Yes,46,Yes,Executive,10.0,Average,2.0,Cat_4,Luxury,Low,High,High,17.2,281.9,4847.4,3.2,11.5,1,86.5,A
CUST_03685,Female,Yes,27,No,Artist,2.0,Low,4.0,Cat_6,Eco-conscious,High,Low,Low,9.4,38.0,356.8,13.7,52.1,0,46.1,C
CUST_03686,Female,Yes,31,Yes,Artist,5.0,High,3.0,Cat_5,Active,Medium,High,Medium,8.5,190.5,1622.7,15.4,35.6,1,87.4,B
CUST_03687,Male,No,55,Yes,Healthcare,3.0,Low,1.0,Cat_5,,High,Very Low,Very Low,1.4,50.7,72.4,43.4,4.3,0,27.9,D
CUST_03688,Male,No,28,No,Engineer,4.0,Low,3.0,Cat_3,Casual,Low,High,High,9.6,162.0,1558.1,15.1,31.7,0,79.5,B
CUST_03689,Female,Yes,55,Yes,Artist,8.0,High,2.0,Cat_4,Luxury,Low,Very High,High,16.7,339.4,5671.9,7.4,10.6,1,77.8,A
CUST_03690,Male,Yes,37,Yes,Engineer,7.0,Average,1.0,Cat_6,Luxury,Low,High,High,21.0,335.7,7066.4,7.4,9.0,1,88.1,A
CUST_03691,Male,No,33,Yes,Homemaker,3.0,Low,2.0,Cat_6,Budget,Very High,Low,Low,8.9,72.0,637.6,13.8,51.2,1,,C
CUST_03692,Male,Yes,44,Yes,Healthcare,8.0,Average,3.0,Cat_6,Casual,Low,High,Medium,8.5,145.2,1235.7,10.6,36.9,0,82.0,B
CUST_03693,Female,Yes,19,No,Artist,2.0,Low,3.0,Cat_1,,High,Medium,Medium,9.8,74.8,731.6,16.2,62.1,0,51.7,C
CUST_03694,Male,Yes,35,Yes,Executive,4.0,High,1.0,Cat_6,Luxury,Low,Very High,Very High,13.5,283.7,3840.5,6.2,21.1,1,,A
CUST_03695,Male,No,32,No,Entertainment,1.0,Average,3.0,Cat_3,Casual,Medium,High,Medium,8.4,162.1,1365.0,15.1,30.3,1,61.9,B
CUST_03696,Female,Yes,73,Yes,Lawyer,7.0,High,2.0,Cat_2,,Low,Very High,Very High,12.7,306.3,3874.4,6.7,20.6,1,91.0,A
CUST_03697,Male,Yes,44,Yes,Artist,0.0,Low,1.0,Cat_4,Casual,Very High,Very Low,Very Low,0.5,37.4,18.7,17.5,21.2,0,38.6,D
CUST_03698,Male,Yes,20,No,Healthcare,2.0,Low,2.0,Cat_6,Budget,High,Low,Medium,11.8,80.1,943.6,10.7,60.4,0,55.7,C
CUST_03699,Male,No,66,No,Homemaker,0.0,Low,2.0,,Casual,High,Low,Very Low,0.6,33.8,18.9,37.4,2.0,0,42.3,D
CUST_03700,Female,Yes,40,Yes,Engineer,3.0,Average,2.0,Cat_3,Casual,Low,High,High,9.7,200.9,1944.3,11.8,33.8,1,68.9,B
CUST_03701,Male,Yes,34,Yes,Healthcare,1.0,Low,3.0,Cat_1,Eco-conscious,High,Medium,Medium,12.2,79.0,960.2,22.3,47.3,1,62.4,C
CUST_03702,Female,No,37,Yes,Healthcare,2.0,Low,2.0,Cat_7,Eco-conscious,High,Medium,Low,8.4,125.5,1049.7,13.8,59.0,0,61.5,C
CUST_03703,Female,Yes,34,Yes,Engineer,1.0,Average,3.0,Cat_3,Luxury,High,Medium,High,17.0,153.9,2616.0,9.7,32.7,0,86.1,B
CUST_03704,Male,Yes,20,Yes,Healthcare,4.0,Average,3.0,Cat_6,Budget,Very High,Medium,Medium,8.5,87.4,742.8,13.8,36.9,0,47.6,C
CUST_03705,Male,No,60,No,Artist,3.0,Low,1.0,Cat_6,Budget,High,Low,Low,3.7,25.9,96.5,44.6,5.6,0,5.0,D
CUST_03706,Male,No,61,Yes,Healthcare,,Low,1.0,Cat_4,Budget,Very High,Low,Very Low,3.0,56.8,172.7,36.8,9.3,0,21.9,D
CUST_03707,Male,No,25,No,Artist,,Average,3.0,Cat_1,Budget,High,Medium,Medium,6.8,56.5,383.3,14.5,47.4,0,40.4,C
CUST_03708,Male,Yes,46,No,Artist,6.0,Average,1.0,Cat_5,Active,Medium,High,Medium,6.9,102.1,700.1,9.7,38.4,1,80.2,B
CUST_03709,Female,Yes,52,No,Artist,5.0,Average,2.0,Cat_3,Luxury,Medium,Medium,High,8.4,168.7,1424.3,14.6,13.6,1,63.6,B
CUST_03710,Female,No,55,No,Homemaker,3.0,Average,2.0,Cat_4,Budget,High,Low,Low,0.6,45.3,27.5,40.1,15.0,0,21.0,D
CUST_03711,Male,Yes,61,Yes,Executive,6.0,Average,,Cat_4,Luxury,Low,Very High,Very High,17.5,289.7,5080.1,6.0,14.2,1,85.9,A
CUST_03712,Male,Yes,29,No,Artist,0.0,Low,2.0,Cat_6,Casual,High,Medium,High,7.7,104.3,803.8,19.0,51.8,1,61.2,C
CUST_03713,Female,Yes,40,No,Healthcare,0.0,Low,3.0,Cat_1,Casual,Very High,Low,Medium,6.1,94.7,574.8,10.1,57.8,0,60.0,C
CUST_03714,Male,Yes,34,Yes,Homemaker,2.0,Low,4.0,Cat_1,Budget,High,Medium,Medium,7.5,87.7,658.0,24.2,47.6,1,51.8,C
CUST_03715,Male,No,53,Yes,Homemaker,0.0,Low,1.0,Cat_6,Casual,Very High,Very Low,Low,2.3,19.0,42.9,15.3,12.1,0,28.5,D
CUST_03716,Female,Yes,42,No,Engineer,8.0,Low,3.0,Cat_5,Casual,Medium,Medium,High,15.5,110.3,1710.6,11.8,38.8,1,61.6,B
CUST_03717,Male,Yes,45,Yes,Healthcare,5.0,Average,4.0,Cat_6,Luxury,Low,Medium,Medium,14.6,94.8,1388.9,14.0,28.1,0,81.7,B
CUST_03718,Male,Yes,46,Yes,Lawyer,5.0,High,2.0,Cat_6,Luxury,Low,Very High,Very High,12.4,271.9,3369.4,3.0,16.8,1,92.2,A
CUST_03719,Female,Yes,51,Yes,Artist,4.0,Low,4.0,Cat_6,Luxury,Medium,High,High,5.1,218.7,1107.1,16.1,32.5,1,68.9,B
CUST_03720,Female,Yes,42,Yes,Engineer,6.0,High,2.0,Cat_6,Casual,Low,High,High,10.8,106.8,1148.7,13.9,16.5,1,79.5,B
CUST_03721,Male,Yes,28,Yes,Engineer,5.0,High,2.0,Cat_6,Active,Medium,High,High,14.0,151.6,2126.6,14.5,34.6,1,74.4,B
CUST_03722,Female,Yes,25,Yes,Marketing,1.0,Low,3.0,Cat_6,Budget,High,Low,Low,8.3,104.1,859.8,7.4,50.4,0,52.3,C
CUST_03723,Male,No,53,Yes,Homemaker,3.0,Low,2.0,Cat_5,Budget,High,Low,Very Low,2.3,56.4,128.5,44.7,17.1,0,31.9,D
CUST_03724,Female,Yes,55,Yes,Executive,7.0,Average,1.0,Cat_6,Luxury,Low,High,High,17.0,282.2,4784.6,9.3,15.0,0,78.7,A
CUST_03725,Female,Yes,32,Yes,Artist,2.0,High,1.0,,Active,High,Medium,High,14.6,131.9,1922.4,12.2,19.8,1,80.3,B
CUST_03726,Male,No,60,No,Healthcare,3.0,Low,2.0,Cat_6,Casual,High,Low,Low,4.4,56.9,249.8,33.2,8.3,1,37.3,D
CUST_03727,Male,Yes,69,Yes,Artist,9.0,High,3.0,Cat_4,Luxury,Low,Very High,High,18.8,256.7,4829.5,9.9,10.1,1,75.9,A
CUST_03728,Female,No,57,No,Doctor,12.0,High,2.0,Cat_2,Active,Medium,Very High,Very High,22.5,213.9,4812.9,8.6,21.4,1,,A
CUST_03729,Male,No,55,Yes,Artist,10.0,High,,Cat_6,Casual,Low,Very High,Very High,18.0,271.0,4877.3,8.5,17.0,0,91.7,A
CUST_03730,Male,Yes,41,Yes,Engineer,0.0,Low,1.0,Cat_3,Casual,Low,High,Medium,12.2,157.0,1921.5,7.6,31.6,0,87.3,B
CUST_03731,Male,Yes,47,Yes,Executive,5.0,High,1.0,Cat_6,Casual,Low,Very High,High,14.3,263.7,3761.4,4.5,17.4,1,75.0,A
CUST_03732,Female,No,32,Yes,Homemaker,1.0,Low,4.0,Cat_6,Budget,High,Very Low,Low,3.3,91.4,298.3,28.0,15.3,0,34.6,D
CUST_03733,Female,Yes,45,Yes,Entertainment,3.0,Average,,Cat_6,Active,Medium,High,Medium,11.4,166.2,1898.5,6.1,40.6,1,60.4,B
CUST_03734,Female,Yes,45,No,Healthcare,,Low,3.0,Cat_6,Casual,Low,High,High,11.0,174.6,1923.7,16.9,22.3,0,70.7,B
CUST_03735,Male,Yes,46,Yes,Lawyer,9.0,High,3.0,Cat_4,Luxury,Low,Very High,Medium,15.2,332.1,5061.1,2.9,7.7,1,96.8,A
CUST_03736,Male,Yes,40,No,Healthcare,3.0,Average,4.0,Cat_6,Luxury,Medium,Medium,Medium,13.7,140.9,1934.2,13.3,33.2,0,67.1,B
CUST_03737,Female,Yes,23,No,Homemaker,1.0,Low,4.0,Cat_6,Casual,High,Low,Medium,5.5,70.7,386.0,18.8,51.1,0,44.5,C
CUST_03738,Male,Yes,28,No,Marketing,0.0,Low,1.0,Cat_7,Casual,High,Low,Low,3.9,76.3,294.3,22.0,40.7,1,38.1,C
CUST_03739,Female,No,23,No,Homemaker,0.0,Low,5.0,Cat_6,Casual,Very High,Low,Medium,9.6,84.0,806.7,19.7,60.9,1,52.9,C
CUST_03740,Male,Yes,35,No,Healthcare,0.0,Average,3.0,Cat_6,Casual,Low,High,High,10.5,201.9,2112.8,13.3,39.3,0,77.8,B
CUST_03741,Male,No,39,No,Healthcare,2.0,Low,3.0,Cat_4,Casual,High,Very Low,Very Low,1.5,24.9,36.8,26.5,20.6,1,25.0,D
CUST_03742,Male,No,22,Yes,Homemaker,0.0,Average,3.0,Cat_6,Budget,Very High,Low,Medium,7.6,95.9,724.3,25.0,61.1,0,,C
CUST_03743,Male,Yes,29,No,Artist,0.0,Average,2.0,Cat_1,Casual,High,Low,Medium,9.5,90.2,857.6,19.2,71.2,0,24.9,C
CUST_03744,Female,Yes,45,Yes,Lawyer,3.0,High,1.0,Cat_4,Active,Low,High,Very High,16.9,324.1,5471.5,4.5,12.7,0,90.9,A
CUST_03745,Male,Yes,35,Yes,Lawyer,8.0,High,2.0,Cat_6,Luxury,Low,High,Very High,14.3,195.0,2782.0,4.7,13.9,1,97.8,A
CUST_03746,Female,No,59,Yes,Executive,2.0,Average,2.0,Cat_6,Active,Low,Very High,High,18.0,246.7,4449.2,6.9,15.8,1,100.0,A
CUST_03747,Male,No,31,Yes,Homemaker,1.0,Average,3.0,Cat_6,Budget,High,Low,High,9.4,85.4,798.6,11.1,42.5,0,59.1,C
CUST_03748,Male,Yes,41,Yes,Healthcare,1.0,High,2.0,Cat_3,Casual,Medium,Medium,Medium,13.0,167.8,2173.6,12.1,26.2,1,77.4,B
CUST_03749,Female,No,40,Yes,Entertainment,6.0,High,1.0,Cat_6,Active,Low,Medium,High,12.0,148.8,1780.6,16.8,48.0,1,63.9,B
CUST_03750,Female,No,38,No,Healthcare,2.0,Low,1.0,Cat_6,Casual,High,Low,Low,2.5,48.5,122.7,9.4,12.0,0,29.3,D
CUST_03751,Male,No,79,No,Homemaker,0.0,Low,1.0,Cat_4,Casual,Very High,Low,Very Low,5.0,45.9,231.8,34.6,9.8,1,45.3,D
CUST_03752,Male,Yes,49,No,Homemaker,1.0,Low,2.0,Cat_5,Casual,Very High,Very Low,Very Low,2.1,79.1,166.7,36.9,16.4,0,5.0,D
CUST_03753,Female,Yes,29,Yes,Healthcare,1.0,Low,2.0,Cat_6,Active,Low,High,Medium,13.7,147.7,2022.1,15.0,23.9,1,,B
CUST_03754,Female,No,41,Yes,Artist,0.0,Average,4.0,Cat_7,Budget,Very High,Low,High,9.7,107.9,1050.1,31.7,42.1,0,46.5,C
CUST_03755,Male,Yes,38,Yes,Engineer,2.0,Average,2.0,Cat_5,Casual,Medium,Medium,High,12.3,222.4,2735.5,18.1,28.8,0,67.6,B
CUST_03756,Female,No,60,Yes,Lawyer,6.0,Average,1.0,Cat_6,Casual,Low,High,Very High,20.0,234.3,4691.6,4.0,1.0,0,85.1,A
CUST_03757,Male,Yes,55,Yes,Doctor,6.0,Average,2.0,Cat_4,Luxury,Low,Very High,Medium,16.8,279.7,4711.0,10.1,20.7,1,81.8,A
CUST_03758,Female,Yes,47,Yes,Artist,4.0,High,3.0,Cat_6,Active,Low,High,Medium,16.0,192.8,3085.6,7.9,24.5,0,60.3,B
CUST_03759,Female,Yes,38,Yes,Entertainment,0.0,Average,3.0,,Luxury,Low,High,High,9.0,136.3,1225.0,11.1,26.6,0,64.4,B
CUST_03760,Female,No,27,No,Homemaker,3.0,Low,5.0,Cat_7,Casual,High,Low,Low,6.7,80.1,537.1,7.2,63.5,0,41.7,C
CUST_03761,Male,No,45,Yes,Lawyer,2.0,High,2.0,Cat_6,Active,Low,High,High,17.0,282.8,4820.5,10.3,10.9,1,86.9,A
CUST_03762,Female,No,25,Yes,Artist,3.0,Low,3.0,Cat_1,Casual,Very High,Medium,Medium,6.2,85.6,526.7,20.1,47.6,0,50.1,C
CUST_03763,Female,Yes,41,Yes,Entertainment,6.0,Average,,Cat_3,Casual,Low,High,Medium,7.2,133.8,963.0,12.3,41.1,1,89.4,B
CUST_03764,Male,No,25,Yes,Engineer,,Average,3.0,Cat_6,Casual,Medium,High,High,10.6,118.3,1255.8,4.6,35.3,1,76.4,B
CUST_03765,Male,No,31,Yes,Engineer,7.0,Average,3.0,Cat_3,Active,Low,High,Medium,9.8,149.6,1460.4,15.4,23.4,0,68.9,B
CUST_03766,Female,Yes,27,Yes,Artist,0.0,Average,3.0,Cat_6,Active,Medium,High,High,5.2,147.5,763.3,16.2,29.3,1,69.2,B
CUST_03767,Female,No,34,Yes,Entertainment,5.0,Average,1.0,Cat_3,Luxury,Low,Medium,Medium,8.3,175.2,1453.4,13.2,18.9,1,,B
CUST_03768,Male,Yes,47,No,Artist,8.0,Average,3.0,,Active,Low,High,Medium,9.9,50.0,494.4,17.7,46.6,0,82.0,B
CUST_03769,Male,No,47,No,Executive,15.0,High,3.0,Cat_4,Luxury,Low,Very High,Very High,21.3,274.2,5837.6,8.9,13.8,1,94.7,A
CUST_03770,Male,Yes,57,Yes,Engineer,7.0,Average,3.0,Cat_6,Active,Low,Very High,Very High,15.4,201.8,3101.7,9.4,14.3,1,69.0,A
CUST_03771,Female,Yes,40,Yes,Entertainment,3.0,Average,2.0,,Casual,High,High,Medium,12.3,209.8,2589.6,7.2,31.1,1,62.9,B
CUST_03772,Male,No,72,No,Homemaker,0.0,Low,2.0,,Budget,High,Low,Low,4.3,71.9,308.9,12.0,11.1,0,14.5,D
CUST_03773,Female,Yes,38,Yes,Entertainment,3.0,High,4.0,Cat_3,Active,High,Medium,High,10.5,175.6,1849.5,13.3,25.1,1,74.4,B
CUST_03774,Female,No,33,Yes,Healthcare,2.0,Low,4.0,Cat_7,Budget,Very High,Low,Medium,9.6,52.2,501.1,23.0,53.0,1,52.0,C
CUST_03775,Female,Yes,19,Yes,Homemaker,4.0,Low,4.0,Cat_6,Casual,High,Low,Low,8.0,91.0,729.9,21.7,62.5,1,57.6,C
CUST_03776,Female,No,53,Yes,Homemaker,0.0,Low,2.0,Cat_6,Casual,Very High,Low,Low,3.5,54.0,186.4,8.9,15.6,0,23.4,D
CUST_03777,Male,No,22,Yes,Homemaker,2.0,Low,3.0,Cat_6,Casual,High,Low,Low,1.8,104.7,186.3,26.6,64.8,0,69.7,C
CUST_03778,Female,Yes,39,No,Artist,6.0,Average,5.0,Cat_6,Casual,Medium,Medium,High,11.6,175.6,2043.4,14.6,32.8,0,,B
CUST_03779,Female,No,39,Yes,Homemaker,0.0,Low,3.0,Cat_1,Eco-conscious,High,Low,High,9.8,90.0,884.1,23.0,41.1,0,41.0,C
CUST_03780,Female,Yes,71,Yes,Healthcare,2.0,Average,1.0,Cat_6,Casual,High,Low,Low,3.2,49.4,159.6,36.7,21.1,1,24.9,D
CUST_03781,Male,Yes,42,Yes,Entertainment,10.0,Average,3.0,Cat_6,Active,Medium,High,Medium,10.0,185.2,1848.5,9.1,24.5,1,66.2,B
CUST_03782,Female,No,35,Yes,Engineer,2.0,Average,2.0,Cat_3,Active,Low,Medium,Medium,11.9,160.9,1917.3,19.0,34.0,1,95.0,B
CUST_03783,Female,No,59,Yes,Doctor,5.0,High,1.0,Cat_6,Luxury,Low,Very High,Medium,19.5,286.4,5586.5,1.5,14.2,1,70.2,A
CUST_03784,Male,Yes,28,No,Healthcare,1.0,Low,,Cat_6,Budget,High,Low,High,9.7,49.4,477.5,18.7,59.8,1,35.5,C
CUST_03785,Male,No,24,Yes,Healthcare,2.0,Low,3.0,Cat_7,Casual,Very High,Low,Medium,7.3,78.9,579.6,23.1,40.2,1,53.2,C
CUST_03786,Male,Yes,29,No,Executive,6.0,Average,3.0,Cat_4,Luxury,Low,High,High,16.2,160.4,2599.6,6.5,12.0,1,85.1,A
CUST_03787,Female,Yes,38,Yes,Artist,1.0,High,2.0,Cat_6,Casual,Low,High,High,7.7,220.1,1688.8,14.0,21.9,1,71.6,B
CUST_03788,Male,Yes,45,No,Artist,7.0,Average,1.0,Cat_6,Luxury,Medium,High,Medium,9.3,226.2,2107.0,20.8,19.2,1,85.5,B
CUST_03789,Male,No,68,Yes,Lawyer,8.0,High,2.0,Cat_4,Active,Medium,Very High,Medium,16.1,225.4,3627.1,6.2,20.5,0,88.0,A
CUST_03790,Male,No,61,No,Lawyer,1.0,Low,2.0,Cat_6,Budget,Very High,Low,Low,4.0,73.6,292.0,42.6,12.1,0,40.2,D
CUST_03791,Female,Yes,55,No,Doctor,10.0,Average,3.0,Cat_6,Active,Low,High,Very High,22.4,291.2,6523.6,7.8,13.8,0,93.9,A
CUST_03792,Female,No,54,No,Doctor,6.0,High,1.0,Cat_6,Active,Low,High,High,17.6,290.2,5100.8,2.0,15.9,1,97.2,A
CUST_03793,Female,Yes,41,Yes,Engineer,2.0,Average,2.0,Cat_6,Active,Low,High,Medium,12.3,155.9,1920.1,15.1,20.9,1,72.1,B
CUST_03794,Male,No,35,No,Artist,4.0,Low,5.0,Cat_1,Casual,Very High,Low,Medium,6.6,78.7,523.2,8.2,37.8,1,54.7,C
CUST_03795,Male,No,42,Yes,Engineer,8.0,High,2.0,Cat_6,Luxury,Medium,Very High,Very High,19.8,308.5,6105.0,4.8,27.0,1,92.9,A
CUST_03796,Male,No,29,No,Healthcare,1.0,Low,5.0,Cat_6,Casual,Very High,Low,Low,8.5,81.6,696.4,2.0,41.6,0,49.4,C
CUST_03797,Male,No,29,No,Entertainment,6.0,Average,5.0,Cat_6,Luxury,High,High,Medium,12.7,150.6,1915.7,12.2,26.9,1,79.0,B
CUST_03798,Male,No,73,Yes,Artist,1.0,High,5.0,Cat_4,Luxury,Medium,Very High,Very High,19.6,222.3,4349.1,5.5,14.0,1,92.0,A
CUST_03799,Male,No,50,Yes,Lawyer,4.0,Average,1.0,Cat_4,Luxury,Low,Very High,High,15.8,198.8,3134.2,6.5,6.3,1,72.7,A
CUST_03800,Female,Yes,34,Yes,Artist,4.0,High,1.0,,Active,Medium,Medium,High,10.9,111.5,1215.1,14.8,28.5,1,60.9,B
CUST_03801,Female,No,45,Yes,Engineer,5.0,High,4.0,Cat_3,Casual,Low,High,Medium,7.6,164.1,1242.4,15.3,30.2,1,62.9,B
CUST_03802,Male,No,69,Yes,Artist,2.0,Low,2.0,Cat_4,Casual,High,Low,Very Low,3.8,49.6,188.0,30.1,11.6,0,38.3,D
CUST_03803,Male,Yes,36,No,Marketing,0.0,Low,4.0,Cat_1,Budget,High,Low,Low,9.4,103.4,975.1,26.1,37.8,1,52.4,C
CUST_03804,Female,No,34,No,Healthcare,2.0,Low,1.0,Cat_6,Casual,High,Low,Low,5.3,47.1,247.9,26.3,3.5,0,32.2,D
CUST_03805,Female,Yes,38,Yes,Artist,5.0,Average,1.0,Cat_6,Casual,Low,High,High,3.5,111.5,395.4,12.5,24.8,1,65.7,B
CUST_03806,Male,No,49,Yes,Healthcare,1.0,Low,1.0,Cat_5,Casual,High,Very Low,Low,3.9,24.7,96.8,34.6,19.8,0,20.3,D
CUST_03807,Male,Yes,52,Yes,Healthcare,6.0,Average,4.0,Cat_6,Casual,Low,Medium,Medium,14.0,174.6,2450.0,12.7,25.6,1,71.9,B
CUST_03808,Female,Yes,45,Yes,Healthcare,1.0,High,,Cat_6,Luxury,Medium,High,High,13.6,140.1,1910.2,19.8,19.7,1,63.0,B
CUST_03809,Female,Yes,68,No,Executive,7.0,Average,3.0,Cat_4,Casual,Low,Very High,Very High,14.8,363.2,5373.7,7.5,11.5,1,90.8,A
CUST_03810,Male,No,42,Yes,Doctor,7.0,Average,3.0,Cat_6,Active,Medium,Very High,High,14.7,271.8,4004.0,10.6,13.1,1,95.0,A
CUST_03811,Female,Yes,18,Yes,Healthcare,2.0,Low,3.0,Cat_1,Eco-conscious,High,Low,High,10.2,83.9,853.5,18.5,47.9,1,64.4,C
CUST_03812,Male,No,47,Yes,Entertainment,0.0,Average,3.0,Cat_6,,High,Medium,High,14.1,205.6,2891.0,13.1,27.6,1,,B
CUST_03813,Female,No,48,Yes,Artist,9.0,Average,2.0,Cat_6,Active,Medium,Very High,Very High,18.0,244.0,4391.0,4.4,15.7,1,97.6,A
CUST_03814,Female,No,41,Yes,Homemaker,3.0,Low,2.0,Cat_1,Casual,Very High,Low,Low,6.7,82.4,553.9,12.6,40.4,0,58.0,C
CUST_03815,Female,Yes,51,Yes,Lawyer,9.0,Average,2.0,Cat_4,Active,Low,High,Very High,13.3,223.5,2980.2,5.3,11.5,1,91.1,A
CUST_03816,Male,No,52,No,Engineer,3.0,Average,2.0,Cat_6,Active,Medium,High,High,12.0,165.0,1976.2,11.8,37.1,0,83.6,B
CUST_03817,Female,Yes,25,Yes,Artist,3.0,Low,2.0,Cat_6,Active,Low,High,Medium,10.4,138.6,1440.9,11.2,30.9,1,73.0,B
CUST_03818,Female,Yes,28,Yes,Artist,0.0,Low,5.0,Cat_6,Eco-conscious,High,Medium,Low,9.3,80.1,746.7,16.8,37.4,1,36.8,C
CUST_03819,Female,Yes,27,Yes,Healthcare,3.0,Low,2.0,Cat_6,Eco-conscious,High,Low,Low,7.0,99.4,691.2,16.2,46.0,0,46.3,C
CUST_03820,Male,Yes,31,Yes,Artist,1.0,Low,4.0,Cat_3,Active,Low,Medium,High,10.6,236.3,2500.4,13.8,29.4,1,82.5,B
CUST_03821,Male,Yes,49,Yes,Entertainment,7.0,Average,,Cat_3,Active,Low,Medium,High,10.7,148.3,1592.4,8.9,14.4,1,81.3,B
CUST_03822,Male,Yes,41,No,Entertainment,3.0,High,4.0,Cat_6,Casual,Medium,Medium,High,10.1,170.6,1731.5,16.2,15.5,1,72.1,B
CUST_03823,Male,Yes,33,Yes,Marketing,1.0,Average,4.0,Cat_1,Casual,High,Low,Medium,9.8,89.2,872.5,26.3,46.7,0,72.2,C
CUST_03824,Female,Yes,35,No,Engineer,,High,,Cat_6,Casual,Low,High,High,14.3,163.3,2338.9,7.2,33.3,1,81.3,B
CUST_03825,Male,Yes,49,Yes,Executive,7.0,Average,1.0,,Casual,Medium,Very High,Very High,17.4,331.3,5758.8,6.2,20.0,1,84.4,A
CUST_03826,Female,Yes,47,Yes,Lawyer,8.0,Average,2.0,Cat_6,Casual,Medium,Very High,Very High,18.4,306.0,5639.3,6.6,23.2,1,91.6,A
CUST_03827,Male,Yes,31,Yes,Healthcare,2.0,Average,2.0,Cat_5,Casual,Medium,High,High,11.3,159.5,1808.0,9.6,31.4,1,60.9,B
CUST_03828,Female,Yes,49,Yes,Engineer,3.0,Average,3.0,Cat_6,Casual,Low,Medium,Medium,5.3,139.5,734.8,4.3,18.9,0,78.2,B
CUST_03829,Female,No,36,Yes,Artist,0.0,Average,5.0,Cat_6,Casual,Very High,Medium,Low,3.0,79.6,237.9,24.5,43.1,1,65.1,C
CUST_03830,Female,Yes,34,Yes,Lawyer,6.0,Average,2.0,Cat_4,Luxury,Low,Very High,High,14.2,249.7,3550.4,6.8,16.1,1,89.3,A
CUST_03831,Male,No,38,No,Healthcare,5.0,Average,3.0,,Casual,Medium,Medium,Medium,13.6,135.0,1843.1,18.4,31.8,1,85.6,B
CUST_03832,Male,No,18,No,Homemaker,0.0,Low,3.0,Cat_1,Eco-conscious,High,Low,Medium,8.8,85.3,753.7,18.5,28.9,0,50.3,C
CUST_03833,Female,No,26,Yes,Healthcare,0.0,Low,4.0,Cat_1,Budget,High,Medium,Low,8.6,98.8,852.5,23.4,56.3,0,47.1,C
CUST_03834,Female,No,48,Yes,Engineer,6.0,High,4.0,Cat_3,Casual,Low,Medium,High,8.9,181.9,1620.3,17.0,31.5,0,66.2,B
CUST_03835,Male,No,45,Yes,Entertainment,0.0,High,2.0,Cat_3,Casual,Medium,High,Medium,11.1,89.8,999.9,19.0,25.8,1,68.9,B
CUST_03836,Male,Yes,41,Yes,Engineer,1.0,Low,2.0,Cat_3,Active,Medium,High,High,14.8,142.2,2100.7,21.5,18.6,1,80.3,B
CUST_03837,Male,No,51,No,Healthcare,2.0,Low,2.0,Cat_5,Budget,High,Low,Low,2.5,56.3,140.4,30.7,0.0,0,39.0,D
CUST_03838,Female,Yes,57,Yes,Executive,10.0,High,3.0,,Luxury,Low,Very High,High,17.3,284.0,4911.0,2.0,19.2,1,85.2,A
CUST_03839,Female,No,35,Yes,Homemaker,0.0,Low,1.0,,Budget,Very High,Low,Very Low,3.9,52.2,203.1,15.4,12.9,0,46.1,D
CUST_03840,Female,Yes,28,No,Marketing,1.0,Average,5.0,Cat_1,Budget,Very High,Low,Medium,9.5,76.7,732.2,17.2,41.8,0,42.3,C
CUST_03841,Female,Yes,48,Yes,Engineer,5.0,Average,3.0,Cat_5,Casual,Low,High,High,11.8,159.4,1885.7,11.8,27.7,1,65.8,B
CUST_03842,Female,Yes,57,No,Executive,5.0,High,4.0,,Luxury,Medium,Very High,Very High,14.4,283.1,4075.1,6.4,12.3,0,90.1,A
CUST_03843,Male,Yes,45,No,Artist,3.0,Low,2.0,Cat_6,Active,Low,High,High,11.1,131.1,1451.1,13.7,24.0,0,71.9,B
CUST_03844,Female,No,39,Yes,Engineer,2.0,High,2.0,Cat_6,Active,Medium,High,Medium,11.6,117.5,1366.9,7.8,18.6,1,84.7,B
CUST_03845,Female,Yes,43,No,Doctor,6.0,High,3.0,Cat_6,Casual,Low,High,High,24.1,267.4,6442.8,7.5,14.3,1,82.2,A
CUST_03846,Male,Yes,26,No,Homemaker,0.0,Low,4.0,Cat_1,Casual,Very High,Low,Medium,10.8,115.4,1245.5,15.9,45.1,1,37.1,C
CUST_03847,Male,No,72,Yes,Artist,0.0,Low,3.0,Cat_6,Casual,Very High,Very Low,Very Low,0.5,88.8,44.4,34.3,17.1,0,23.1,D
CUST_03848,Female,No,37,No,Healthcare,,High,3.0,Cat_6,Casual,Medium,High,High,12.1,146.9,1773.8,17.1,34.2,1,74.1,B
CUST_03849,Female,No,26,No,Healthcare,1.0,Low,3.0,Cat_7,Casual,High,Medium,Medium,9.3,106.0,989.6,16.0,40.9,1,63.4,C
CUST_03850,Male,No,49,Yes,Doctor,3.0,High,1.0,,Luxury,Low,Very High,High,12.6,309.7,3889.0,2.0,18.2,0,100.0,A
CUST_03851,Male,Yes,24,Yes,Engineer,4.0,High,5.0,Cat_6,Active,Medium,Medium,High,8.2,194.5,1596.5,10.7,23.4,0,64.2,B
CUST_03852,Male,Yes,57,Yes,Executive,7.0,Average,1.0,Cat_6,Luxury,Low,High,High,16.6,236.5,3933.2,9.4,18.7,1,86.9,A
CUST_03853,Male,No,28,No,Artist,,Average,4.0,Cat_7,Eco-conscious,Very High,Low,Medium,7.8,66.1,515.3,23.9,51.0,0,55.5,C
CUST_03854,Male,Yes,49,Yes,Lawyer,0.0,Low,2.0,Cat_4,Budget,High,Low,Low,3.7,87.0,323.2,8.7,9.3,0,34.0,D
CUST_03855,Female,No,20,No,Artist,0.0,Low,1.0,Cat_6,Budget,High,Low,Low,12.2,98.1,1194.3,8.8,52.3,0,81.5,C
CUST_03856,Male,Yes,50,Yes,Executive,5.0,Average,2.0,Cat_4,Luxury,Low,Very High,Very High,16.1,245.1,3951.1,6.9,18.8,0,,A
CUST_03857,Female,Yes,46,No,Engineer,5.0,High,5.0,Cat_6,Active,Medium,High,High,10.9,170.8,1861.6,13.6,16.9,0,61.2,B
CUST_03858,Female,Yes,48,Yes,Artist,2.0,High,3.0,Cat_5,Casual,High,Medium,High,11.7,134.2,1576.1,9.0,26.5,1,63.8,B
CUST_03859,Male,Yes,43,No,Engineer,3.0,High,,Cat_3,Luxury,Medium,High,Medium,14.5,98.7,1434.6,12.8,34.5,0,64.6,B
CUST_03860,Male,Yes,19,No,Artist,1.0,Low,2.0,Cat_6,Casual,High,Low,Medium,9.2,79.1,731.1,19.9,52.6,0,59.3,C
CUST_03861,Male,No,23,Yes,Marketing,2.0,Low,2.0,Cat_1,Casual,Very High,Low,Low,9.1,73.1,664.5,20.7,51.9,0,57.5,C
CUST_03862,Female,No,27,No,Artist,1.0,Low,2.0,Cat_6,Budget,Very High,Medium,Low,8.1,65.0,528.7,2.0,51.8,1,61.5,C
CUST_03863,Male,No,47,Yes,Entertainment,4.0,High,4.0,Cat_6,Active,Low,High,High,9.5,179.7,1705.1,12.6,28.1,1,81.7,B
CUST_03864,Female,No,33,Yes,Executive,8.0,Average,3.0,Cat_2,Casual,Low,Very High,Very High,17.7,272.9,4834.8,8.0,15.6,0,88.3,A
CUST_03865,Male,Yes,56,Yes,Executive,9.0,High,1.0,Cat_6,Active,Low,High,Medium,13.9,258.9,3606.0,1.5,13.7,1,83.9,A
CUST_03866,Male,Yes,34,Yes,Engineer,3.0,Average,4.0,Cat_6,Active,Low,High,High,10.4,192.4,1993.8,14.4,20.5,1,67.7,B
CUST_03867,Male,No,42,Yes,Healthcare,7.0,High,2.0,Cat_3,,Low,Medium,High,12.1,107.7,1305.8,7.3,25.5,1,58.4,B
CUST_03868,Female,No,29,No,Artist,5.0,Low,4.0,Cat_1,Budget,Very High,Low,Medium,6.4,103.0,663.6,21.9,37.2,1,52.9,C
CUST_03869,Female,No,27,No,Artist,1.0,Low,2.0,Cat_6,Casual,High,Low,Medium,9.5,107.3,1022.8,27.5,38.2,0,45.1,C
CUST_03870,Male,Yes,60,Yes,Engineer,1.0,High,1.0,Cat_6,Active,Low,Very High,Very High,18.5,283.8,5241.2,4.2,13.9,1,88.2,A
CUST_03871,Female,Yes,46,Yes,Engineer,2.0,High,2.0,Cat_3,Active,Medium,High,High,13.1,184.9,2426.6,15.0,28.8,0,53.6,B
CUST_03872,Male,Yes,47,Yes,Executive,14.0,High,2.0,Cat_6,Luxury,Low,Very High,Medium,17.2,351.2,6050.0,7.5,19.9,1,93.9,A
CUST_03873,Female,No,37,Yes,Executive,8.0,Average,4.0,Cat_6,Luxury,Low,Very High,Very High,13.9,312.4,4357.7,2.7,13.8,0,84.6,A
CUST_03874,Female,Yes,34,No,Homemaker,2.0,Low,4.0,Cat_6,Budget,High,Medium,Low,9.5,88.4,837.3,14.0,48.6,0,68.3,C
CUST_03875,Male,Yes,38,Yes,Executive,4.0,Average,3.0,Cat_2,Luxury,Low,High,High,17.4,257.9,4491.2,8.8,18.9,1,74.3,A
CUST_03876,Male,Yes,40,Yes,Engineer,7.0,Average,1.0,,Casual,High,Medium,High,14.2,185.1,2625.1,16.9,25.5,1,69.9,B
CUST_03877,Male,Yes,49,Yes,Engineer,6.0,Average,3.0,Cat_6,Casual,Low,Very High,Medium,18.4,243.2,4484.6,5.0,8.9,1,95.4,A
CUST_03878,Female,No,39,No,Healthcare,0.0,Low,1.0,Cat_6,Budget,High,Low,Low,3.6,91.5,325.4,33.9,8.0,0,10.9,D
CUST_03879,Female,Yes,34,Yes,Artist,2.0,Average,2.0,Cat_3,Active,High,Medium,High,13.3,115.8,1535.8,16.8,27.8,0,63.1,B
CUST_03880,Female,Yes,57,Yes,Executive,11.0,High,2.0,Cat_6,Active,Low,Very High,Very High,17.0,249.0,4238.8,6.3,10.4,1,94.3,A
CUST_03881,Male,Yes,37,Yes,Healthcare,6.0,Average,2.0,Cat_6,Luxury,Medium,High,Medium,10.5,174.5,1824.4,12.9,28.5,0,76.8,B
CUST_03882,Male,Yes,31,Yes,Artist,0.0,Low,2.0,Cat_7,Eco-conscious,High,Medium,Medium,9.5,70.3,665.1,24.2,36.8,0,46.4,C
CUST_03883,Female,Yes,58,Yes,Healthcare,2.0,Average,1.0,Cat_6,Budget,High,Low,Low,2.0,62.6,124.9,32.9,5.6,0,36.8,D
CUST_03884,Male,Yes,37,Yes,Artist,,High,3.0,Cat_6,,Low,Very High,Very High,13.9,336.2,4668.3,5.9,18.0,0,91.0,A
CUST_03885,Male,No,54,No,Healthcare,2.0,Low,1.0,Cat_6,Budget,Very High,Low,Low,3.1,65.5,201.8,42.6,18.3,0,41.2,D
CUST_03886,Female,Yes,30,No,Lawyer,4.0,Low,1.0,Cat_5,Budget,High,Low,Low,4.7,55.1,260.1,30.3,13.1,1,37.6,D
CUST_03887,Female,No,38,No,Healthcare,4.0,Low,1.0,Cat_6,Casual,High,Very Low,Very Low,5.2,69.8,361.5,59.7,12.0,0,20.0,D
CUST_03888,Female,No,29,No,Homemaker,0.0,Low,,Cat_7,Casual,Very High,Low,Medium,6.6,74.6,489.8,17.5,47.1,1,34.5,C
CUST_03889,Male,Yes,32,Yes,Homemaker,1.0,Low,4.0,Cat_7,Budget,High,Low,High,5.5,85.5,467.8,17.3,42.1,1,58.2,C
CUST_03890,Male,Yes,49,Yes,Healthcare,2.0,High,4.0,Cat_6,Active,Low,High,High,12.0,198.8,2377.9,11.2,24.9,0,59.0,B
CUST_03891,Male,Yes,23,No,Healthcare,4.0,Low,4.0,Cat_6,Casual,Very High,Low,Low,5.5,94.1,522.0,18.3,35.1,0,42.1,C
CUST_03892,Female,Yes,28,No,Artist,5.0,Average,2.0,Cat_6,Active,Low,Medium,Medium,14.4,137.3,1976.3,17.2,37.3,1,,B
CUST_03893,Female,Yes,24,Yes,Artist,1.0,Low,3.0,Cat_6,,High,Medium,Low,5.6,71.8,399.9,10.8,63.6,0,55.1,C
CUST_03894,Male,Yes,42,No,Artist,0.0,Low,4.0,Cat_5,Casual,Medium,High,High,10.2,215.6,2189.8,11.7,25.1,0,62.0,B
CUST_03895,Male,Yes,45,No,Marketing,0.0,Low,4.0,Cat_1,Casual,Very High,Medium,Medium,8.9,130.4,1159.6,7.0,39.5,1,48.3,C
CUST_03896,Female,Yes,40,No,Healthcare,3.0,Low,3.0,,Budget,Very High,Medium,Medium,8.8,90.6,796.1,20.1,36.9,0,53.1,C
CUST_03897,Male,No,56,Yes,Doctor,11.0,High,2.0,Cat_6,Active,Low,Very High,Very High,15.3,287.6,4389.1,7.9,17.2,1,98.2,A
CUST_03898,Male,Yes,19,No,Healthcare,0.0,Low,2.0,Cat_1,Budget,High,Low,Medium,9.7,68.5,666.6,24.2,64.2,0,42.3,C
CUST_03899,Female,Yes,35,Yes,Engineer,3.0,Average,2.0,Cat_5,Casual,Medium,Medium,High,7.8,219.8,1707.2,8.4,34.9,1,50.4,B
CUST_03900,Female,No,26,No,Artist,0.0,Low,3.0,Cat_7,Budget,High,Medium,Medium,7.6,84.4,639.8,15.6,45.0,0,65.3,C
CUST_03901,Female,No,50,Yes,Healthcare,7.0,Low,5.0,Cat_3,Active,Medium,Medium,High,7.3,218.6,1593.5,18.5,25.5,0,71.2,B
CUST_03902,Male,Yes,31,Yes,Engineer,1.0,High,2.0,Cat_3,Active,Medium,Medium,Medium,14.4,110.8,1600.1,17.8,21.1,0,56.1,B
CUST_03903,Male,No,40,Yes,Lawyer,,Average,1.0,Cat_5,Budget,High,Low,Low,3.1,77.9,243.7,47.3,19.1,0,31.3,D
CUST_03904,Male,Yes,57,No,Executive,9.0,High,1.0,Cat_6,Active,Low,Very High,High,17.3,258.0,4469.3,4.9,15.2,1,85.7,A
CUST_03905,Male,Yes,39,No,Artist,1.0,Low,5.0,Cat_1,Casual,Very High,Low,Medium,3.8,97.7,366.6,17.4,48.1,0,33.5,C
CUST_03906,Female,Yes,34,No,Engineer,6.0,High,2.0,Cat_6,Active,High,High,High,12.7,183.1,2317.2,15.3,35.3,0,68.6,B
CUST_03907,Female,Yes,34,No,Engineer,2.0,Average,1.0,Cat_5,Luxury,High,High,High,11.6,214.5,2497.3,13.6,20.6,1,64.0,B
CUST_03908,Male,Yes,51,Yes,Artist,2.0,High,3.0,Cat_6,Active,Medium,High,High,10.3,172.8,1787.6,10.0,29.9,1,77.8,B
CUST_03909,Female,No,30,Yes,Engineer,0.0,Average,2.0,Cat_6,,Low,Medium,High,14.2,177.4,2526.6,13.6,29.1,1,69.8,B
CUST_03910,Male,Yes,25,No,Engineer,10.0,High,4.0,Cat_6,Active,High,High,Medium,10.5,224.5,2363.0,6.5,22.9,0,72.4,B
CUST_03911,Female,No,57,Yes,Executive,5.0,High,2.0,Cat_4,Luxury,Medium,Very High,High,18.4,400.0,7342.9,9.6,16.9,1,75.2,A
CUST_03912,Male,Yes,38,No,Artist,0.0,Average,3.0,Cat_6,Casual,Medium,High,High,8.1,196.8,1596.1,11.1,38.1,1,77.1,B
CUST_03913,Male,Yes,52,Yes,Executive,9.0,Average,2.0,Cat_6,Luxury,Low,Very High,High,19.7,320.4,6303.8,6.3,12.4,1,73.3,A
CUST_03914,Female,No,29,No,Artist,0.0,Low,2.0,Cat_6,Casual,High,Very Low,Very Low,2.1,34.3,70.6,17.8,6.4,0,28.5,D
CUST_03915,Female,No,41,Yes,Healthcare,1.0,Low,1.0,Cat_5,Budget,High,Low,Very Low,3.8,59.5,224.5,25.8,18.6,0,26.0,D
CUST_03916,Male,Yes,24,Yes,Healthcare,,Average,2.0,Cat_3,Casual,Medium,High,Medium,11.6,155.5,1796.6,17.2,37.2,1,69.1,B
CUST_03917,Male,No,33,Yes,Artist,2.0,Low,4.0,Cat_7,Casual,High,Low,Low,7.4,49.5,368.8,20.5,50.6,0,54.3,C
CUST_03918,Male,No,32,No,Artist,0.0,Average,2.0,Cat_6,Casual,Medium,High,High,12.0,204.7,2449.6,15.0,22.9,1,54.5,B
CUST_03919,Male,Yes,19,Yes,Homemaker,0.0,Low,4.0,Cat_6,Casual,Very High,Low,Medium,10.6,72.5,771.3,22.0,39.9,0,53.0,C
CUST_03920,Female,No,29,Yes,Healthcare,3.0,Low,3.0,Cat_7,Budget,High,Low,Medium,7.7,119.1,921.0,14.6,34.8,1,36.3,C
CUST_03921,Female,No,38,No,Healthcare,0.0,Low,4.0,Cat_4,Budget,Very High,Very Low,Very Low,0.9,78.8,72.1,35.6,7.1,0,51.4,D
CUST_03922,Female,Yes,24,Yes,Entertainment,7.0,High,3.0,Cat_3,Casual,Medium,High,Medium,14.8,174.2,2582.0,11.6,39.4,1,,B
CUST_03923,Male,Yes,33,Yes,Healthcare,0.0,Low,5.0,Cat_7,Casual,Very High,Medium,Low,7.7,66.0,510.5,22.4,51.9,1,67.7,C
CUST_03924,Male,No,58,Yes,Artist,1.0,Average,2.0,Cat_6,Luxury,Medium,High,High,13.4,184.5,2471.5,15.9,23.3,0,67.0,B
CUST_03925,Female,Yes,61,Yes,Lawyer,2.0,Low,1.0,Cat_4,Budget,High,Low,Low,0.5,87.8,43.9,37.0,2.4,0,41.2,D
CUST_03926,Female,Yes,31,Yes,Lawyer,9.0,High,3.0,Cat_6,,Low,High,Very High,13.5,213.6,2879.9,9.6,13.3,1,91.9,A
CUST_03927,Female,Yes,31,No,Healthcare,4.0,Low,4.0,Cat_6,Casual,Very High,Low,Low,8.4,97.1,818.2,10.3,38.5,0,51.3,C
CUST_03928,Female,No,40,Yes,Homemaker,2.0,Average,4.0,Cat_6,Budget,Very High,Low,Low,11.3,86.3,977.0,7.2,40.2,1,53.2,C
CUST_03929,Male,Yes,29,No,Artist,0.0,Average,7.0,Cat_6,Casual,High,Low,Medium,6.6,81.8,544.1,9.5,39.8,1,60.4,C
CUST_03930,Male,No,46,Yes,Artist,4.0,Average,2.0,Cat_6,Luxury,Medium,High,Medium,16.0,192.7,3091.4,8.7,8.8,1,88.0,A
CUST_03931,Female,Yes,53,No,Healthcare,1.0,Low,1.0,Cat_6,Casual,High,Low,Low,2.1,32.0,68.8,34.3,16.2,0,42.0,D
CUST_03932,Female,No,36,Yes,Engineer,3.0,High,3.0,Cat_4,Active,Low,Very High,Very High,9.7,331.4,3220.9,5.6,16.9,1,85.8,A
CUST_03933,Female,Yes,34,No,Artist,0.0,Low,5.0,,Eco-conscious,High,Medium,Medium,11.7,131.1,1533.9,16.0,44.2,0,40.6,C
CUST_03934,Male,Yes,45,Yes,Executive,10.0,High,1.0,Cat_6,Luxury,Medium,Very High,Very High,14.6,295.7,4331.9,5.9,15.2,0,87.7,A
CUST_03935,Female,Yes,24,No,Entertainment,0.0,High,4.0,Cat_6,Casual,Medium,High,Medium,12.8,134.0,1719.0,13.3,27.4,0,70.6,B
CUST_03936,Male,Yes,32,No,Healthcare,2.0,High,3.0,Cat_3,Casual,Low,Medium,High,7.8,193.3,1510.0,19.3,22.2,1,74.4,B
CUST_03937,Female,Yes,36,Yes,Engineer,3.0,Low,3.0,Cat_6,Casual,Medium,Medium,Medium,15.6,175.2,2737.8,14.1,29.2,0,75.5,B
CUST_03938,Male,Yes,54,Yes,Artist,11.0,Average,,Cat_2,Luxury,Low,Very High,Medium,16.4,380.2,6231.9,3.3,14.5,1,84.6,A
CUST_03939,Male,No,42,No,Executive,6.0,High,2.0,Cat_6,Active,Low,Very High,Very High,20.1,305.3,6134.4,6.0,3.3,1,94.3,A
CUST_03940,Male,Yes,44,Yes,Entertainment,1.0,Average,2.0,Cat_5,Active,Low,High,High,10.0,140.5,1400.4,4.0,34.8,1,84.8,B
CUST_03941,Male,Yes,25,Yes,Marketing,0.0,Low,7.0,Cat_6,Budget,High,Medium,Medium,9.5,86.6,819.2,15.7,49.2,0,49.9,C
CUST_03942,Female,No,41,No,Lawyer,2.0,Low,1.0,Cat_6,Casual,High,Low,Low,1.5,40.1,61.4,32.8,1.0,0,34.8,D
CUST_03943,Female,Yes,58,No,Executive,10.0,High,2.0,Cat_6,Casual,Low,Very High,High,17.4,290.5,5042.1,5.8,24.3,1,92.2,A
CUST_03944,Female,Yes,39,Yes,Engineer,4.0,High,4.0,Cat_6,Casual,Low,Medium,Medium,13.7,137.7,1880.2,14.2,27.4,1,66.6,B
CUST_03945,Male,Yes,54,No,Executive,6.0,Average,4.0,Cat_6,Casual,Low,Very High,High,15.3,233.6,3569.1,6.3,24.6,1,84.9,A
CUST_03946,Female,No,40,Yes,Doctor,7.0,Average,3.0,Cat_6,Luxury,Low,Very High,High,11.7,276.8,3246.8,8.1,19.8,1,100.0,A
CUST_03947,Male,No,35,No,Artist,2.0,Low,3.0,Cat_7,Casual,Very High,Low,Medium,7.4,134.9,994.2,18.2,38.8,0,67.2,C
CUST_03948,Male,No,43,Yes,Healthcare,3.0,Average,2.0,Cat_1,Budget,High,Medium,Low,7.3,97.9,710.7,19.2,49.1,1,54.1,C
CUST_03949,Male,No,60,No,Executive,7.0,Average,3.0,Cat_6,Luxury,Low,Very High,Medium,18.2,259.9,4718.7,6.3,13.5,0,89.0,A
CUST_03950,Male,No,48,Yes,Engineer,5.0,High,1.0,Cat_6,Luxury,Medium,High,High,19.5,280.8,5460.8,5.3,10.0,1,88.0,A
CUST_03951,Female,No,53,Yes,Engineer,10.0,High,1.0,Cat_6,Luxury,Low,High,Very High,19.8,285.8,5673.0,5.9,20.9,1,84.7,A
CUST_03952,Male,Yes,22,No,Healthcare,4.0,Low,2.0,Cat_6,Budget,Very High,Medium,Low,8.6,67.0,579.4,16.9,39.7,0,56.9,C
CUST_03953,Female,Yes,56,Yes,Lawyer,0.0,Low,1.0,Cat_5,Casual,High,Low,Low,1.6,55.3,90.0,33.0,19.2,0,33.1,D
CUST_03954,Female,No,57,Yes,Executive,2.0,Average,2.0,Cat_6,Luxury,Medium,High,Very High,14.0,293.4,4118.6,4.5,16.3,1,80.0,A
CUST_03955,Male,No,46,Yes,Doctor,6.0,High,1.0,Cat_6,Active,Low,High,High,22.0,288.4,6349.2,6.6,5.7,0,69.9,A
CUST_03956,Male,No,41,No,Healthcare,0.0,Low,1.0,Cat_6,Budget,High,Low,Low,5.0,30.9,155.0,32.5,7.2,0,13.7,D
CUST_03957,Male,Yes,37,No,Artist,0.0,Low,2.0,Cat_4,Budget,Very High,Low,Very Low,4.8,36.3,174.5,35.9,9.7,0,32.5,D
CUST_03958,Female,Yes,48,Yes,Artist,7.0,Average,1.0,Cat_5,Casual,Medium,High,High,11.0,73.6,812.1,12.9,18.8,1,69.3,B
CUST_03959,Male,Yes,35,Yes,Executive,5.0,High,2.0,Cat_6,Active,Low,Very High,Very High,13.1,287.4,3762.7,6.7,16.2,0,77.5,A
CUST_03960,Female,Yes,49,No,Doctor,7.0,Average,1.0,Cat_6,Luxury,Low,Very High,Very High,19.7,271.4,5347.4,4.7,19.7,1,100.0,A
CUST_03961,Male,Yes,37,No,Engineer,3.0,Average,2.0,Cat_6,Active,Medium,High,High,12.9,159.7,2053.8,20.2,31.5,0,72.3,B
CUST_03962,Male,No,37,Yes,Artist,8.0,High,4.0,,Active,High,High,Medium,9.4,196.9,1860.2,14.1,19.8,0,68.1,B
CUST_03963,Female,Yes,59,Yes,Lawyer,5.0,High,3.0,Cat_6,Luxury,Low,Very High,High,15.1,272.4,4100.7,10.3,15.0,1,95.4,A
CUST_03964,Male,Yes,37,Yes,Artist,6.0,Average,3.0,Cat_3,Active,Medium,Medium,High,8.9,107.0,947.9,15.4,23.0,1,71.7,B
CUST_03965,Female,Yes,41,Yes,Artist,10.0,High,2.0,Cat_2,Luxury,Medium,Very High,Very High,9.8,239.1,2351.1,6.6,12.0,1,86.4,A
CUST_03966,Male,No,18,Yes,Healthcare,4.0,Low,5.0,Cat_1,Eco-conscious,High,Medium,Low,8.5,114.6,969.8,28.4,50.9,0,41.8,C
CUST_03967,Male,Yes,39,Yes,Engineer,3.0,Low,2.0,Cat_3,Active,Low,High,Medium,11.0,175.5,1937.6,13.2,28.7,0,64.6,B
CUST_03968,Female,Yes,30,Yes,Executive,5.0,Average,1.0,Cat_6,Casual,Low,Very High,Very High,16.3,242.8,3950.9,4.3,10.4,1,82.1,A
CUST_03969,Female,Yes,43,Yes,Entertainment,1.0,Average,3.0,,Active,Medium,Medium,High,15.2,114.2,1730.9,13.0,15.4,1,71.3,B
CUST_03970,Female,Yes,35,Yes,Engineer,5.0,Average,5.0,Cat_5,Luxury,Medium,High,Medium,10.1,238.2,2395.9,12.9,36.8,0,55.6,B
CUST_03971,Female,Yes,45,No,Lawyer,0.0,Low,,Cat_6,Casual,Very High,Low,Low,2.7,60.8,162.5,47.4,3.0,0,47.1,D
CUST_03972,Female,Yes,37,Yes,Engineer,4.0,Average,4.0,Cat_6,Active,Low,High,Medium,2.7,160.3,428.1,9.1,24.7,1,69.4,B
CUST_03973,Female,Yes,26,No,Entertainment,7.0,Average,1.0,Cat_5,Active,High,High,High,15.6,124.4,1943.0,10.1,33.3,0,70.8,B
CUST_03974,Female,No,33,No,Artist,1.0,Average,3.0,Cat_1,Eco-conscious,Very High,Low,Medium,9.2,63.0,580.1,14.2,45.1,1,67.3,C
CUST_03975,Male,Yes,33,Yes,Engineer,7.0,Average,,Cat_6,Casual,Low,High,Medium,13.6,167.3,2281.1,20.2,29.2,1,58.9,B
CUST_03976,Male,No,70,No,Homemaker,3.0,Low,2.0,Cat_4,Budget,Very High,Very Low,Low,3.5,55.2,194.5,27.6,13.8,1,15.7,D
CUST_03977,Female,Yes,43,Yes,Healthcare,3.0,Average,5.0,Cat_6,Casual,Medium,Medium,High,9.7,172.9,1679.4,12.6,16.1,1,58.3,B
CUST_03978,Female,Yes,35,No,Entertainment,6.0,Average,4.0,Cat_3,Casual,Medium,High,Medium,11.6,180.6,2100.7,13.0,26.5,1,82.3,B
CUST_03979,Male,Yes,46,No,Executive,3.0,High,1.0,Cat_4,Luxury,Low,High,Very High,12.2,282.6,3434.5,9.4,11.5,0,87.2,A
CUST_03980,Male,Yes,38,Yes,Engineer,6.0,High,2.0,Cat_3,Active,Low,Medium,High,16.7,191.4,3205.5,10.0,21.2,1,71.9,B
CUST_03981,Male,Yes,41,Yes,Artist,1.0,Low,4.0,Cat_1,Eco-conscious,Very High,Low,Medium,8.1,66.7,541.1,10.6,53.6,0,73.9,C
CUST_03982,Male,No,23,Yes,Artist,0.0,Low,3.0,Cat_6,Eco-conscious,Very High,Medium,Medium,6.4,80.4,514.8,14.1,45.0,0,48.5,C
CUST_03983,Female,Yes,22,Yes,Executive,8.0,Average,2.0,Cat_4,Luxury,Low,High,Very High,11.4,415.5,4753.3,5.8,17.8,1,81.2,A
CUST_03984,Male,Yes,57,Yes,Lawyer,9.0,Average,2.0,Cat_6,Active,Low,Very High,High,16.8,336.8,5655.6,1.0,17.7,1,100.0,A
CUST_03985,Male,Yes,31,No,Homemaker,0.0,Average,5.0,Cat_6,Casual,High,Low,Low,6.6,82.6,541.8,25.9,44.3,1,47.4,C
CUST_03986,Male,No,54,No,Healthcare,4.0,Low,1.0,Cat_4,Budget,Very High,Low,Very Low,0.5,43.4,21.7,29.9,10.6,0,24.0,D
CUST_03987,Male,Yes,63,Yes,Lawyer,5.0,High,2.0,Cat_4,Luxury,Medium,High,High,15.3,388.3,5936.8,6.3,6.2,0,89.0,A
CUST_03988,Female,Yes,51,Yes,Engineer,4.0,Average,3.0,Cat_5,Casual,Medium,High,Medium,12.9,137.9,1774.3,18.8,19.5,1,59.1,B
CUST_03989,Female,No,24,Yes,Healthcare,8.0,Average,4.0,Cat_3,Active,High,High,Medium,7.0,121.8,848.5,16.5,21.1,0,71.6,B
CUST_03990,Male,No,19,No,Lawyer,0.0,Low,3.0,Cat_6,Casual,Very High,Low,Low,4.1,40.5,166.8,32.2,14.8,0,28.3,D
CUST_03991,Male,Yes,40,Yes,Doctor,8.0,High,2.0,Cat_4,Luxury,Medium,High,High,21.6,304.9,6576.2,5.1,12.8,0,80.4,A
CUST_03992,Male,No,33,Yes,Executive,6.0,Average,2.0,Cat_4,Casual,Low,Very High,High,21.0,318.1,6668.5,1.0,22.2,1,94.7,A
CUST_03993,Male,No,25,No,Artist,1.0,Low,3.0,Cat_7,Casual,High,Medium,Low,4.3,102.4,439.1,17.3,47.7,1,37.9,C
CUST_03994,Male,Yes,48,Yes,Doctor,7.0,Average,1.0,Cat_6,Active,Low,Very High,High,14.6,309.7,4536.7,9.0,18.1,0,83.7,A
CUST_03995,Male,No,42,Yes,Engineer,3.0,Average,2.0,Cat_6,Casual,Medium,Medium,High,11.1,160.4,1781.1,10.6,30.5,1,67.9,B
CUST_03996,Male,Yes,24,Yes,Entertainment,3.0,High,3.0,Cat_3,Active,Medium,High,High,5.9,196.5,1157.1,6.3,34.2,1,78.4,B
CUST_03997,Female,No,54,No,Healthcare,7.0,High,2.0,Cat_6,Casual,Medium,High,High,12.7,116.5,1484.9,12.1,20.0,1,78.6,B
CUST_03998,Female,Yes,46,Yes,Engineer,0.0,Average,2.0,Cat_6,Active,Low,Medium,Medium,9.8,130.0,1276.6,9.8,26.1,0,81.1,B
CUST_03999,Female,Yes,37,Yes,Healthcare,6.0,High,2.0,Cat_5,Casual,Medium,Medium,High,12.1,130.7,1585.5,14.3,26.2,1,65.1,B
CUST_04000,Female,Yes,37,No,Lawyer,8.0,High,1.0,Cat_2,Casual,Low,High,Very High,6.7,195.5,1303.2,7.4,22.9,1,77.1,A
CUST_04001,Male,No,37,No,Healthcare,3.0,High,4.0,Cat_3,Casual,Low,High,High,8.2,197.9,1613.7,8.3,26.0,1,56.2,B
CUST_04002,Female,Yes,40,No,Healthcare,5.0,Low,2.0,Cat_1,Eco-conscious,High,Low,Medium,7.9,90.7,718.9,26.1,39.0,0,48.6,C
CUST_04003,Male,Yes,24,No,Homemaker,4.0,Low,3.0,Cat_1,Budget,Very High,Low,Low,7.8,81.4,632.4,27.2,52.4,0,48.4,C
CUST_04004,Female,Yes,53,Yes,Engineer,6.0,High,3.0,Cat_6,Luxury,Low,Very High,Very High,18.2,287.1,5215.4,6.7,23.9,0,95.1,A
CUST_04005,Male,Yes,37,Yes,Doctor,9.0,Average,2.0,Cat_6,Luxury,Low,High,High,12.0,231.7,2785.9,6.2,19.2,0,96.2,A
CUST_04006,Male,Yes,41,Yes,Entertainment,4.0,High,2.0,Cat_5,,Low,High,High,11.8,213.3,2523.3,11.3,27.8,1,72.1,B
CUST_04007,Female,Yes,50,Yes,Healthcare,1.0,High,3.0,Cat_6,Active,Medium,High,High,18.7,154.9,2900.3,11.1,12.8,1,73.3,B
CUST_04008,Female,No,38,Yes,Artist,5.0,Low,,Cat_6,Luxury,Medium,High,Medium,8.3,195.2,1612.5,12.7,25.8,1,,B
CUST_04009,Female,No,39,Yes,Healthcare,0.0,Low,5.0,Cat_7,Budget,High,Low,Low,8.1,57.1,459.9,20.2,48.8,0,,C
CUST_04010,Male,No,51,Yes,Executive,8.0,High,2.0,Cat_6,Luxury,Medium,High,Very High,13.7,276.1,3781.1,6.3,15.1,1,90.8,A
CUST_04011,Male,Yes,71,Yes,Executive,8.0,High,2.0,,Active,Low,High,Very High,14.6,374.3,5468.8,4.1,6.8,1,94.7,A
CUST_04012,Male,No,24,Yes,Engineer,5.0,Average,3.0,Cat_6,Active,Medium,High,High,11.8,220.2,2608.5,8.0,28.9,1,71.4,B
CUST_04013,Male,No,30,Yes,Artist,0.0,Average,6.0,Cat_7,Budget,Very High,Medium,Medium,5.0,60.6,301.6,21.2,46.6,1,41.7,C
CUST_04014,Female,Yes,55,Yes,Engineer,9.0,Average,1.0,Cat_6,,Medium,Very High,Very High,17.1,263.3,4499.5,6.0,15.3,1,84.0,A
CUST_04015,Female,Yes,29,Yes,Marketing,1.0,Low,4.0,Cat_7,Budget,Very High,Low,Medium,10.4,63.6,660.1,19.8,47.5,1,52.3,C
CUST_04016,Female,Yes,42,No,Entertainment,3.0,Low,2.0,Cat_5,Active,Medium,High,High,12.6,163.9,2065.0,11.0,22.5,1,89.5,B
CUST_04017,Female,No,46,No,Lawyer,2.0,Low,1.0,Cat_5,,Very High,Low,Very Low,4.3,55.5,238.7,30.7,26.0,0,34.7,D
CUST_04018,Male,No,41,No,Homemaker,3.0,Low,2.0,Cat_4,Budget,Very High,Low,Very Low,2.4,78.7,185.7,13.5,15.3,0,28.6,D
CUST_04019,Female,Yes,41,Yes,Artist,3.0,High,3.0,Cat_6,Active,Low,High,High,12.4,180.0,2234.7,14.2,32.3,1,,B
CUST_04020,Female,Yes,56,No,Executive,3.0,High,2.0,Cat_4,Casual,Low,Very High,Very High,16.1,266.5,4293.8,7.3,4.8,1,91.0,A
CUST_04021,Male,Yes,24,No,Artist,1.0,Average,4.0,Cat_6,Active,Medium,Medium,High,7.8,192.1,1492.3,11.1,9.7,1,55.0,B
CUST_04022,Female,Yes,43,Yes,Executive,5.0,High,1.0,Cat_6,Luxury,Low,High,Very High,12.2,242.2,2946.6,8.6,20.7,1,73.2,A
CUST_04023,Male,No,26,No,Homemaker,3.0,Low,3.0,Cat_6,Casual,Very High,Medium,Medium,8.3,78.7,654.2,8.5,74.0,0,65.1,C
CUST_04024,Male,No,34,Yes,Marketing,0.0,Average,6.0,Cat_1,Budget,Very High,Low,High,8.8,75.6,662.8,17.6,57.1,0,36.0,C
CUST_04025,Female,No,29,No,Artist,1.0,Low,2.0,Cat_1,Eco-conscious,Very High,Low,Medium,7.7,90.3,691.3,17.8,42.0,1,63.3,C
CUST_04026,Male,Yes,26,No,Artist,1.0,Low,3.0,Cat_7,Casual,Very High,Low,Low,8.8,122.9,1086.8,27.1,36.3,0,41.0,C
CUST_04027,Female,Yes,37,Yes,Engineer,7.0,Average,3.0,Cat_6,Active,Medium,High,High,11.1,168.1,1860.2,12.7,28.0,1,73.0,B
CUST_04028,Female,No,59,Yes,Executive,1.0,High,4.0,Cat_6,Luxury,Low,High,Very High,18.1,271.7,4908.1,3.3,15.8,1,92.0,A
CUST_04029,Male,No,24,Yes,Healthcare,2.0,Average,,Cat_6,Casual,Very High,Low,Medium,7.4,63.5,470.6,7.0,42.8,1,58.2,C
CUST_04030,Female,No,50,No,Engineer,4.0,High,3.0,Cat_3,Casual,Low,High,High,14.1,119.7,1690.5,14.5,34.2,1,60.6,B
CUST_04031,Female,Yes,27,Yes,Artist,4.0,Low,5.0,Cat_1,Casual,High,Low,Low,6.1,73.5,448.7,15.6,50.1,0,69.2,C
CUST_04032,Female,Yes,42,Yes,Artist,0.0,Average,4.0,Cat_3,Active,Medium,High,Medium,13.1,162.2,2127.4,13.3,43.8,1,77.7,B
CUST_04033,Male,Yes,40,Yes,Doctor,5.0,High,4.0,Cat_2,Active,Low,Very High,Very High,11.4,296.0,3388.1,3.8,14.1,1,86.6,A
CUST_04034,Male,No,63,No,Lawyer,2.0,Low,1.0,Cat_4,Budget,High,Low,Low,3.5,38.3,132.3,38.9,1.4,1,26.6,D
CUST_04035,Female,Yes,61,Yes,Engineer,6.0,High,2.0,Cat_4,Luxury,Low,High,Very High,17.6,292.2,5128.5,11.4,14.9,1,94.1,A
CUST_04036,Male,Yes,35,No,Healthcare,1.0,Low,1.0,Cat_4,Budget,High,Very Low,Very Low,1.5,39.3,59.4,43.2,0.0,0,14.9,D
CUST_04037,Male,No,60,No,Homemaker,2.0,Average,2.0,Cat_4,Budget,Very High,Low,Low,4.9,38.5,187.2,47.0,18.2,0,12.6,D
CUST_04038,Male,No,30,No,Artist,0.0,Low,5.0,Cat_1,Casual,High,Low,Low,9.8,118.9,1166.2,19.9,49.8,1,60.1,C
CUST_04039,Male,Yes,25,Yes,Homemaker,0.0,Low,3.0,Cat_6,Casual,Very High,Low,Medium,7.8,95.8,745.4,20.3,67.6,0,54.9,C
CUST_04040,Male,Yes,31,Yes,Healthcare,8.0,Low,2.0,Cat_3,Casual,Medium,High,Medium,15.5,145.7,2255.5,7.0,20.9,1,67.7,B
CUST_04041,Female,Yes,57,No,Artist,0.0,Low,2.0,Cat_6,Budget,Very High,Very Low,Low,4.3,48.2,205.3,20.7,10.8,0,37.7,D
CUST_04042,Male,Yes,33,Yes,Entertainment,3.0,High,4.0,Cat_6,Active,Medium,Medium,Medium,9.1,218.2,1994.5,10.9,30.6,1,77.3,B
CUST_04043,Female,Yes,46,No,Artist,8.0,High,1.0,Cat_5,Luxury,Low,High,High,10.8,142.4,1537.1,12.6,26.1,1,67.9,B
CUST_04044,Female,Yes,25,No,Homemaker,0.0,Low,4.0,Cat_7,Eco-conscious,Very High,Low,Low,10.3,105.9,1094.3,34.4,57.7,1,41.1,C
CUST_04045,Male,Yes,30,No,Engineer,5.0,Average,5.0,Cat_6,Casual,Low,High,High,10.6,178.9,1888.1,12.5,21.2,1,77.7,B
CUST_04046,Female,Yes,31,Yes,Healthcare,3.0,Low,4.0,Cat_3,Casual,Low,Medium,High,9.7,201.6,1947.1,14.9,15.6,1,78.7,B
CUST_04047,Male,Yes,30,No,Engineer,6.0,Average,4.0,Cat_6,Casual,High,Medium,Medium,7.4,212.9,1569.7,7.8,35.5,1,65.9,B
CUST_04048,Female,Yes,37,Yes,Entertainment,6.0,Average,3.0,,Luxury,Medium,High,High,12.5,81.3,1013.2,8.1,25.9,1,73.2,B
CUST_04049,Female,No,22,Yes,Homemaker,2.0,Low,4.0,Cat_7,Budget,High,Medium,Medium,8.1,87.6,705.2,21.1,41.8,1,39.5,C
CUST_04050,Male,No,36,Yes,Doctor,5.0,High,5.0,Cat_4,Luxury,Low,High,High,16.5,305.9,5056.3,6.6,20.4,0,71.0,A
CUST_04051,Female,No,70,No,Artist,0.0,Low,1.0,Cat_4,,High,Very Low,Low,1.9,56.0,108.4,35.6,11.1,0,30.3,D
CUST_04052,Female,Yes,36,Yes,Homemaker,1.0,Average,1.0,Cat_1,Budget,High,Low,Low,8.4,50.4,422.2,24.2,48.1,1,,C
CUST_04053,Male,No,20,No,Artist,3.0,Low,5.0,Cat_1,Casual,Very High,Low,Medium,11.7,97.5,1143.3,19.5,40.9,1,47.8,C
CUST_04054,Female,Yes,49,Yes,Engineer,0.0,High,2.0,Cat_3,Active,Medium,High,High,14.8,163.4,2415.0,11.4,21.8,1,95.0,B
CUST_04055,Male,No,43,No,Healthcare,0.0,Low,5.0,Cat_7,Casual,Very High,Low,High,6.7,92.9,621.8,21.1,51.4,1,66.1,C
CUST_04056,Female,Yes,44,Yes,Executive,2.0,Average,2.0,Cat_6,Active,Low,High,Very High,13.6,257.3,3507.3,13.0,10.3,1,86.0,A
CUST_04057,Female,No,47,Yes,Artist,4.0,Low,2.0,Cat_7,Casual,Very High,Medium,High,2.6,103.5,270.4,20.2,47.9,0,55.0,C
CUST_04058,Female,Yes,70,Yes,Executive,2.0,High,1.0,Cat_6,Active,Low,Very High,Very High,15.0,282.1,4224.4,9.5,14.0,1,82.1,A
CUST_04059,Male,No,65,No,Artist,3.0,Low,2.0,Cat_6,Budget,High,Low,Very Low,1.7,62.8,109.6,29.9,13.1,0,30.4,D
CUST_04060,Female,No,62,No,Healthcare,1.0,Low,2.0,Cat_6,Budget,Very High,Low,Low,2.7,41.3,109.7,33.3,17.8,0,16.3,D
CUST_04061,Male,Yes,24,Yes,Entertainment,4.0,Average,2.0,Cat_3,Active,Medium,Medium,High,12.2,156.8,1918.0,9.9,38.1,1,74.0,B
CUST_04062,Male,Yes,48,No,Artist,3.0,High,1.0,Cat_2,Luxury,Low,High,Very High,16.7,326.0,5458.2,7.2,18.6,1,74.1,A
CUST_04063,Male,Yes,19,No,Homemaker,3.0,Average,4.0,Cat_1,Casual,High,Medium,Medium,5.4,92.9,499.1,8.6,59.7,1,58.8,C
CUST_04064,Male,No,63,Yes,Doctor,7.0,High,3.0,Cat_6,Luxury,Low,Very High,Very High,21.9,348.6,7623.7,7.2,3.5,1,78.8,A
CUST_04065,Female,Yes,39,Yes,Healthcare,1.0,Low,2.0,Cat_4,Budget,High,Low,Low,2.6,37.8,98.4,42.4,9.4,0,10.2,D
CUST_04066,Female,Yes,38,Yes,Doctor,9.0,High,1.0,Cat_6,Active,Low,Very High,Very High,14.7,268.8,3946.2,3.9,13.3,1,95.8,A
CUST_04067,Female,Yes,49,Yes,Doctor,7.0,High,3.0,Cat_6,Luxury,Low,Very High,High,20.5,249.4,5120.7,4.4,11.8,0,96.4,A
CUST_04068,Male,No,18,Yes,Healthcare,5.0,Low,,Cat_5,Budget,High,Very Low,Low,1.4,46.2,64.9,45.5,12.3,0,16.9,D
CUST_04069,Male,No,26,No,Marketing,1.0,Low,4.0,Cat_6,Casual,Very High,Low,Medium,9.3,80.8,753.7,28.3,40.6,0,45.5,C
CUST_04070,Male,Yes,29,Yes,Homemaker,3.0,Low,4.0,Cat_7,,High,Medium,Medium,3.1,69.1,211.9,15.9,74.1,1,60.8,C
CUST_04071,Male,Yes,50,Yes,Engineer,3.0,High,3.0,Cat_3,Luxury,Low,High,High,12.8,148.4,1900.7,8.0,38.2,1,80.8,B
CUST_04072,Male,No,37,No,Artist,2.0,Low,3.0,Cat_7,Eco-conscious,High,Low,Medium,6.1,89.0,547.0,18.8,48.3,0,66.4,C
CUST_04073,Female,No,39,Yes,Engineer,4.0,Average,2.0,Cat_5,Casual,Medium,High,Medium,9.2,186.7,1722.2,7.5,23.2,1,64.9,B
CUST_04074,Female,No,25,No,Artist,0.0,Average,3.0,Cat_6,Budget,High,Low,Low,5.0,40.8,203.4,11.4,39.7,0,44.4,C
CUST_04075,Female,No,36,No,Healthcare,0.0,Average,5.0,Cat_1,Eco-conscious,Very High,Low,High,1.7,87.3,145.3,14.8,40.9,0,52.5,C
CUST_04076,Female,Yes,24,No,Healthcare,4.0,Average,2.0,Cat_6,Active,Medium,Medium,Medium,11.8,214.1,2533.4,13.9,15.1,1,85.1,B
CUST_04077,Male,Yes,37,Yes,Entertainment,3.0,Low,2.0,Cat_3,Casual,Low,High,High,13.1,175.6,2295.4,10.4,23.9,1,71.2,B
CUST_04078,Female,Yes,33,No,Engineer,0.0,High,2.0,Cat_6,Active,Medium,High,Medium,10.0,233.9,2329.3,9.8,27.9,0,69.8,B
CUST_04079,Male,No,35,No,Healthcare,1.0,Low,,Cat_7,Budget,High,Low,Medium,8.8,94.0,823.9,34.4,52.4,0,54.1,C
CUST_04080,Male,No,54,Yes,Lawyer,7.0,High,1.0,Cat_6,Active,Low,High,High,14.9,262.2,3900.5,4.7,9.1,1,92.6,A
CUST_04081,Female,No,38,No,Marketing,3.0,Low,2.0,,Budget,Very High,Low,High,6.4,88.4,567.4,14.5,46.4,0,56.9,C
CUST_04082,Male,No,44,Yes,Executive,9.0,High,,Cat_6,Casual,Low,Very High,High,13.8,232.5,3207.7,12.6,14.2,0,,A
CUST_04083,Female,No,34,Yes,Homemaker,0.0,Average,3.0,Cat_6,Eco-conscious,Very High,Low,High,5.7,85.4,485.4,16.7,37.1,1,69.6,C
CUST_04084,Female,Yes,28,No,Marketing,3.0,Low,,Cat_6,Casual,Very High,Medium,Low,7.6,73.6,557.1,16.9,46.0,0,58.3,C
CUST_04085,Male,Yes,40,Yes,Artist,6.0,High,2.0,Cat_6,Luxury,Medium,High,High,16.7,299.8,5001.1,6.3,11.3,1,85.1,A
CUST_04086,Male,No,55,Yes,Engineer,6.0,High,1.0,Cat_6,,Medium,High,Very High,16.2,308.2,4996.3,3.4,9.4,1,92.4,A
CUST_04087,Male,No,34,Yes,Lawyer,5.0,Average,1.0,Cat_6,Luxury,Low,Very High,Medium,15.1,310.3,4690.8,7.6,3.8,1,85.2,A
CUST_04088,Female,No,25,No,Marketing,0.0,Average,2.0,Cat_6,Casual,High,Low,Medium,5.4,73.3,397.1,18.0,42.9,0,54.8,C
CUST_04089,Female,Yes,24,Yes,Marketing,1.0,Average,4.0,Cat_1,Casual,High,Low,Medium,9.7,73.8,717.1,22.4,42.2,1,62.4,C
CUST_04090,Male,No,46,Yes,Executive,9.0,High,3.0,Cat_6,Luxury,Low,High,High,14.2,240.1,3399.6,2.7,19.8,1,87.4,A
CUST_04091,Female,No,44,No,Healthcare,1.0,Low,4.0,Cat_7,Budget,High,Medium,Medium,8.2,131.9,1079.1,25.2,29.1,0,68.3,C
CUST_04092,Female,Yes,49,Yes,Entertainment,,High,3.0,Cat_3,Active,Medium,Medium,High,8.2,186.3,1527.7,11.4,27.9,0,52.7,B
CUST_04093,Female,No,40,No,Artist,6.0,High,1.0,Cat_3,Luxury,Low,High,Medium,12.2,75.2,918.8,18.1,39.0,0,62.8,B
CUST_04094,Male,No,84,No,Healthcare,3.0,Average,3.0,Cat_4,Casual,Very High,Low,Very Low,3.1,63.5,194.5,54.4,0.6,0,33.0,D
CUST_04095,Male,No,24,Yes,Entertainment,5.0,High,1.0,Cat_3,,High,Medium,Medium,10.0,75.2,752.5,12.9,26.8,1,64.6,B
CUST_04096,Male,No,46,Yes,Engineer,1.0,Low,3.0,Cat_3,Active,Medium,High,Medium,9.9,172.1,1704.1,15.8,14.8,0,89.7,B
CUST_04097,Female,No,72,Yes,Artist,8.0,Average,3.0,Cat_6,Active,Medium,High,Very High,20.6,328.3,6752.9,8.3,18.6,0,93.1,A
CUST_04098,Female,Yes,50,Yes,Artist,12.0,High,2.0,Cat_4,Active,Low,Very High,Very High,14.0,191.0,2676.4,6.9,21.2,1,87.9,A
CUST_04099,Male,Yes,35,No,Engineer,6.0,Average,5.0,Cat_3,Casual,Low,High,Medium,12.7,193.5,2451.3,11.9,34.0,1,94.3,B
CUST_04100,Female,Yes,48,Yes,Executive,15.0,High,1.0,Cat_4,Casual,Low,Very High,High,17.5,238.3,4177.5,9.0,19.0,0,,A
CUST_04101,Female,Yes,35,Yes,Homemaker,5.0,Low,4.0,Cat_6,Budget,Very High,Medium,Medium,9.9,95.0,944.2,9.5,62.3,1,68.0,C
CUST_04102,Male,Yes,24,Yes,Entertainment,5.0,Average,3.0,Cat_3,Active,Medium,High,High,9.8,148.7,1452.3,9.6,39.1,1,,B
CUST_04103,Male,No,41,Yes,Artist,4.0,Average,2.0,Cat_6,Luxury,Medium,High,High,13.9,180.6,2510.0,12.6,23.8,0,77.8,B
CUST_04104,Female,No,28,Yes,Lawyer,6.0,High,3.0,Cat_4,Luxury,Medium,Very High,Very High,12.9,301.4,3899.8,2.0,3.7,0,97.9,A
CUST_04105,Male,Yes,49,Yes,Engineer,8.0,High,1.0,Cat_3,Luxury,Medium,Medium,Medium,11.8,175.5,2077.8,11.1,31.6,0,87.7,B
CUST_04106,Male,No,19,No,Homemaker,3.0,Low,3.0,Cat_6,Budget,High,Medium,Medium,5.6,88.9,501.0,14.7,48.4,0,63.6,C
CUST_04107,Female,No,60,Yes,Artist,0.0,Low,1.0,Cat_6,Budget,Very High,Low,Low,1.6,46.5,76.5,18.1,4.2,1,32.5,D
CUST_04108,Female,Yes,25,Yes,Executive,4.0,High,1.0,Cat_6,Active,Low,Very High,Very High,21.1,316.3,6685.2,9.7,16.2,1,77.4,A
CUST_04109,Male,Yes,40,Yes,Homemaker,0.0,Low,1.0,Cat_6,Casual,High,Low,Very Low,4.3,65.3,280.3,34.6,12.4,1,18.5,D
CUST_04110,Male,Yes,32,No,Artist,3.0,High,5.0,Cat_6,Luxury,Medium,Medium,High,15.4,181.7,2790.0,7.8,25.9,1,80.1,B
CUST_04111,Male,No,35,Yes,Artist,3.0,Average,3.0,Cat_6,Luxury,Low,Medium,High,13.8,95.6,1320.8,12.0,12.7,0,76.9,B
CUST_04112,Male,Yes,29,Yes,Artist,3.0,High,3.0,Cat_6,Casual,Medium,Medium,Medium,10.8,184.9,2004.0,11.4,33.1,1,68.9,B
CUST_04113,Male,No,50,Yes,Artist,5.0,Average,,Cat_6,Luxury,Low,Very High,Very High,15.7,260.0,4072.7,3.8,19.7,1,96.5,A
CUST_04114,Male,No,22,Yes,Doctor,6.0,High,1.0,Cat_2,Active,Low,High,High,17.8,310.7,5541.2,7.8,14.7,1,90.8,A
CUST_04115,Male,No,36,Yes,Homemaker,2.0,Low,3.0,Cat_7,Budget,Very High,Low,Low,10.8,49.7,537.9,13.1,42.3,1,60.3,C
CUST_04116,Male,Yes,41,Yes,Artist,0.0,Average,1.0,Cat_6,Active,Medium,High,Medium,8.6,134.7,1162.3,21.8,24.3,1,51.6,B
CUST_04117,Female,No,65,Yes,Homemaker,0.0,Low,2.0,Cat_6,Budget,Very High,Low,Low,3.7,57.5,212.0,23.9,12.2,1,23.5,D
CUST_04118,Female,No,54,Yes,Engineer,5.0,Average,2.0,Cat_6,Active,Medium,High,Medium,10.0,221.9,2208.9,8.7,27.2,1,81.7,B
CUST_04119,Female,Yes,42,Yes,Engineer,4.0,High,2.0,Cat_4,Active,Low,Very High,Medium,19.8,269.4,5338.3,6.5,17.9,1,84.9,A
CUST_04120,Female,Yes,27,No,Homemaker,2.0,Low,,Cat_6,Eco-conscious,High,Low,Medium,10.9,98.3,1072.5,9.7,46.6,0,35.0,C
CUST_04121,Female,Yes,33,Yes,Healthcare,0.0,Average,1.0,Cat_6,Active,Low,Medium,Medium,11.0,181.3,1999.2,14.3,38.3,1,62.0,B
CUST_04122,Male,No,39,No,Entertainment,2.0,High,2.0,Cat_5,,Medium,Medium,Medium,15.3,140.1,2143.3,8.2,33.0,0,89.5,B
CUST_04123,Male,No,31,Yes,Healthcare,1.0,Low,2.0,Cat_1,Casual,High,Medium,Medium,5.3,110.1,587.3,4.6,46.9,0,53.4,C
CUST_04124,Male,Yes,39,No,Healthcare,2.0,Low,1.0,Cat_6,Casual,Very High,Low,Low,3.0,64.7,196.4,66.1,6.6,0,10.7,D
CUST_04125,Male,Yes,28,No,Artist,1.0,Low,2.0,Cat_6,Budget,High,Low,Medium,7.0,112.5,790.4,14.4,42.5,1,57.2,C
CUST_04126,Female,No,33,No,Healthcare,,Low,6.0,Cat_6,Casual,Very High,Medium,Low,6.9,84.3,585.0,12.4,61.1,0,56.0,C
CUST_04127,Female,Yes,18,Yes,Artist,0.0,Low,4.0,Cat_1,Budget,High,Medium,Medium,5.2,109.2,566.9,18.7,54.4,1,57.5,C
CUST_04128,Female,No,36,No,Homemaker,0.0,Low,2.0,Cat_6,Budget,High,Low,Low,1.4,39.0,55.6,23.1,10.1,0,45.8,D
CUST_04129,Male,Yes,47,Yes,Artist,4.0,High,3.0,Cat_6,Active,Medium,High,High,15.3,165.1,2531.6,12.3,21.5,0,79.6,B
CUST_04130,Female,Yes,26,Yes,Engineer,7.0,High,4.0,Cat_2,Active,Medium,High,Very High,16.5,290.6,4801.6,8.8,15.9,1,89.6,A
CUST_04131,Female,Yes,44,Yes,Entertainment,13.0,Average,5.0,Cat_3,Active,Medium,High,Medium,9.6,172.3,1662.2,14.9,40.4,0,59.0,B
CUST_04132,Male,Yes,48,Yes,Executive,6.0,High,2.0,Cat_6,Active,Medium,Very High,High,15.0,318.9,4793.9,9.0,13.5,1,82.5,A
CUST_04133,Female,No,28,No,Marketing,0.0,Low,2.0,Cat_6,Budget,High,Medium,Medium,3.4,80.6,273.7,11.1,42.1,0,52.2,C
CUST_04134,Female,No,24,No,Artist,3.0,Low,6.0,Cat_7,Eco-conscious,Very High,Medium,Low,6.7,83.3,559.4,20.2,41.6,0,60.3,C
CUST_04135,Male,No,42,Yes,Entertainment,1.0,Average,1.0,Cat_3,Active,High,Medium,High,8.6,184.5,1579.4,11.2,30.2,1,65.7,B
CUST_04136,Female,Yes,49,Yes,Doctor,2.0,Average,1.0,Cat_4,Active,Low,Very High,Very High,18.1,320.6,5806.4,4.3,9.8,1,90.8,A
CUST_04137,Female,No,33,No,Artist,0.0,Average,4.0,,Budget,Very High,Medium,Medium,9.1,60.5,552.3,11.2,63.6,0,71.4,C
CUST_04138,Female,Yes,42,Yes,Artist,4.0,High,4.0,Cat_6,Active,High,High,High,11.2,74.2,833.5,10.1,30.9,0,77.7,B
CUST_04139,Female,No,30,Yes,Homemaker,3.0,Average,2.0,Cat_6,Budget,High,Low,Medium,9.9,73.9,733.3,15.7,49.0,0,,C
CUST_04140,Male,No,35,No,Healthcare,9.0,Average,2.0,Cat_3,Active,Medium,Medium,High,9.3,187.5,1735.3,14.4,29.8,0,52.8,B
CUST_04141,Male,Yes,33,Yes,Entertainment,3.0,High,3.0,Cat_3,Active,Medium,High,High,13.8,211.4,2926.4,11.4,28.3,1,69.8,B
CUST_04142,Female,Yes,69,Yes,Executive,4.0,Average,2.0,Cat_4,Active,Low,Very High,High,20.1,316.8,6372.1,7.6,22.8,1,91.8,A
CUST_04143,Female,Yes,62,No,Doctor,9.0,High,1.0,Cat_4,Luxury,Low,Very High,Very High,10.8,202.4,2175.7,2.3,14.0,1,91.7,A
CUST_04144,Male,Yes,28,Yes,Artist,4.0,Low,4.0,Cat_1,Budget,High,Low,Medium,6.6,96.8,636.2,10.4,35.3,0,44.4,C
CUST_04145,Male,Yes,73,No,Healthcare,2.0,Low,2.0,Cat_4,Budget,Very High,Low,Low,4.1,95.3,388.2,55.6,22.3,0,25.7,D
CUST_04146,Male,No,34,Yes,Artist,2.0,Average,3.0,Cat_1,Eco-conscious,High,Low,Low,7.9,94.6,748.0,24.5,37.2,1,66.3,C
CUST_04147,Female,No,44,Yes,Artist,10.0,Average,2.0,,Luxury,Low,Very High,Very High,24.2,316.6,7674.5,7.2,13.4,1,100.0,A
CUST_04148,Male,Yes,44,Yes,Artist,1.0,High,4.0,Cat_6,Casual,Medium,High,High,11.5,147.3,1689.9,16.2,23.9,1,69.4,B
CUST_04149,Male,Yes,28,Yes,Artist,0.0,Low,1.0,Cat_7,Budget,Very High,Medium,Medium,9.9,90.5,893.9,7.5,42.4,0,,C
CUST_04150,Female,No,30,No,Healthcare,4.0,Average,4.0,Cat_1,Budget,High,Low,Medium,6.8,98.7,666.7,19.8,42.4,1,37.6,C
CUST_04151,Female,No,36,Yes,Executive,6.0,High,5.0,Cat_4,Active,Low,Very High,Medium,23.6,233.4,5499.3,5.4,8.9,1,94.0,A
CUST_04152,Female,Yes,24,No,Engineer,4.0,High,1.0,Cat_6,Luxury,Low,Very High,High,15.0,253.6,3815.7,7.1,13.7,1,86.4,A
CUST_04153,Female,No,27,Yes,Artist,0.0,Low,4.0,Cat_7,Budget,Very High,Low,Medium,6.3,124.4,781.2,4.5,44.9,1,34.9,C
CUST_04154,Female,Yes,38,No,Engineer,6.0,High,,Cat_5,Casual,Medium,Medium,High,10.8,118.1,1277.9,8.2,30.6,1,78.9,B
CUST_04155,Female,Yes,56,No,Executive,9.0,Average,4.0,Cat_2,Luxury,Low,High,Medium,13.4,268.9,3595.2,5.8,22.5,0,84.6,A
CUST_04156,Female,Yes,46,Yes,Engineer,3.0,High,2.0,,Active,Low,High,High,17.0,342.3,5819.6,6.8,13.3,1,100.0,A
CUST_04157,Male,Yes,50,Yes,Entertainment,0.0,High,3.0,Cat_3,Luxury,Low,Medium,High,16.3,71.5,1163.2,8.9,23.6,0,51.0,B
CUST_04158,Female,No,35,No,Healthcare,2.0,Low,5.0,Cat_7,Eco-conscious,High,Low,Low,10.3,96.2,989.5,23.1,49.6,1,55.8,C
CUST_04159,Male,No,43,No,Homemaker,2.0,Low,2.0,,Casual,Very High,Low,Very Low,3.5,42.8,148.0,46.7,5.2,0,27.8,D
CUST_04160,Female,No,34,Yes,Entertainment,8.0,Average,3.0,Cat_6,,High,High,High,11.6,120.9,1404.2,14.3,25.7,0,69.1,B
CUST_04161,Female,Yes,50,Yes,Engineer,,Average,1.0,,Casual,Medium,High,High,13.7,143.6,1970.0,7.0,28.1,0,68.6,B
CUST_04162,Female,No,52,Yes,Executive,2.0,High,5.0,Cat_4,Luxury,Low,Very High,High,23.4,250.3,5849.6,7.1,14.4,1,90.2,A
CUST_04163,Male,No,27,Yes,Engineer,,Average,5.0,,Casual,Low,High,High,8.0,227.9,1824.5,9.1,25.9,0,76.7,B
CUST_04164,Male,Yes,27,Yes,Artist,4.0,High,4.0,Cat_6,Active,Medium,High,High,13.5,163.9,2218.7,7.1,31.5,0,79.3,B
CUST_04165,Female,No,30,No,Homemaker,0.0,Average,4.0,Cat_7,Budget,High,Medium,High,8.3,74.4,618.0,8.2,43.6,1,54.9,C
CUST_04166,Female,No,36,Yes,Engineer,1.0,High,2.0,Cat_6,Active,Medium,High,High,11.7,129.4,1517.9,11.7,26.2,1,49.7,B
CUST_04167,Male,No,50,Yes,Executive,,Average,1.0,Cat_6,Luxury,Low,High,Very High,19.0,343.9,6546.8,5.1,22.7,0,91.4,A
CUST_04168,Female,Yes,42,Yes,Engineer,7.0,Average,1.0,Cat_6,Luxury,Low,Very High,Very High,17.9,254.9,4573.4,7.5,13.2,0,83.3,A
CUST_04169,Male,Yes,33,Yes,Entertainment,0.0,Average,5.0,Cat_6,Active,Low,Medium,Medium,9.1,114.7,1039.5,19.9,38.2,1,75.0,B
CUST_04170,Female,No,54,Yes,Artist,5.0,High,2.0,Cat_6,Luxury,Low,High,Very High,17.7,328.4,5800.7,7.6,27.3,0,95.0,A
CUST_04171,Male,Yes,50,Yes,Engineer,7.0,Average,1.0,Cat_4,,Medium,Very High,Very High,17.9,304.6,5456.0,7.8,11.5,1,90.5,A
CUST_04172,Female,No,38,No,Healthcare,3.0,Average,1.0,Cat_6,Budget,Very High,Very Low,Very Low,2.5,85.0,211.8,44.7,16.8,0,30.6,D
CUST_04173,Female,No,36,Yes,Artist,8.0,Average,,Cat_6,Casual,Medium,High,High,9.6,212.4,2029.8,11.6,33.5,1,66.0,B
CUST_04174,Female,No,43,Yes,Engineer,5.0,Average,1.0,Cat_3,Casual,Medium,Medium,High,10.1,200.6,2033.9,12.0,39.3,1,67.2,B
CUST_04175,Female,Yes,53,Yes,Homemaker,0.0,Low,1.0,Cat_6,Budget,Very High,Low,Low,3.6,19.7,70.8,14.5,8.8,0,19.2,D
CUST_04176,Male,No,53,Yes,Healthcare,5.0,Low,1.0,Cat_6,Budget,Very High,Low,Low,6.2,92.4,577.1,18.3,8.3,0,,D
CUST_04177,Male,No,45,Yes,Artist,5.0,Average,2.0,Cat_5,Luxury,Medium,Medium,High,10.7,221.4,2361.0,14.1,18.6,1,72.9,B
CUST_04178,Female,No,32,Yes,Artist,0.0,Low,6.0,Cat_7,Budget,Very High,Low,Medium,6.7,108.5,731.6,5.5,37.3,0,58.2,C
CUST_04179,Female,No,31,Yes,Artist,0.0,Average,2.0,Cat_6,Casual,High,High,High,16.0,187.5,3001.7,14.0,32.3,1,69.2,B
CUST_04180,Male,Yes,47,Yes,Artist,4.0,Average,3.0,Cat_3,Casual,Low,Medium,High,12.3,210.6,2585.6,12.8,31.3,0,73.3,B
CUST_04181,Male,No,25,Yes,Artist,3.0,Average,2.0,Cat_3,Casual,Low,Medium,High,9.9,192.4,1901.8,20.5,21.4,0,81.7,B
CUST_04182,Male,Yes,32,Yes,Marketing,0.0,Low,3.0,Cat_6,Budget,Very High,Medium,High,6.4,55.6,356.2,17.8,44.4,1,49.0,C
CUST_04183,Female,Yes,29,Yes,Homemaker,2.0,Low,3.0,Cat_1,Budget,Very High,Medium,Low,8.3,98.9,824.7,17.7,43.4,1,45.4,C
CUST_04184,Male,No,43,No,Engineer,4.0,High,4.0,Cat_3,Active,Medium,Medium,High,10.4,108.6,1125.8,13.4,24.2,0,74.2,B
CUST_04185,Male,Yes,32,No,Executive,6.0,High,2.0,Cat_6,Luxury,Low,Very High,Very High,13.6,197.9,2695.9,6.3,9.4,1,77.1,A
CUST_04186,Female,Yes,29,Yes,Artist,2.0,Low,2.0,Cat_7,Casual,High,Low,Medium,8.5,63.7,540.5,20.8,47.8,1,47.1,C
CUST_04187,Male,No,55,Yes,Engineer,5.0,High,,Cat_4,Active,Low,High,High,15.0,369.3,5555.8,4.3,14.9,1,85.6,A
CUST_04188,Male,Yes,34,Yes,Engineer,3.0,High,4.0,Cat_5,Active,Medium,Medium,High,13.2,129.3,1711.1,14.6,32.2,0,72.1,B
CUST_04189,Male,No,20,No,Healthcare,3.0,Low,3.0,Cat_6,Eco-conscious,High,Low,Low,11.0,106.2,1169.4,21.1,52.6,1,49.3,C
CUST_04190,Female,Yes,27,No,Homemaker,2.0,Low,5.0,Cat_7,,Very High,Low,Low,9.3,83.3,771.1,19.9,42.5,0,69.1,C
CUST_04191,Male,Yes,28,Yes,Homemaker,2.0,Low,7.0,Cat_6,Eco-conscious,High,Low,Low,10.8,106.9,1149.2,12.5,38.5,1,56.8,C
CUST_04192,Female,Yes,49,No,Healthcare,1.0,Low,1.0,,Budget,Very High,Low,Low,1.8,29.3,53.8,25.8,6.8,0,18.5,D
CUST_04193,Male,Yes,45,Yes,Engineer,,Low,,Cat_6,Luxury,Medium,Medium,High,8.3,189.1,1571.6,16.6,23.9,1,75.3,B
CUST_04194,Male,Yes,38,Yes,Homemaker,3.0,Low,3.0,Cat_6,Eco-conscious,High,Low,Low,7.4,84.1,624.4,22.9,59.5,1,50.0,C
CUST_04195,Male,No,24,No,Marketing,2.0,Low,1.0,Cat_7,Budget,High,Medium,Low,6.7,76.9,518.5,19.3,39.9,1,35.4,C
CUST_04196,Male,Yes,49,Yes,Executive,6.0,Average,1.0,Cat_4,Luxury,Low,Very High,High,17.2,213.7,3671.5,5.0,20.2,1,89.6,A
CUST_04197,Male,Yes,42,Yes,Executive,5.0,Average,2.0,Cat_6,Luxury,Low,Very High,High,14.4,259.3,3726.5,6.1,9.0,1,74.3,A
CUST_04198,Male,Yes,38,Yes,Artist,5.0,High,5.0,Cat_6,Active,Low,Medium,Medium,9.2,155.7,1432.8,8.7,18.6,1,83.0,B
CUST_04199,Male,Yes,34,No,Engineer,8.0,Average,2.0,Cat_3,Luxury,Medium,High,Medium,9.1,134.1,1216.0,17.0,38.1,0,67.7,B
CUST_04200,Female,No,21,Yes,Artist,0.0,Low,2.0,Cat_7,Casual,Very High,Medium,Medium,7.1,68.0,479.4,2.3,52.1,1,65.8,C
CUST_04201,Male,Yes,25,No,Homemaker,0.0,Low,2.0,Cat_1,Casual,Very High,Medium,Medium,5.4,72.5,388.9,15.4,56.9,0,51.3,C
CUST_04202,Female,Yes,45,No,Doctor,8.0,High,1.0,Cat_4,Casual,Low,Very High,High,19.0,250.3,4747.4,6.6,9.0,0,96.0,A
CUST_04203,Female,Yes,54,Yes,Artist,10.0,Average,2.0,Cat_4,Luxury,Low,Very High,High,17.3,231.0,3995.7,4.6,20.2,1,,A
CUST_04204,Male,Yes,66,Yes,Healthcare,,Low,3.0,Cat_6,Casual,Very High,Low,Low,2.5,89.6,220.4,38.6,9.5,1,33.5,D
CUST_04205,Female,Yes,34,Yes,Engineer,4.0,High,3.0,Cat_6,Luxury,Low,High,Medium,17.6,253.4,4468.8,7.1,9.9,1,84.1,A
CUST_04206,Female,No,58,Yes,Engineer,4.0,Average,3.0,Cat_5,Casual,Medium,High,High,9.5,156.0,1484.8,10.8,22.6,0,68.3,B
CUST_04207,Female,Yes,33,Yes,Engineer,6.0,Average,2.0,Cat_5,Active,Medium,High,Medium,10.4,140.0,1458.8,21.3,29.9,0,75.4,B
CUST_04208,Male,Yes,44,Yes,Artist,6.0,Average,2.0,,Active,Low,High,Medium,14.9,246.4,3674.2,13.9,27.9,0,63.5,B
CUST_04209,Female,No,30,Yes,Engineer,5.0,High,2.0,Cat_4,Luxury,Low,High,Very High,18.6,344.5,6416.9,7.7,12.8,0,99.5,A
CUST_04210,Male,Yes,48,Yes,Executive,3.0,High,3.0,Cat_6,Casual,Low,High,Very High,9.6,268.8,2588.4,10.1,15.7,0,87.5,A
CUST_04211,Male,No,50,Yes,Lawyer,9.0,Average,3.0,Cat_6,Luxury,Medium,High,Very High,17.9,312.1,5578.5,6.9,17.7,1,100.0,A
CUST_04212,Female,Yes,26,Yes,Healthcare,4.0,Average,2.0,Cat_3,Active,Medium,Medium,High,3.8,162.9,613.6,14.6,22.2,0,63.8,B
CUST_04213,Male,Yes,43,Yes,Engineer,4.0,Low,4.0,Cat_5,Active,Low,Medium,Medium,5.4,213.7,1164.5,10.4,21.5,1,80.9,B
CUST_04214,Male,Yes,36,Yes,Lawyer,,High,3.0,Cat_2,Luxury,Low,Very High,Very High,16.7,286.3,4783.9,4.3,10.5,1,85.7,A
CUST_04215,Female,No,26,Yes,Artist,6.0,Average,2.0,Cat_1,Casual,High,Low,Medium,6.3,41.5,260.3,15.3,39.1,0,40.8,C
CUST_04216,Male,Yes,27,No,Artist,0.0,Low,5.0,Cat_1,Budget,High,Low,Medium,6.6,68.1,448.8,16.7,51.1,0,40.1,C
CUST_04217,Male,No,44,Yes,Lawyer,10.0,Average,1.0,Cat_4,Luxury,Low,Very High,High,13.1,287.4,3765.4,6.5,26.2,1,75.0,A
CUST_04218,Male,Yes,39,Yes,Healthcare,6.0,Average,4.0,Cat_6,Active,Medium,Medium,Medium,12.4,172.4,2139.1,10.4,23.1,0,68.7,B
CUST_04219,Male,No,29,No,Artist,4.0,Average,,Cat_7,Budget,High,Low,High,6.1,95.6,582.2,15.6,44.7,0,54.4,C
CUST_04220,Male,Yes,51,Yes,Doctor,9.0,High,3.0,Cat_6,Luxury,Low,High,Very High,21.1,160.4,3386.5,1.8,16.5,1,80.6,A
CUST_04221,Male,Yes,47,Yes,Artist,4.0,High,3.0,Cat_3,Active,Low,High,Medium,11.6,142.4,1649.2,12.1,29.9,1,85.0,B
CUST_04222,Male,No,27,No,Homemaker,1.0,Average,4.0,Cat_6,Budget,High,Low,Medium,3.8,69.0,259.2,22.1,41.3,0,39.0,C
CUST_04223,Female,No,57,No,Healthcare,1.0,Low,1.0,Cat_5,Budget,High,Low,Low,5.3,65.3,347.8,25.5,8.0,0,33.6,D
CUST_04224,Male,Yes,23,Yes,Marketing,0.0,Low,4.0,Cat_1,Casual,Very High,Low,High,10.5,99.4,1041.3,27.0,56.0,0,68.3,C
CUST_04225,Male,No,29,Yes,Entertainment,4.0,Average,3.0,Cat_6,Luxury,High,Medium,High,12.3,143.0,1757.3,20.6,10.4,1,82.1,B
CUST_04226,Male,No,18,Yes,Artist,2.0,Low,1.0,Cat_1,Budget,High,Low,High,8.2,79.4,648.5,15.9,38.1,1,31.4,C
CUST_04227,Male,Yes,38,Yes,Entertainment,2.0,Average,4.0,Cat_5,Casual,Medium,High,High,11.3,173.2,1953.3,12.7,25.7,1,83.9,B
CUST_04228,Male,Yes,23,Yes,Marketing,1.0,Low,5.0,Cat_6,Casual,High,Medium,High,7.5,33.8,252.7,23.3,62.5,0,43.6,C
CUST_04229,Female,No,41,No,Engineer,0.0,Low,1.0,Cat_3,Luxury,High,High,Medium,15.5,149.4,2310.4,22.4,16.2,0,70.2,B
CUST_04230,Male,Yes,35,Yes,Engineer,5.0,Average,1.0,,Luxury,Low,Very High,High,15.8,211.3,3331.0,7.0,22.4,1,81.1,A
CUST_04231,Male,No,31,Yes,Homemaker,1.0,Low,2.0,Cat_1,Casual,High,Low,Low,9.7,76.8,746.8,13.1,59.8,1,15.0,C
CUST_04232,Female,Yes,31,Yes,Healthcare,4.0,Low,3.0,Cat_6,Casual,Medium,High,Medium,10.2,171.9,1749.2,9.1,19.5,1,81.2,B
CUST_04233,Male,No,39,No,Engineer,4.0,High,4.0,Cat_5,Active,Medium,High,High,6.8,224.3,1528.5,8.0,30.1,1,90.3,B
CUST_04234,Male,No,43,No,Healthcare,5.0,Low,2.0,Cat_6,Casual,High,Very Low,Very Low,3.3,62.9,207.9,27.6,23.9,0,24.8,D
CUST_04235,Male,No,45,No,Doctor,4.0,Average,2.0,,Luxury,Medium,High,Very High,15.3,281.4,4312.5,5.1,11.4,1,93.6,A
CUST_04236,Female,No,33,Yes,Entertainment,5.0,High,3.0,Cat_3,Luxury,Low,High,Medium,13.6,125.9,1710.9,13.0,35.4,1,45.6,B
CUST_04237,Male,Yes,62,Yes,Lawyer,,High,2.0,Cat_6,Luxury,Medium,High,Very High,14.5,325.7,4715.4,8.4,19.7,1,89.8,A
CUST_04238,Female,Yes,40,No,Marketing,2.0,Low,5.0,Cat_1,Casual,Very High,Low,Medium,11.0,65.9,722.4,22.2,29.9,0,51.8,C
CUST_04239,Female,No,21,No,Marketing,1.0,Low,3.0,Cat_6,Budget,Very High,Low,Low,2.5,126.0,315.3,14.4,47.6,1,57.8,C
CUST_04240,Female,Yes,35,No,Engineer,4.0,Average,1.0,Cat_3,Casual,Low,High,High,10.2,133.3,1364.5,16.9,34.1,1,61.2,B
CUST_04241,Male,No,25,No,Artist,1.0,Average,4.0,Cat_6,Budget,High,Low,Low,5.9,87.0,516.7,15.5,51.6,1,26.7,C
CUST_04242,Male,Yes,27,Yes,Artist,4.0,Average,1.0,Cat_5,Active,Low,High,Medium,12.7,150.5,1903.9,9.2,33.6,0,72.4,B
CUST_04243,Female,No,28,Yes,Artist,5.0,Low,5.0,Cat_6,Casual,Very High,Medium,Low,6.9,77.5,538.5,13.3,36.6,0,57.1,C
CUST_04244,Male,Yes,46,No,Entertainment,5.0,Average,,Cat_6,Active,Low,High,Medium,9.4,244.2,2307.5,16.8,42.2,0,58.6,B
CUST_04245,Male,Yes,45,No,Entertainment,2.0,High,1.0,Cat_3,,Low,High,High,9.6,222.0,2129.7,10.4,26.4,1,82.9,B
CUST_04246,Male,No,60,Yes,Healthcare,5.0,Average,2.0,Cat_4,Budget,High,Low,Low,2.4,61.6,150.2,28.9,10.2,0,30.0,D
CUST_04247,Male,Yes,65,Yes,Doctor,0.0,High,2.0,Cat_6,Luxury,Medium,Very High,High,12.0,202.9,2426.6,5.4,13.6,1,88.9,A
CUST_04248,Female,Yes,47,Yes,Engineer,6.0,Average,2.0,Cat_2,Luxury,Low,Very High,Very High,14.9,249.0,3702.4,4.4,9.4,0,97.5,A
CUST_04249,Male,Yes,38,Yes,Engineer,2.0,Average,3.0,Cat_5,Casual,Low,High,High,10.0,179.5,1788.2,10.8,18.5,0,67.9,B
CUST_04250,Female,Yes,42,Yes,Healthcare,0.0,Low,1.0,Cat_6,Budget,High,Low,Low,5.2,65.8,344.4,35.2,17.9,0,40.3,D
CUST_04251,Male,No,54,Yes,Engineer,5.0,Average,1.0,Cat_6,Active,High,Medium,High,11.8,163.3,1922.6,8.1,27.5,0,68.4,B
CUST_04252,Female,No,44,Yes,Engineer,4.0,High,1.0,Cat_4,Luxury,Low,High,Very High,13.0,266.3,3472.5,6.4,10.7,0,70.3,A
CUST_04253,Male,No,49,No,Engineer,3.0,Average,3.0,Cat_6,,Medium,High,High,16.5,206.4,3409.0,8.7,19.6,1,58.0,B
CUST_04254,Female,Yes,56,Yes,Engineer,6.0,Low,1.0,Cat_3,Casual,Medium,Medium,Medium,14.2,188.1,2662.2,11.8,43.5,1,75.3,B
CUST_04255,Male,Yes,57,Yes,Executive,6.0,High,1.0,Cat_6,Luxury,Low,Very High,High,20.9,356.8,7475.4,3.6,16.7,1,91.7,A
CUST_04256,Female,Yes,23,No,Homemaker,2.0,Low,5.0,Cat_1,Budget,High,Low,High,4.8,88.6,423.1,23.5,42.4,0,57.4,C
CUST_04257,Male,No,69,No,Healthcare,3.0,Low,1.0,Cat_6,Budget,Very High,Very Low,Very Low,5.2,44.9,233.9,43.2,14.3,0,40.4,D
CUST_04258,Male,Yes,46,Yes,Engineer,4.0,Low,3.0,Cat_3,Casual,Medium,High,High,9.9,120.0,1188.0,11.8,25.9,1,64.9,B
CUST_04259,Female,Yes,45,No,Entertainment,5.0,High,1.0,Cat_3,Active,Medium,High,Medium,7.8,165.8,1288.2,19.4,38.8,1,62.4,B
CUST_04260,Male,Yes,53,Yes,Engineer,4.0,Average,,Cat_6,Luxury,Medium,High,Medium,10.0,183.3,1833.1,19.3,37.8,1,78.8,B
CUST_04261,Male,No,53,Yes,Executive,8.0,High,6.0,Cat_6,Active,Low,High,Very High,17.3,233.8,4040.6,4.7,25.8,1,100.0,A
CUST_04262,Male,No,40,Yes,Healthcare,4.0,Average,2.0,Cat_6,Budget,Very High,Low,Low,5.4,22.3,119.5,27.6,18.0,0,17.5,D
CUST_04263,Female,Yes,39,No,Healthcare,5.0,Low,3.0,Cat_6,Active,Medium,High,High,9.2,87.9,811.1,17.4,34.2,1,77.0,B
CUST_04264,Male,No,34,Yes,Healthcare,5.0,Average,2.0,Cat_6,Casual,Low,High,Medium,10.5,82.8,871.3,17.0,30.3,0,86.4,B
CUST_04265,Female,No,23,Yes,Healthcare,5.0,Low,3.0,Cat_7,Budget,Very High,Low,Medium,7.4,53.5,396.5,16.2,49.5,1,70.0,C
CUST_04266,Male,No,26,No,Entertainment,8.0,Average,2.0,Cat_6,Active,Medium,High,High,9.5,249.5,2360.7,23.1,27.9,1,67.3,B
CUST_04267,Female,No,33,No,Artist,4.0,Low,4.0,Cat_1,Budget,Very High,Medium,High,11.7,102.2,1190.8,16.7,40.9,0,68.8,C
CUST_04268,Male,Yes,50,No,Executive,6.0,Average,1.0,Cat_2,Casual,Medium,High,Very High,16.1,254.1,4088.9,2.1,18.5,1,92.4,A
CUST_04269,Male,Yes,38,Yes,Marketing,0.0,Low,4.0,Cat_1,Casual,High,Medium,Low,6.7,79.1,530.4,12.6,29.8,1,,C
CUST_04270,Male,Yes,42,No,Homemaker,1.0,Low,3.0,Cat_4,Budget,Very High,Low,Very Low,2.9,45.3,133.3,29.1,19.8,0,44.9,D
CUST_04271,Male,Yes,29,Yes,Marketing,3.0,Low,2.0,Cat_6,Budget,High,Medium,Low,8.8,101.5,888.9,15.6,37.7,0,74.4,C
CUST_04272,Male,No,37,No,Homemaker,0.0,Low,2.0,Cat_6,Budget,Very High,Very Low,Low,2.4,54.0,130.3,53.5,16.3,0,32.0,D
CUST_04273,Male,Yes,35,Yes,Executive,5.0,Average,3.0,Cat_4,Active,Medium,High,Very High,15.6,281.3,4376.8,9.4,21.4,1,88.1,A
CUST_04274,Male,No,39,No,Engineer,,Average,3.0,Cat_3,Active,High,High,Medium,10.5,133.1,1398.6,12.1,22.1,1,83.6,B
CUST_04275,Male,No,25,Yes,Artist,0.0,Low,4.0,,Casual,High,Medium,Medium,7.9,84.7,666.4,8.2,22.9,0,,C
CUST_04276,Female,Yes,43,Yes,Engineer,3.0,High,2.0,Cat_6,Active,Medium,High,High,8.8,167.0,1469.1,11.4,23.8,1,60.1,B
CUST_04277,Male,Yes,38,No,Engineer,6.0,Average,3.0,Cat_6,Active,Low,High,High,9.3,150.2,1398.4,13.6,25.0,0,67.9,B
CUST_04278,Male,Yes,58,Yes,Artist,1.0,Average,2.0,Cat_6,Luxury,Low,High,Medium,13.8,127.4,1754.7,11.9,21.6,0,85.3,B
CUST_04279,Male,No,68,Yes,Lawyer,11.0,Average,2.0,Cat_4,Active,Medium,Very High,High,11.0,300.0,3288.9,11.8,15.5,0,91.6,A
CUST_04280,Female,Yes,44,Yes,Healthcare,0.0,High,3.0,Cat_6,,High,Medium,High,13.8,186.9,2586.5,11.3,21.2,1,69.4,B
CUST_04281,Female,No,51,No,Lawyer,4.0,High,2.0,Cat_6,Luxury,Medium,Very High,High,17.5,246.3,4316.4,6.7,9.6,0,83.0,A
CUST_04282,Female,Yes,32,No,Artist,2.0,Low,4.0,Cat_7,Casual,Very High,Low,Medium,5.3,87.5,466.7,8.4,51.7,1,62.2,C
CUST_04283,Male,No,35,No,Executive,8.0,High,3.0,Cat_6,Luxury,Low,High,Very High,18.4,268.2,4922.6,4.8,14.7,1,91.9,A
CUST_04284,Female,Yes,56,Yes,Executive,8.0,High,3.0,Cat_6,Casual,Low,Very High,Very High,20.2,304.4,6154.1,3.0,17.6,0,79.1,A
CUST_04285,Male,Yes,48,Yes,Engineer,6.0,Average,3.0,Cat_6,Active,Medium,Medium,High,12.8,179.6,2298.9,10.1,34.7,0,,B
CUST_04286,Male,Yes,43,Yes,Artist,4.0,Average,2.0,Cat_6,Active,Medium,High,High,11.3,108.5,1222.0,18.4,10.3,0,76.3,B
CUST_04287,Male,No,51,No,Homemaker,0.0,Average,,Cat_5,Budget,Very High,Low,Low,1.6,10.0,16.4,50.4,4.9,0,27.2,D
CUST_04288,Female,No,47,Yes,Engineer,5.0,High,4.0,Cat_5,Active,Low,High,High,11.1,196.3,2179.2,17.7,37.6,1,82.4,B
CUST_04289,Female,Yes,33,Yes,Engineer,6.0,Average,3.0,,Active,Medium,High,Medium,9.3,101.4,938.4,14.9,36.2,1,70.7,B
CUST_04290,Male,Yes,27,No,Healthcare,0.0,Low,5.0,Cat_6,Budget,Very High,Low,High,9.0,120.2,1084.1,18.5,39.9,1,36.8,C
CUST_04291,Female,No,35,No,Engineer,1.0,Low,3.0,Cat_6,Active,Low,Medium,Medium,9.1,145.3,1324.4,12.9,29.2,1,74.0,B
CUST_04292,Female,Yes,37,No,Executive,9.0,High,3.0,,Luxury,Low,High,High,12.0,247.5,2971.6,2.9,18.2,1,79.9,A
CUST_04293,Female,No,60,No,Engineer,5.0,High,2.0,Cat_5,Casual,Medium,Medium,High,12.1,131.2,1593.4,7.2,36.2,0,63.5,B
CUST_04294,Male,No,56,Yes,Healthcare,3.0,Low,,Cat_4,Casual,Very High,Low,Low,1.5,51.5,77.7,26.7,17.6,0,11.8,D
CUST_04295,Male,No,33,Yes,Artist,6.0,Average,3.0,Cat_5,Active,Low,High,High,14.2,174.3,2477.1,14.3,34.1,0,66.2,B
CUST_04296,Female,Yes,51,Yes,Entertainment,9.0,Average,3.0,Cat_6,Luxury,Medium,Medium,High,15.4,156.7,2416.6,9.3,24.5,1,87.5,B
CUST_04297,Female,Yes,37,Yes,Doctor,8.0,High,,Cat_6,Luxury,Low,Very High,High,14.8,274.2,4066.2,6.8,14.7,0,83.7,A
CUST_04298,Female,Yes,34,Yes,Engineer,7.0,Average,3.0,Cat_4,Casual,Low,Very High,Very High,14.6,366.1,5357.6,10.4,5.4,0,94.8,A
CUST_04299,Male,Yes,31,Yes,Artist,1.0,Average,1.0,Cat_5,Luxury,Medium,High,Medium,10.9,131.3,1434.1,10.2,23.5,0,80.0,B
CUST_04300,Male,No,29,No,Artist,0.0,Average,1.0,Cat_6,Active,Medium,Medium,Medium,12.1,177.5,2143.3,10.2,32.6,1,77.3,B
CUST_04301,Female,No,41,Yes,Executive,,High,3.0,Cat_6,Luxury,Low,Very High,Very High,16.1,283.2,4556.0,6.2,27.7,1,86.0,A
CUST_04302,Male,No,75,No,Healthcare,0.0,Low,1.0,Cat_6,Casual,Very High,Low,Very Low,1.0,73.8,74.3,38.0,14.0,0,42.2,D
CUST_04303,Female,Yes,30,Yes,Healthcare,,Low,1.0,Cat_1,Casual,Very High,Low,Low,11.9,67.2,798.0,11.3,66.4,1,48.4,C
CUST_04304,Female,Yes,36,Yes,Artist,6.0,Low,2.0,Cat_3,Active,Medium,Medium,High,12.4,162.2,2011.7,12.0,29.6,0,80.9,B
CUST_04305,Male,No,24,Yes,Homemaker,,Low,3.0,Cat_1,Casual,High,Medium,High,6.7,63.3,423.9,17.1,33.2,0,45.0,C
CUST_04306,Male,No,46,Yes,Engineer,5.0,High,1.0,Cat_6,Luxury,Low,Very High,Very High,14.5,354.5,5146.6,5.0,15.2,1,90.3,A
CUST_04307,Male,Yes,33,Yes,Healthcare,8.0,Average,3.0,Cat_6,Luxury,Medium,High,Medium,16.7,194.4,3253.9,5.7,18.3,1,79.9,B
CUST_04308,Male,No,35,Yes,Homemaker,2.0,Low,2.0,Cat_1,Budget,High,Low,Low,4.8,45.9,218.5,19.6,42.9,1,20.0,C
CUST_04309,Female,No,34,No,Artist,2.0,Low,1.0,Cat_1,Budget,High,Low,High,6.1,41.5,253.6,17.3,37.5,1,51.1,C
CUST_04310,Male,No,31,No,Marketing,3.0,Average,2.0,Cat_6,Casual,Very High,Low,Medium,11.3,80.0,900.8,7.3,41.9,0,64.5,C
CUST_04311,Male,No,38,Yes,Entertainment,5.0,Low,5.0,Cat_6,Active,Low,Medium,High,12.0,250.5,3001.7,17.2,29.7,0,74.8,B
CUST_04312,Male,Yes,45,No,Healthcare,2.0,Low,1.0,Cat_6,Budget,Very High,Low,Very Low,4.1,70.6,290.5,47.9,27.0,0,7.5,D
CUST_04313,Female,No,47,Yes,Executive,4.0,High,1.0,Cat_6,Luxury,Low,Very High,High,16.7,267.2,4451.4,7.3,12.2,1,85.1,A
CUST_04314,Female,No,56,Yes,Artist,0.0,Low,2.0,Cat_4,Casual,High,Low,Very Low,5.2,46.3,242.2,38.0,18.5,0,26.8,D
CUST_04315,Female,No,68,Yes,Homemaker,0.0,Low,2.0,Cat_6,Budget,Very High,Low,Low,3.9,59.0,231.3,29.4,16.8,0,46.5,D
CUST_04316,Female,Yes,50,Yes,Lawyer,7.0,High,2.0,Cat_6,Active,Low,High,Medium,10.6,361.4,3818.4,6.7,19.5,1,87.7,A
CUST_04317,Female,No,33,No,Artist,0.0,Low,5.0,Cat_7,Casual,Very High,Low,High,6.2,99.0,609.4,19.6,29.3,0,48.2,C
CUST_04318,Male,Yes,51,Yes,Engineer,,Average,2.0,Cat_6,Luxury,Medium,Very High,High,15.3,275.0,4210.9,4.6,17.7,1,83.8,A
CUST_04319,Male,Yes,46,Yes,Engineer,5.0,Average,2.0,Cat_6,Active,Medium,Medium,High,13.5,182.8,2473.5,11.8,24.0,1,66.3,B
CUST_04320,Female,No,49,Yes,Artist,4.0,Average,5.0,Cat_5,Casual,High,Medium,Medium,10.1,201.7,2034.3,15.4,34.5,1,78.9,B
CUST_04321,Male,Yes,24,No,Healthcare,2.0,High,1.0,Cat_5,Casual,Medium,High,Medium,11.0,213.1,2341.1,7.5,25.1,1,80.8,B
CUST_04322,Male,No,77,No,Healthcare,0.0,Low,1.0,Cat_4,Budget,Very High,Low,Very Low,3.4,61.2,207.6,29.2,14.5,0,31.7,D
CUST_04323,Female,Yes,39,No,Marketing,6.0,Low,4.0,Cat_1,Budget,Very High,Low,Low,6.7,83.5,561.8,18.4,52.3,0,61.9,C
CUST_04324,Male,Yes,25,No,Entertainment,0.0,Average,4.0,Cat_5,Active,Low,High,High,14.7,186.1,2735.7,13.8,6.2,0,85.5,B
CUST_04325,Male,No,21,Yes,Healthcare,5.0,Average,5.0,Cat_6,Casual,High,Medium,Medium,2.4,80.5,191.3,21.9,44.7,1,65.4,C
CUST_04326,Male,No,35,No,Homemaker,0.0,Low,2.0,Cat_5,,High,Low,Very Low,1.2,79.0,92.5,36.6,13.3,0,35.4,D
CUST_04327,Female,Yes,47,No,Lawyer,8.0,High,1.0,Cat_6,Luxury,Medium,Very High,High,12.7,394.5,5009.0,5.0,18.4,1,88.4,A
CUST_04328,Male,No,72,No,Lawyer,0.0,Average,1.0,Cat_6,Casual,Very High,Low,Low,1.1,47.0,53.9,43.7,21.8,0,23.6,D
CUST_04329,Female,Yes,36,Yes,Executive,4.0,Average,4.0,Cat_4,Luxury,Low,High,High,19.0,287.8,5462.2,6.0,14.2,0,83.4,A
CUST_04330,Male,No,18,No,Marketing,1.0,Low,2.0,Cat_1,Budget,Very High,Low,Low,7.6,131.6,1001.6,15.2,58.8,1,73.8,C
CUST_04331,Male,No,33,Yes,Engineer,9.0,Low,1.0,Cat_6,Casual,High,High,High,12.0,221.0,2647.8,4.9,20.9,0,77.7,B
CUST_04332,Male,Yes,49,Yes,Engineer,9.0,High,2.0,Cat_6,Casual,Low,High,Medium,18.3,184.3,3363.6,7.8,17.2,1,84.2,A
CUST_04333,Male,Yes,45,Yes,Artist,6.0,Average,4.0,Cat_3,Active,Medium,Medium,High,8.5,175.7,1495.9,9.6,23.9,1,70.1,B
CUST_04334,Female,Yes,20,No,Healthcare,0.0,Low,4.0,Cat_7,,Very High,Low,Low,9.7,97.7,946.2,24.6,57.3,0,65.3,C
CUST_04335,Male,Yes,24,Yes,Entertainment,2.0,High,3.0,Cat_6,Active,Medium,Medium,High,12.5,193.4,2425.2,12.6,13.1,1,58.5,B
CUST_04336,Female,Yes,48,Yes,Doctor,,High,1.0,Cat_6,,Medium,Very High,High,15.2,343.8,5228.6,10.3,17.7,0,88.9,A
CUST_04337,Male,Yes,36,Yes,Entertainment,3.0,High,2.0,Cat_3,Active,Low,Medium,High,11.8,147.4,1737.5,9.9,29.5,1,85.5,B
CUST_04338,Female,No,52,No,Artist,3.0,Low,2.0,Cat_4,Budget,High,Low,Very Low,1.2,55.8,68.6,33.6,15.7,0,28.2,D
CUST_04339,Female,No,24,Yes,Engineer,0.0,High,2.0,Cat_3,Active,Low,High,Medium,10.0,178.9,1791.2,17.9,18.7,0,65.1,B
CUST_04340,Male,No,55,No,Engineer,10.0,High,3.0,Cat_6,Luxury,Low,High,High,10.9,286.9,3137.1,8.9,4.2,0,93.7,A
CUST_04341,Female,No,42,No,Entertainment,5.0,High,2.0,Cat_3,,Low,High,High,16.9,175.7,2968.2,12.6,19.9,0,71.7,B
CUST_04342,Female,No,43,Yes,Lawyer,8.0,Average,2.0,Cat_6,Luxury,Low,Very High,High,17.6,228.6,4028.0,3.1,15.6,1,91.4,A
CUST_04343,Female,No,32,No,Healthcare,1.0,Low,4.0,Cat_6,Budget,Very High,Medium,Medium,4.5,78.1,352.2,19.7,50.8,0,22.1,C
CUST_04344,Female,No,35,No,Marketing,3.0,Low,5.0,Cat_6,Casual,Very High,Low,Low,5.2,81.6,426.0,10.5,52.6,1,70.9,C
CUST_04345,Male,No,55,Yes,Healthcare,3.0,Low,3.0,Cat_6,Active,Low,High,High,5.2,153.4,791.9,10.1,20.4,0,71.3,B
CUST_04346,Female,Yes,49,Yes,Artist,7.0,Average,3.0,Cat_6,,Medium,High,High,10.9,165.0,1799.2,13.2,27.8,1,81.4,B
CUST_04347,Female,Yes,19,Yes,Healthcare,6.0,Average,3.0,Cat_6,Budget,High,Low,Low,8.1,89.0,724.3,13.3,50.5,0,60.9,C
CUST_04348,Female,No,37,Yes,Engineer,6.0,Low,5.0,Cat_3,Casual,Low,High,Medium,12.6,177.8,2235.0,9.9,24.8,1,73.8,B
CUST_04349,Female,Yes,23,Yes,Marketing,2.0,Low,3.0,Cat_6,Budget,High,Medium,Medium,10.9,111.3,1209.9,24.4,44.6,0,79.6,C
CUST_04350,Female,No,35,No,Artist,2.0,Average,4.0,Cat_1,Eco-conscious,Very High,Medium,Low,4.6,64.5,296.5,14.9,47.8,0,,C
CUST_04351,Female,No,30,Yes,Artist,4.0,Low,2.0,Cat_7,Budget,High,Low,Medium,8.1,98.5,796.3,18.2,59.2,1,65.7,C
CUST_04352,Female,Yes,29,Yes,Artist,5.0,Average,4.0,Cat_5,Luxury,Low,High,High,13.2,160.9,2122.7,19.2,22.5,1,53.5,B
CUST_04353,Female,Yes,24,Yes,Engineer,2.0,Average,4.0,Cat_3,Active,Medium,High,Medium,15.5,143.1,2214.4,9.9,28.6,0,62.9,B
CUST_04354,Female,Yes,56,No,Artist,0.0,Low,3.0,Cat_4,Budget,High,Low,Low,3.4,26.9,90.4,31.1,13.8,0,28.1,D
CUST_04355,Male,Yes,25,Yes,Engineer,3.0,Average,3.0,Cat_3,Casual,Low,High,High,13.8,176.3,2429.2,8.9,28.6,0,63.6,B
CUST_04356,Female,Yes,31,Yes,Artist,,Average,4.0,Cat_6,Casual,High,Low,Low,5.0,72.0,363.1,18.9,48.3,1,50.5,C
CUST_04357,Female,Yes,22,Yes,Lawyer,1.0,High,1.0,Cat_6,Luxury,Low,Very High,High,18.5,247.8,4578.5,3.4,20.6,1,88.6,A
CUST_04358,Female,No,31,Yes,Artist,0.0,Low,7.0,Cat_6,Casual,High,Low,Low,8.0,92.1,732.6,18.9,46.1,1,38.7,C
CUST_04359,Male,Yes,33,Yes,Healthcare,1.0,High,3.0,Cat_6,Active,Medium,Medium,High,11.3,116.3,1316.2,19.4,35.1,0,56.3,B
CUST_04360,Female,Yes,59,Yes,Executive,10.0,High,3.0,Cat_4,Luxury,Low,Very High,High,10.5,255.6,2679.4,8.1,13.0,1,99.0,A
CUST_04361,Female,No,52,Yes,Doctor,9.0,Average,3.0,Cat_6,Luxury,Medium,Very High,High,12.1,296.5,3595.1,5.1,10.6,1,88.5,A
CUST_04362,Female,Yes,29,Yes,Artist,,Low,4.0,Cat_7,Casual,High,Low,Low,6.8,80.6,548.6,18.0,41.4,0,49.2,C
CUST_04363,Male,No,26,Yes,Homemaker,5.0,Low,3.0,,Budget,Very High,Low,Medium,8.4,99.2,832.1,25.8,44.0,1,60.7,C
CUST_04364,Female,No,24,Yes,Entertainment,7.0,Average,4.0,Cat_6,Active,Low,High,Medium,11.1,79.7,883.3,12.8,32.0,1,80.8,B
CUST_04365,Female,Yes,64,No,Lawyer,9.0,High,2.0,Cat_4,Active,Medium,Very High,Very High,16.3,254.4,4148.6,2.5,21.0,0,85.7,A
CUST_04366,Male,No,27,No,Artist,3.0,Low,2.0,Cat_6,Casual,Very High,Low,Medium,10.7,102.2,1089.5,7.5,58.7,0,41.0,C
CUST_04367,Male,Yes,54,Yes,Doctor,9.0,High,,Cat_6,Luxury,Medium,Very High,Very High,21.8,261.1,5685.9,3.0,8.5,1,90.9,A
CUST_04368,Female,Yes,41,Yes,Healthcare,4.0,Average,,Cat_3,Active,Medium,Medium,High,9.8,141.4,1384.0,21.4,23.2,1,60.7,B
CUST_04369,Male,No,41,Yes,Lawyer,7.0,Average,2.0,Cat_6,Luxury,Low,Very High,Very High,16.8,242.5,4071.9,8.0,19.2,1,66.8,A
CUST_04370,Female,Yes,46,Yes,Doctor,4.0,High,3.0,Cat_4,Luxury,Low,High,High,19.6,311.3,6108.3,5.1,18.1,1,90.8,A
CUST_04371,Male,Yes,68,Yes,Lawyer,5.0,High,3.0,,Luxury,Low,Very High,High,14.8,295.7,4386.7,9.0,5.8,1,89.3,A
CUST_04372,Female,Yes,36,Yes,Engineer,2.0,Average,1.0,Cat_5,Luxury,Low,Medium,Medium,12.8,173.7,2224.3,11.8,18.1,1,74.5,B
CUST_04373,Female,No,51,Yes,Executive,4.0,High,2.0,Cat_6,Luxury,Low,Very High,Very High,19.2,239.2,4586.3,2.3,7.7,1,92.3,A
CUST_04374,Male,Yes,32,No,Engineer,7.0,Average,3.0,Cat_5,Active,Low,High,Medium,11.3,135.7,1527.2,9.3,19.7,1,64.0,B
CUST_04375,Female,Yes,42,Yes,Engineer,6.0,High,2.0,Cat_3,Casual,Medium,Medium,High,14.4,148.0,2127.2,12.9,20.1,1,94.6,B
CUST_04376,Male,Yes,25,Yes,Artist,2.0,Average,3.0,Cat_5,Active,Medium,Medium,Medium,16.2,167.1,2704.3,13.4,42.0,1,87.5,B
CUST_04377,Male,Yes,48,Yes,Artist,4.0,Average,3.0,Cat_6,Luxury,Medium,High,Medium,9.9,115.3,1140.9,13.6,23.7,1,67.4,B
CUST_04378,Female,No,30,Yes,Artist,3.0,Low,2.0,Cat_6,Budget,High,Low,Medium,6.1,54.9,333.7,21.5,38.1,0,83.4,C
CUST_04379,Male,Yes,30,Yes,Artist,5.0,High,2.0,Cat_6,Active,Low,Very High,Very High,14.9,311.0,4620.9,3.1,11.3,1,84.6,A
CUST_04380,Female,Yes,33,Yes,Artist,6.0,High,3.0,Cat_5,Casual,Low,Medium,High,14.2,181.9,2587.2,16.2,24.7,0,68.8,B
CUST_04381,Female,No,50,Yes,Lawyer,10.0,High,2.0,Cat_4,Casual,Low,Very High,Very High,7.4,282.9,2106.3,8.5,10.9,1,88.8,A
CUST_04382,Male,Yes,22,Yes,Engineer,12.0,Average,2.0,Cat_6,Casual,Low,Very High,Medium,18.2,287.3,5226.5,7.4,14.8,0,85.6,A
CUST_04383,Female,No,45,Yes,Healthcare,2.0,High,4.0,Cat_6,Active,Low,Medium,Medium,7.4,147.7,1090.9,11.0,28.0,1,59.1,B
CUST_04384,Female,Yes,47,Yes,Healthcare,3.0,High,2.0,Cat_6,Active,Medium,Medium,High,12.1,147.2,1785.9,10.4,19.1,1,85.1,B
CUST_04385,Male,No,81,Yes,Homemaker,2.0,Low,3.0,Cat_6,Budget,High,Low,Very Low,1.2,42.5,51.8,37.4,5.2,0,26.0,D
CUST_04386,Male,Yes,24,No,Artist,5.0,Average,4.0,Cat_6,Active,Low,High,High,10.6,206.5,2178.5,11.2,31.5,1,81.5,B
CUST_04387,Male,No,46,No,Healthcare,0.0,Low,2.0,Cat_4,Budget,High,Very Low,Low,0.7,28.9,19.9,11.8,11.7,0,23.9,D
CUST_04388,Male,No,36,Yes,Artist,9.0,High,2.0,,Luxury,Low,Very High,High,20.4,218.7,4463.6,10.1,4.5,1,,A
CUST_04389,Female,Yes,37,No,Engineer,4.0,High,1.0,Cat_6,Luxury,Low,High,High,8.8,241.3,2115.5,1.6,13.1,1,100.0,A
CUST_04390,Male,Yes,27,Yes,Executive,5.0,High,1.0,Cat_4,Luxury,Low,Very High,Very High,17.7,268.3,4754.9,6.9,8.7,1,87.8,A
CUST_04391,Female,Yes,33,Yes,Executive,1.0,High,,Cat_4,Luxury,Low,High,High,14.9,203.2,3025.6,9.4,17.7,0,97.2,A
CUST_04392,Male,Yes,25,No,Artist,0.0,High,2.0,Cat_3,Active,Medium,Medium,High,17.6,127.4,2243.4,8.9,26.3,0,80.8,B
CUST_04393,Male,Yes,24,No,Marketing,0.0,Low,4.0,Cat_7,Casual,High,Medium,Medium,7.7,95.1,730.5,20.6,40.9,1,50.4,C
CUST_04394,Female,Yes,56,Yes,Lawyer,10.0,Average,3.0,Cat_6,Luxury,Medium,High,High,18.1,251.6,4558.1,8.1,9.2,1,76.8,A
CUST_04395,Female,No,72,No,Healthcare,3.0,Low,1.0,Cat_5,Budget,High,Low,Low,6.4,43.9,281.0,17.9,2.6,0,32.4,D
CUST_04396,Male,Yes,18,No,Artist,0.0,Average,2.0,Cat_7,Budget,High,Low,Medium,6.5,106.2,694.2,22.7,49.2,0,69.6,C
CUST_04397,Female,Yes,43,Yes,Engineer,1.0,High,2.0,Cat_6,Casual,Medium,High,Medium,14.0,96.6,1350.8,12.9,27.9,1,66.7,B
CUST_04398,Male,Yes,39,Yes,Doctor,11.0,Average,1.0,Cat_6,Luxury,Low,Very High,Medium,15.2,245.9,3743.0,5.9,12.8,1,86.4,A
CUST_04399,Female,Yes,27,No,Engineer,11.0,Average,4.0,Cat_6,Active,Low,Very High,Very High,16.8,280.7,4723.1,6.2,17.9,0,82.0,A
CUST_04400,Male,Yes,38,Yes,Lawyer,0.0,Average,3.0,Cat_4,Luxury,Low,High,Very High,17.2,269.3,4639.0,8.5,20.4,1,86.9,A
CUST_04401,Male,Yes,67,Yes,Executive,12.0,High,,,Luxury,Medium,Very High,Very High,16.1,292.3,4708.4,5.5,14.5,1,84.1,A
CUST_04402,Male,Yes,45,No,Healthcare,3.0,Average,2.0,Cat_5,Casual,Medium,Medium,High,14.4,158.8,2286.5,19.1,21.2,1,81.5,B
CUST_04403,Male,No,49,Yes,Doctor,7.0,High,3.0,Cat_6,Casual,Low,High,Very High,21.0,316.2,6647.9,2.4,23.4,1,91.0,A
CUST_04404,Male,No,37,No,Engineer,3.0,Average,4.0,Cat_3,Active,Low,Medium,High,9.4,147.5,1388.2,15.5,37.5,0,78.1,B
CUST_04405,Female,Yes,68,No,Healthcare,4.0,Low,2.0,Cat_6,Budget,High,Very Low,Low,5.2,42.5,220.8,33.3,13.5,0,21.9,D
CUST_04406,Male,No,19,Yes,Homemaker,3.0,Low,,Cat_1,Casual,High,Medium,Low,8.8,75.2,665.6,22.0,43.3,0,23.1,C
CUST_04407,Male,No,57,No,Healthcare,0.0,Low,1.0,Cat_5,Budget,High,Low,Low,0.7,38.6,25.7,29.6,8.2,0,12.2,D
CUST_04408,Female,Yes,40,Yes,Lawyer,3.0,High,2.0,,Active,Low,High,Very High,6.3,255.0,1610.0,7.9,16.3,1,82.6,A
CUST_04409,Male,Yes,32,Yes,Artist,8.0,High,1.0,Cat_3,Active,Low,High,High,10.2,97.8,1000.7,11.1,27.9,1,56.3,B
CUST_04410,Male,No,36,Yes,Engineer,2.0,Average,3.0,Cat_6,Casual,Medium,Medium,High,12.9,170.0,2188.5,14.1,25.1,0,76.0,B
CUST_04411,Male,No,58,Yes,Doctor,3.0,High,1.0,Cat_6,Casual,Low,High,High,13.6,340.6,4638.0,6.4,9.1,1,80.7,A
CUST_04412,Female,Yes,42,Yes,Executive,9.0,High,2.0,Cat_4,Luxury,Low,Very High,Very High,20.8,164.7,3423.9,3.1,16.5,1,,A
CUST_04413,Male,Yes,32,Yes,Marketing,1.0,Low,2.0,,Casual,Very High,Low,Low,6.0,77.9,468.4,14.8,57.1,1,50.0,C
CUST_04414,Female,Yes,26,No,Healthcare,1.0,Average,5.0,Cat_6,Eco-conscious,Very High,Low,Low,7.7,80.2,616.4,21.8,40.7,0,42.3,C
CUST_04415,Male,No,36,Yes,Healthcare,1.0,High,1.0,Cat_3,Luxury,Medium,Medium,High,12.6,112.1,1417.2,15.4,28.9,1,89.5,B
CUST_04416,Male,Yes,42,Yes,Engineer,0.0,Low,2.0,Cat_6,Casual,Medium,High,Medium,10.7,198.4,2114.1,16.6,41.9,0,69.2,B
CUST_04417,Male,Yes,46,Yes,Artist,6.0,Average,5.0,Cat_6,Active,Medium,Medium,Medium,12.8,202.3,2583.7,13.8,28.3,1,89.4,B
CUST_04418,Female,No,47,Yes,Lawyer,10.0,High,2.0,Cat_6,Casual,Low,Very High,Very High,15.7,227.3,3559.0,4.6,15.9,0,93.9,A
CUST_04419,Male,Yes,44,Yes,Entertainment,3.0,Average,3.0,Cat_6,Active,Medium,Medium,High,9.1,86.8,789.1,17.2,25.1,1,67.2,B
CUST_04420,Female,No,40,Yes,Artist,5.0,High,1.0,Cat_4,Luxury,Medium,Very High,High,17.6,334.6,5896.7,8.2,16.3,1,94.4,A
CUST_04421,Female,Yes,50,Yes,Lawyer,10.0,High,2.0,Cat_2,Active,Low,Very High,Very High,12.5,260.1,3255.9,3.3,14.7,1,88.6,A
CUST_04422,Male,No,53,No,Healthcare,0.0,Low,,Cat_6,Budget,Very High,Very Low,Very Low,5.3,57.2,303.1,45.6,17.3,1,29.4,D
CUST_04423,Female,No,30,Yes,Entertainment,6.0,Low,4.0,,Casual,Medium,Medium,High,15.5,183.7,2846.2,8.5,26.4,0,71.0,B
CUST_04424,Male,No,32,Yes,Healthcare,0.0,Low,4.0,Cat_6,Casual,High,Medium,Low,12.0,80.7,968.5,17.9,52.9,1,64.5,C
CUST_04425,Male,Yes,38,Yes,Artist,6.0,High,4.0,Cat_3,Active,Medium,Medium,High,12.5,121.3,1520.8,14.5,37.4,0,65.7,B
CUST_04426,Male,Yes,35,Yes,Engineer,0.0,Average,2.0,Cat_6,Casual,High,Medium,High,14.5,179.7,2609.0,9.4,27.5,0,81.1,B
CUST_04427,Male,Yes,33,Yes,Executive,12.0,High,1.0,,Luxury,Low,Very High,Very High,9.7,303.4,2942.2,10.6,13.5,0,69.5,A
CUST_04428,Female,No,51,Yes,Doctor,9.0,High,3.0,Cat_4,Luxury,Low,High,High,20.3,262.0,5312.2,8.8,7.4,1,84.0,A
CUST_04429,Male,Yes,49,Yes,Engineer,6.0,High,1.0,Cat_6,Active,Low,High,Medium,16.1,347.6,5583.2,9.4,13.6,1,80.1,A
CUST_04430,Male,No,34,Yes,Artist,0.0,Low,,Cat_7,Casual,Very High,Medium,Low,10.6,92.9,988.1,24.4,48.5,1,64.9,C
CUST_04431,Female,No,26,No,Artist,1.0,Low,,Cat_6,Budget,Very High,Low,Low,6.3,67.6,424.0,7.9,49.1,0,42.6,C
CUST_04432,Female,Yes,36,No,Artist,6.0,High,3.0,Cat_6,Active,Medium,High,High,10.7,148.3,1585.9,19.7,25.7,1,67.7,B
CUST_04433,Female,Yes,50,Yes,Artist,5.0,Average,3.0,Cat_6,Casual,High,Medium,High,16.5,110.9,1833.1,18.6,41.0,0,73.5,B
CUST_04434,Male,No,75,Yes,Healthcare,2.0,Low,1.0,Cat_5,Budget,Very High,Low,Low,2.8,45.2,128.4,46.1,9.7,0,38.3,D
CUST_04435,Female,Yes,57,Yes,Executive,0.0,High,4.0,Cat_6,Luxury,Low,Very High,Very High,17.2,216.1,3722.2,6.1,6.6,1,86.0,A
CUST_04436,Male,No,41,Yes,Engineer,4.0,High,1.0,Cat_5,Active,Low,Medium,High,7.3,209.0,1533.7,10.9,11.9,0,77.3,B
CUST_04437,Male,Yes,34,Yes,Engineer,2.0,Average,3.0,Cat_6,Active,Medium,High,High,11.6,151.1,1748.0,12.5,26.1,1,80.4,B
CUST_04438,Male,No,33,Yes,Homemaker,1.0,Low,4.0,Cat_7,Casual,High,Low,Medium,10.2,112.7,1149.3,19.4,50.5,1,56.6,C
CUST_04439,Male,No,53,No,Healthcare,2.0,Low,1.0,Cat_5,Budget,Very High,Low,Very Low,2.1,46.6,95.9,45.9,11.5,0,62.8,D
CUST_04440,Female,Yes,57,No,Engineer,5.0,High,2.0,Cat_6,Luxury,Low,High,Very High,15.7,275.5,4327.1,5.7,6.6,1,77.9,A
CUST_04441,Male,No,49,No,Homemaker,1.0,Low,2.0,Cat_6,Budget,Very High,Low,Very Low,2.0,50.1,102.2,23.0,12.3,0,5.0,D
CUST_04442,Female,No,40,No,Marketing,1.0,Average,4.0,Cat_7,Eco-conscious,High,Low,Medium,4.4,77.4,336.6,16.0,37.7,1,39.7,C
CUST_04443,Female,Yes,57,Yes,Doctor,5.0,Average,2.0,,Casual,Low,High,Medium,18.6,370.4,6901.3,9.0,15.6,1,93.8,A
CUST_04444,Male,Yes,33,Yes,Engineer,2.0,Average,2.0,Cat_3,Luxury,Low,Medium,High,14.9,122.4,1818.0,10.9,27.9,0,76.2,B
CUST_04445,Male,Yes,46,Yes,Entertainment,4.0,High,2.0,Cat_6,Casual,Low,High,High,14.7,143.4,2105.1,13.5,24.6,1,67.1,B
CUST_04446,Male,No,54,No,Healthcare,0.0,Low,1.0,Cat_4,Budget,High,Low,Very Low,0.8,77.7,62.4,37.5,15.0,0,24.7,D
CUST_04447,Male,Yes,43,Yes,Engineer,4.0,High,,Cat_6,Casual,Medium,Very High,Very High,16.7,320.4,5355.3,3.8,18.7,1,96.7,A
CUST_04448,Male,No,39,No,Healthcare,3.0,Low,3.0,Cat_6,Budget,High,Low,Medium,10.2,90.1,919.6,16.3,63.6,0,52.1,C
CUST_04449,Female,Yes,36,No,Healthcare,0.0,Average,3.0,Cat_6,Casual,High,High,High,13.3,163.9,2175.7,13.2,31.8,0,72.3,B
CUST_04450,Female,No,34,Yes,Marketing,3.0,Low,5.0,Cat_6,Budget,High,Medium,Medium,8.1,81.6,659.1,14.3,41.5,0,62.8,C
CUST_04451,Female,No,52,Yes,Artist,8.0,Average,1.0,Cat_3,,Medium,High,Medium,11.7,195.6,2290.9,13.4,16.0,0,60.2,B
CUST_04452,Male,Yes,28,Yes,Artist,3.0,High,1.0,Cat_6,Luxury,High,High,Medium,12.3,134.6,1656.1,19.4,22.6,0,82.1,B
CUST_04453,Male,No,32,Yes,Homemaker,1.0,Low,4.0,Cat_6,Casual,Very High,Medium,Medium,4.7,100.9,477.5,9.7,37.5,0,40.5,C
CUST_04454,Male,No,27,Yes,Artist,0.0,Low,3.0,Cat_1,Casual,High,Low,High,8.7,84.6,737.4,20.8,50.1,0,68.4,C
CUST_04455,Female,Yes,69,No,Lawyer,1.0,Average,2.0,Cat_4,Casual,High,Low,Low,6.4,10.0,64.3,31.9,25.2,0,36.4,D
CUST_04456,Female,Yes,58,Yes,Engineer,9.0,High,1.0,Cat_6,Luxury,Low,Very High,Very High,11.8,403.1,4763.6,7.1,18.7,1,85.7,A
CUST_04457,Female,Yes,37,No,Artist,2.0,Average,4.0,Cat_1,Budget,Very High,Low,Low,7.3,47.5,347.3,17.5,53.4,0,43.3,C
CUST_04458,Female,Yes,33,No,Engineer,6.0,High,1.0,Cat_6,Luxury,Medium,Very High,High,12.5,292.4,3666.1,6.9,13.1,1,96.4,A
CUST_04459,Female,Yes,39,Yes,Engineer,3.0,Low,3.0,Cat_5,Active,Medium,High,High,15.3,140.1,2140.7,7.8,23.1,0,89.8,B
CUST_04460,Male,Yes,36,No,Entertainment,4.0,Low,3.0,Cat_6,Active,Medium,Medium,High,6.6,139.1,915.2,9.1,33.6,1,85.7,B
CUST_04461,Female,No,57,Yes,Artist,1.0,Average,1.0,Cat_3,Luxury,Medium,High,Medium,8.5,190.8,1618.6,16.5,12.6,0,87.8,B
CUST_04462,Male,No,51,No,Engineer,2.0,High,2.0,Cat_3,Luxury,Low,High,Medium,7.3,141.7,1038.6,4.9,34.9,1,75.7,B
CUST_04463,Male,Yes,37,No,Homemaker,2.0,Average,1.0,,Budget,High,Low,Low,6.1,40.8,247.4,47.2,14.0,1,15.9,D
CUST_04464,Female,Yes,61,Yes,Executive,6.0,High,4.0,Cat_6,Luxury,Low,Very High,Medium,11.0,307.0,3367.1,7.2,13.7,1,89.0,A
CUST_04465,Female,No,33,No,Marketing,0.0,Low,4.0,Cat_1,Casual,High,Low,High,6.7,89.8,598.7,19.1,49.3,1,47.0,C
CUST_04466,Female,No,40,Yes,Artist,4.0,Average,3.0,Cat_3,Casual,High,High,High,14.7,167.7,2460.3,15.0,33.1,1,82.7,B
CUST_04467,Female,No,48,Yes,Artist,7.0,High,3.0,Cat_4,Luxury,Low,Very High,Very High,17.9,312.7,5585.0,6.9,19.7,1,83.8,A
CUST_04468,Female,Yes,43,Yes,Executive,6.0,High,2.0,Cat_6,Active,Low,Very High,Very High,17.4,236.5,4111.5,6.4,13.8,1,89.2,A
CUST_04469,Male,Yes,41,No,Lawyer,1.0,Low,1.0,Cat_6,Budget,High,Low,Very Low,3.6,41.4,149.2,28.4,14.2,0,37.8,D
CUST_04470,Female,Yes,57,Yes,Healthcare,0.0,Low,1.0,Cat_4,Budget,Very High,Low,Very Low,1.4,99.0,137.2,39.9,10.1,0,26.4,D
CUST_04471,Female,Yes,43,No,Lawyer,2.0,Low,2.0,Cat_4,Casual,High,Very Low,Low,3.6,23.0,81.8,39.1,7.3,0,25.8,D
CUST_04472,Female,Yes,49,Yes,Healthcare,1.0,Average,3.0,Cat_6,Budget,High,Low,Very Low,3.7,37.4,136.9,17.9,24.2,0,32.0,D
CUST_04473,Female,Yes,46,Yes,Doctor,7.0,Average,1.0,Cat_6,Active,Low,Very High,Very High,15.8,256.0,4043.2,6.3,12.7,0,100.0,A
CUST_04474,Male,Yes,32,Yes,Engineer,5.0,Average,5.0,Cat_6,Active,Low,Medium,High,13.7,146.7,2014.1,6.5,21.5,1,72.8,B
CUST_04475,Male,Yes,37,No,Artist,1.0,Low,2.0,Cat_7,Casual,High,Low,Medium,9.3,86.7,802.4,16.4,53.2,1,59.8,C
CUST_04476,Male,Yes,40,Yes,Entertainment,3.0,Average,3.0,Cat_6,Active,Medium,Medium,High,15.1,189.4,2856.8,12.6,38.9,0,86.5,B
CUST_04477,Female,Yes,37,Yes,Artist,1.0,Average,2.0,Cat_6,Casual,High,High,High,10.8,118.6,1274.9,10.0,19.2,0,73.4,B
CUST_04478,Male,Yes,25,No,Artist,8.0,Average,5.0,Cat_3,Active,Medium,Medium,High,10.7,168.1,1790.3,9.4,38.0,1,70.1,B
CUST_04479,Male,No,41,Yes,Engineer,3.0,High,3.0,Cat_3,Active,Medium,High,Medium,8.2,106.6,871.6,13.5,34.4,0,47.1,B
CUST_04480,Male,Yes,28,Yes,Engineer,9.0,Low,1.0,Cat_6,Casual,High,Medium,High,6.2,161.6,1009.0,14.4,36.5,0,68.2,B
CUST_04481,Male,Yes,47,No,Engineer,8.0,High,,Cat_6,Luxury,Low,Very High,Very High,15.1,205.8,3113.0,3.3,18.4,0,86.7,A
CUST_04482,Male,Yes,36,No,Entertainment,2.0,Average,,Cat_3,Active,Medium,Medium,Medium,12.0,153.6,1840.8,12.2,17.4,1,77.2,B
CUST_04483,Male,Yes,32,No,Artist,2.0,Average,1.0,Cat_6,Active,Medium,High,Medium,13.6,160.9,2191.1,13.4,21.0,0,71.3,B
CUST_04484,Male,Yes,40,No,Healthcare,4.0,Average,3.0,Cat_6,Active,Medium,Medium,Medium,6.2,212.0,1312.8,17.8,20.6,1,,B
CUST_04485,Female,Yes,46,Yes,Executive,9.0,Average,3.0,Cat_4,Luxury,Low,Very High,Very High,18.3,294.1,5379.1,3.1,20.6,1,86.9,A
CUST_04486,Female,No,35,No,Homemaker,,Low,3.0,Cat_6,Budget,Very High,Medium,Low,9.3,115.6,1071.1,7.4,40.6,0,33.3,C
CUST_04487,Female,No,52,Yes,Engineer,3.0,Average,1.0,Cat_6,Active,Low,Very High,Very High,13.2,230.6,3044.0,4.7,12.2,0,88.5,A
CUST_04488,Male,Yes,25,Yes,Engineer,,Average,2.0,Cat_6,Casual,Medium,High,Medium,15.1,177.2,2683.5,8.3,28.6,1,69.6,B
CUST_04489,Female,Yes,31,No,Artist,0.0,Low,2.0,Cat_6,Budget,High,Low,Medium,12.3,118.4,1453.1,16.9,50.9,1,40.5,C
CUST_04490,Male,Yes,31,Yes,Healthcare,5.0,High,1.0,Cat_3,Casual,Medium,High,High,11.4,170.2,1938.6,14.4,20.6,0,87.7,B
CUST_04491,Male,Yes,38,Yes,Engineer,7.0,Low,,Cat_6,Active,Low,High,Medium,17.2,155.0,2660.3,10.7,37.8,0,67.8,B
CUST_04492,Male,Yes,27,Yes,Marketing,0.0,Average,3.0,Cat_7,Casual,High,Low,Medium,5.0,68.9,345.6,19.1,49.5,0,48.9,C
CUST_04493,Male,No,35,Yes,Entertainment,6.0,Low,2.0,Cat_6,Casual,Medium,Medium,High,13.6,128.8,1751.3,8.5,25.1,0,,B
CUST_04494,Male,No,33,No,Healthcare,3.0,Low,5.0,Cat_6,Budget,High,Medium,Low,13.4,72.4,966.7,24.8,45.4,0,52.1,C
CUST_04495,Male,Yes,32,No,Healthcare,0.0,Low,4.0,Cat_6,Budget,Very High,Low,Medium,6.5,60.9,395.6,14.5,52.3,0,75.5,C
CUST_04496,Female,No,21,Yes,Homemaker,0.0,Average,3.0,Cat_6,Casual,High,Low,Medium,4.9,71.3,350.7,17.3,52.3,0,61.3,C
CUST_04497,Female,Yes,35,Yes,Entertainment,4.0,Low,3.0,Cat_5,Active,Medium,High,High,10.3,210.8,2162.5,8.8,41.9,1,88.4,B
CUST_04498,Female,Yes,45,Yes,Engineer,5.0,Average,2.0,Cat_6,Casual,Low,Very High,High,19.0,344.2,6555.2,11.2,14.8,1,88.8,A
CUST_04499,Female,Yes,31,No,Healthcare,5.0,Average,2.0,Cat_5,Active,Low,High,High,7.7,157.1,1212.1,13.0,32.5,1,65.9,B
CUST_04500,Female,Yes,25,Yes,Artist,4.0,Low,3.0,Cat_6,Active,Low,Medium,High,14.8,126.1,1861.1,18.3,30.8,1,70.4,B
CUST_04501,Female,No,57,Yes,Entertainment,3.0,Average,2.0,Cat_6,Casual,Medium,Medium,Medium,12.0,196.8,2367.5,18.2,29.2,1,80.7,B
CUST_04502,Male,Yes,32,Yes,Artist,0.0,Low,4.0,Cat_6,Casual,Medium,High,High,9.5,152.5,1455.4,10.9,23.7,0,74.9,B
CUST_04503,Female,Yes,50,Yes,Artist,6.0,Low,3.0,Cat_6,Active,Low,Medium,High,13.2,173.8,2293.6,9.9,27.3,0,56.5,B
CUST_04504,Male,Yes,43,No,Engineer,4.0,Average,1.0,Cat_4,Casual,Low,Very High,Very High,15.1,240.2,3627.8,8.9,11.4,0,89.7,A
CUST_04505,Male,Yes,26,No,Engineer,2.0,Low,5.0,Cat_6,Casual,Medium,Medium,Medium,12.5,176.9,2218.0,9.6,27.8,1,92.9,B
CUST_04506,Male,Yes,32,Yes,Entertainment,4.0,Low,4.0,Cat_3,Active,Medium,High,High,14.7,184.5,2719.6,8.5,21.4,1,,B
CUST_04507,Male,Yes,22,Yes,Healthcare,0.0,Low,4.0,Cat_1,Casual,Very High,Low,Medium,3.1,76.4,233.1,18.8,66.6,0,,C
CUST_04508,Male,Yes,32,Yes,Lawyer,6.0,High,4.0,Cat_6,Active,Low,Very High,High,18.3,294.9,5405.1,9.0,24.8,1,96.9,A
CUST_04509,Male,No,39,No,Entertainment,5.0,Average,6.0,Cat_5,Casual,Medium,High,Medium,10.8,189.1,2033.6,12.8,36.4,1,66.0,B
CUST_04510,Male,No,50,No,Homemaker,3.0,Low,,Cat_6,Budget,Very High,Low,Very Low,2.4,112.5,270.9,50.3,17.5,0,37.0,D
CUST_04511,Female,Yes,59,No,Executive,11.0,Average,1.0,Cat_6,Active,Low,Very High,Very High,15.4,354.3,5471.5,5.4,20.4,1,88.7,A
CUST_04512,Male,No,47,Yes,Artist,3.0,Average,3.0,Cat_6,Casual,Medium,Medium,High,10.8,121.6,1318.6,9.4,28.0,1,61.8,B
CUST_04513,Female,Yes,46,Yes,Executive,4.0,High,4.0,Cat_4,Luxury,Low,High,High,18.9,230.7,4356.2,7.6,15.3,1,96.9,A
CUST_04514,Female,Yes,21,Yes,Artist,2.0,Low,2.0,Cat_6,Budget,High,Low,Low,9.9,112.2,1109.9,17.7,49.4,0,51.2,C
CUST_04515,Female,Yes,45,Yes,Engineer,5.0,Average,1.0,Cat_3,Active,Medium,Medium,High,12.7,174.4,2208.2,12.8,20.6,0,84.1,B
CUST_04516,Male,Yes,33,Yes,Entertainment,3.0,Average,,Cat_6,,High,High,High,7.9,190.4,1509.3,4.5,26.1,0,72.2,B
CUST_04517,Male,Yes,36,Yes,Healthcare,3.0,Average,4.0,Cat_3,Luxury,Low,Medium,Medium,10.5,165.5,1732.5,13.6,21.1,0,75.5,B
CUST_04518,Male,Yes,63,No,Artist,0.0,Low,2.0,Cat_4,Budget,High,Low,Low,4.1,41.4,170.1,36.4,13.9,0,24.9,D
CUST_04519,Male,Yes,56,No,Artist,8.0,High,4.0,Cat_2,Active,Low,Very High,Very High,18.5,326.0,6035.2,2.1,18.0,1,90.6,A
CUST_04520,Male,No,38,Yes,Engineer,6.0,Average,3.0,,Casual,Low,Very High,Very High,19.4,378.9,7335.6,3.5,16.7,1,89.0,A
CUST_04521,Male,No,42,Yes,Lawyer,2.0,Low,3.0,Cat_6,Budget,High,Low,Low,2.5,51.5,131.2,18.4,0.0,0,37.7,D
CUST_04522,Male,Yes,36,Yes,Artist,8.0,Average,2.0,Cat_3,Luxury,Low,Medium,High,18.4,120.2,2205.5,10.6,28.0,0,66.9,B
CUST_04523,Female,No,42,No,Homemaker,0.0,Low,1.0,Cat_6,Budget,High,Low,Low,2.8,61.6,171.9,8.7,7.2,0,22.9,D
CUST_04524,Male,No,42,Yes,Engineer,0.0,High,3.0,Cat_5,Active,Low,High,Medium,13.2,152.0,2011.6,13.3,31.5,0,51.8,B
CUST_04525,Male,No,23,No,Marketing,1.0,Low,5.0,Cat_6,Eco-conscious,High,Medium,Medium,7.3,109.5,797.4,12.4,39.9,1,41.9,C
CUST_04526,Female,Yes,31,No,Engineer,7.0,Average,5.0,Cat_6,Casual,Low,High,Medium,9.7,136.5,1325.5,12.4,35.0,1,65.7,B
CUST_04527,Male,No,18,Yes,Healthcare,2.0,Low,2.0,Cat_1,Eco-conscious,High,Low,Medium,5.5,79.0,436.0,12.8,50.0,0,48.4,C
CUST_04528,Female,No,43,Yes,Homemaker,2.0,Low,1.0,Cat_6,Casual,High,Low,Very Low,4.5,40.9,185.0,40.1,3.2,0,14.1,D
CUST_04529,Male,Yes,39,No,Healthcare,2.0,Average,2.0,,Luxury,Low,High,High,9.5,168.4,1596.2,16.7,20.2,1,58.6,B
CUST_04530,Male,No,43,Yes,Doctor,1.0,Average,3.0,Cat_6,Luxury,Low,High,High,14.6,269.3,3943.8,6.2,25.5,1,86.4,A
CUST_04531,Male,Yes,36,Yes,Engineer,8.0,Average,4.0,Cat_6,Casual,High,High,High,10.6,118.1,1257.4,13.4,32.1,1,72.8,B
CUST_04532,Female,Yes,69,Yes,Artist,4.0,High,2.0,Cat_6,Luxury,Low,High,Very High,16.7,290.5,4854.7,10.2,17.6,1,77.6,A
CUST_04533,Male,No,56,Yes,Engineer,9.0,High,2.0,,Luxury,Medium,Very High,High,19.6,253.1,4970.3,2.9,16.3,1,84.8,A
CUST_04534,Female,Yes,38,Yes,Healthcare,4.0,Average,4.0,Cat_6,Casual,Low,Medium,Medium,7.9,163.4,1292.4,14.1,34.4,0,58.1,B
CUST_04535,Male,Yes,38,Yes,Engineer,3.0,High,1.0,Cat_6,Active,High,High,High,11.0,162.9,1783.9,14.2,30.3,0,61.8,B
CUST_04536,Female,Yes,42,Yes,Entertainment,3.0,Average,3.0,Cat_3,Active,Low,High,Medium,11.1,138.8,1537.6,8.1,35.5,1,78.4,B
CUST_04537,Male,Yes,37,Yes,Entertainment,,High,4.0,Cat_6,,Medium,High,High,10.6,141.0,1492.2,9.8,41.6,0,81.4,B
CUST_04538,Female,No,18,Yes,Homemaker,3.0,Low,1.0,Cat_6,Budget,High,Medium,High,7.7,90.2,697.1,14.5,52.4,1,64.9,C
CUST_04539,Male,Yes,53,Yes,Executive,6.0,Average,3.0,Cat_6,Luxury,Low,Very High,Very High,19.2,279.4,5358.5,11.0,15.4,1,91.7,A
CUST_04540,Male,Yes,47,No,Lawyer,6.0,High,2.0,Cat_6,Luxury,Low,High,Very High,23.1,168.8,3895.4,9.4,12.4,0,89.2,A
CUST_04541,Female,No,40,No,Engineer,,High,3.0,Cat_4,Luxury,Low,High,High,18.0,299.4,5385.2,9.5,19.4,1,98.3,A
CUST_04542,Female,Yes,40,No,Entertainment,3.0,Average,2.0,Cat_6,Casual,Medium,High,Medium,9.5,142.6,1355.2,12.2,39.7,1,68.5,B
CUST_04543,Female,Yes,27,Yes,Executive,7.0,Average,2.0,Cat_6,Luxury,Low,Very High,Very High,13.6,363.9,4943.0,7.2,19.6,1,85.2,A
CUST_04544,Female,Yes,32,Yes,Engineer,5.0,Average,3.0,Cat_3,Casual,Medium,High,Medium,16.0,164.3,2626.1,12.6,29.2,1,66.4,B
CUST_04545,Female,Yes,25,No,Artist,3.0,High,1.0,Cat_5,Active,High,High,High,7.0,165.5,1157.1,15.5,47.1,0,81.6,B
CUST_04546,Female,Yes,27,Yes,Artist,3.0,Low,,Cat_6,Casual,High,Low,Medium,4.2,91.6,380.6,13.2,53.3,1,58.4,C
CUST_04547,Male,Yes,53,Yes,Lawyer,7.0,Average,3.0,,Active,Low,High,Very High,19.9,400.6,7970.4,7.0,6.3,1,100.0,A
CUST_04548,Male,Yes,23,No,Healthcare,6.0,Low,1.0,Cat_6,Casual,High,Low,Low,7.7,76.6,589.5,22.5,39.7,0,52.0,C
CUST_04549,Female,No,34,No,Homemaker,1.0,Low,1.0,Cat_6,Budget,Very High,Medium,Low,4.6,112.5,521.0,11.9,59.1,1,53.3,C
CUST_04550,Male,Yes,33,Yes,Marketing,4.0,Low,6.0,Cat_1,,Very High,Medium,Medium,6.9,79.3,547.6,17.2,60.8,0,59.0,C
CUST_04551,Female,No,38,Yes,Lawyer,3.0,Low,2.0,Cat_6,Budget,High,Very Low,Very Low,3.6,57.1,203.9,22.7,18.6,0,29.0,D
CUST_04552,Male,Yes,31,Yes,Engineer,3.0,High,1.0,Cat_6,Luxury,Medium,High,Very High,23.7,329.0,7795.9,6.6,9.2,1,88.5,A
CUST_04553,Male,Yes,44,Yes,Executive,10.0,High,2.0,Cat_6,Luxury,Medium,Very High,Very High,16.3,292.7,4769.2,8.9,4.4,1,97.6,A
CUST_04554,Female,No,41,Yes,Homemaker,1.0,Low,1.0,Cat_4,Casual,High,Very Low,Low,2.1,63.8,132.6,36.2,9.9,0,29.9,D
CUST_04555,Female,Yes,30,Yes,Entertainment,0.0,Low,2.0,Cat_3,Active,Medium,Medium,High,13.6,170.8,2320.5,14.3,23.5,0,89.1,B
CUST_04556,Male,No,24,No,Entertainment,6.0,High,3.0,Cat_6,Active,Medium,High,High,11.8,210.1,2486.4,12.3,24.9,0,95.0,B
CUST_04557,Female,Yes,21,No,Homemaker,0.0,Low,2.0,Cat_6,Budget,Very High,Low,High,7.2,101.3,730.5,16.0,58.4,0,49.4,C
CUST_04558,Female,Yes,30,No,Artist,1.0,Low,3.0,Cat_7,Casual,High,Low,Low,6.4,114.5,728.5,24.4,40.7,0,50.8,C
CUST_04559,Female,No,85,Yes,Artist,1.0,Low,2.0,Cat_6,Budget,High,Low,Very Low,2.6,70.0,184.6,12.3,12.0,0,24.9,D
CUST_04560,Female,Yes,44,No,Healthcare,0.0,Low,3.0,Cat_6,Budget,Very High,Very Low,Low,3.1,62.1,195.2,47.3,14.0,0,23.2,D
CUST_04561,Female,Yes,39,No,Homemaker,1.0,Average,3.0,Cat_7,Budget,High,Low,Low,6.6,87.3,578.6,13.1,52.3,0,,C
CUST_04562,Male,Yes,37,Yes,Artist,2.0,High,1.0,Cat_3,Active,Medium,High,Medium,12.1,182.7,2210.0,14.3,27.5,1,53.7,B
CUST_04563,Female,Yes,52,No,Artist,0.0,Average,1.0,Cat_5,Budget,Very High,Low,Very Low,2.1,87.6,182.2,29.3,19.3,0,14.1,D
CUST_04564,Female,No,64,Yes,Engineer,,Average,2.0,Cat_6,Luxury,Low,Very High,High,18.2,330.6,6027.3,8.0,16.2,1,99.3,A
CUST_04565,Female,No,39,Yes,Engineer,3.0,Average,1.0,Cat_6,Active,Medium,Very High,Very High,16.1,333.0,5374.4,9.7,13.7,0,92.0,A
CUST_04566,Female,Yes,73,No,Healthcare,1.0,Low,2.0,Cat_6,Casual,Very High,Low,Low,7.6,65.5,500.2,41.6,13.4,0,39.0,D
CUST_04567,Female,No,51,No,Executive,5.0,Average,2.0,Cat_6,Active,Low,High,High,18.4,228.3,4200.5,4.1,14.7,1,94.8,A
CUST_04568,Female,No,30,Yes,Doctor,6.0,Average,1.0,Cat_6,Luxury,Low,Very High,Medium,18.4,252.7,4660.9,6.9,14.7,1,93.6,A
CUST_04569,Female,Yes,60,Yes,Doctor,7.0,High,2.0,Cat_6,Casual,Low,Very High,High,14.3,255.3,3657.8,5.3,10.4,1,79.3,A
CUST_04570,Female,No,52,Yes,Lawyer,2.0,Low,3.0,Cat_5,Budget,Very High,Low,Low,3.0,83.2,250.0,38.3,8.3,0,30.7,D
CUST_04571,Female,Yes,35,Yes,Engineer,5.0,Low,4.0,Cat_6,Active,High,Medium,Medium,7.1,156.2,1101.3,13.6,43.0,0,87.5,B
CUST_04572,Male,Yes,19,No,Marketing,2.0,Low,2.0,Cat_6,Casual,Very High,Medium,Low,11.6,111.4,1292.3,12.2,24.7,1,66.3,C
CUST_04573,Male,Yes,66,Yes,Doctor,8.0,High,3.0,Cat_2,Active,Medium,High,Very High,17.4,318.5,5544.9,8.6,12.9,1,84.2,A
CUST_04574,Female,Yes,34,No,Homemaker,1.0,Average,6.0,Cat_1,Budget,High,Low,Medium,7.0,66.1,460.0,10.8,42.5,0,44.1,C
CUST_04575,Male,No,18,Yes,Artist,2.0,Average,3.0,Cat_7,Budget,High,Low,Low,7.3,84.2,611.4,4.3,44.2,1,46.6,C
CUST_04576,Male,Yes,39,Yes,Healthcare,2.0,Average,5.0,Cat_3,Luxury,Low,High,High,12.0,188.0,2252.8,11.6,36.0,1,,B
CUST_04577,Female,Yes,46,Yes,Artist,2.0,High,2.0,Cat_3,Casual,Medium,High,High,8.9,112.1,996.1,11.2,29.6,0,51.4,B
CUST_04578,Female,No,33,No,Executive,4.0,High,4.0,Cat_6,Luxury,Medium,High,High,16.1,290.6,4683.2,6.8,18.6,1,92.9,A
CUST_04579,Male,No,31,No,Healthcare,2.0,Low,1.0,Cat_5,,High,Low,Low,3.7,66.7,248.8,36.9,7.6,1,18.5,D
CUST_04580,Female,Yes,32,No,Artist,,Average,4.0,Cat_1,Casual,High,Low,High,2.2,117.9,260.2,11.0,60.4,0,46.8,C
CUST_04581,Male,No,41,No,Healthcare,0.0,Average,2.0,Cat_6,Budget,High,Low,Low,6.2,38.2,237.1,47.3,5.8,0,13.7,D
CUST_04582,Female,Yes,36,Yes,Entertainment,3.0,Average,2.0,Cat_3,Active,Low,High,High,12.7,115.7,1467.6,12.6,20.7,1,54.6,B
CUST_04583,Male,No,32,No,Healthcare,0.0,Low,5.0,Cat_1,Budget,Very High,Medium,Low,7.2,94.0,681.4,16.0,45.9,0,53.3,C
CUST_04584,Female,Yes,34,No,Artist,1.0,Low,6.0,Cat_7,Budget,High,Medium,Low,8.0,84.3,675.5,15.5,50.3,0,37.8,C
CUST_04585,Female,No,24,No,Marketing,2.0,Average,3.0,Cat_1,Budget,Very High,Low,Medium,8.3,124.8,1039.2,32.8,51.0,1,44.6,C
CUST_04586,Female,Yes,53,No,Homemaker,1.0,Low,4.0,Cat_6,Budget,Very High,Low,Very Low,2.6,38.5,101.4,38.9,10.9,0,14.5,D
CUST_04587,Male,Yes,33,Yes,Healthcare,3.0,High,1.0,Cat_3,Active,Medium,High,Medium,11.0,170.2,1875.4,17.7,24.4,0,62.1,B
CUST_04588,Male,Yes,34,Yes,Artist,11.0,Average,1.0,Cat_6,Active,Low,Very High,Medium,11.8,299.3,3524.3,6.9,16.7,0,78.4,A
CUST_04589,Male,Yes,24,Yes,Artist,2.0,Low,4.0,Cat_6,Budget,Very High,Low,High,3.6,55.7,200.1,5.9,25.9,0,56.1,C
CUST_04590,Male,No,31,No,Homemaker,,Low,3.0,Cat_7,Budget,Very High,Medium,Low,5.8,46.6,271.1,7.7,53.8,1,51.0,C
CUST_04591,Male,Yes,41,No,Artist,4.0,Low,,Cat_6,Active,Medium,High,High,7.7,152.1,1166.6,3.8,37.3,1,65.5,B
CUST_04592,Male,Yes,53,Yes,Doctor,,Average,1.0,Cat_6,Luxury,Low,High,Very High,14.6,358.4,5221.1,5.7,7.0,1,82.1,A
CUST_04593,Male,Yes,35,Yes,Engineer,2.0,Average,4.0,Cat_3,,Medium,High,Medium,10.4,157.4,1645.1,11.5,19.6,0,70.4,B
CUST_04594,Male,Yes,38,No,Artist,4.0,Average,3.0,Cat_6,Active,High,High,High,9.2,219.8,2030.5,10.3,17.5,1,78.0,B
CUST_04595,Male,Yes,42,No,Engineer,1.0,High,2.0,Cat_6,Active,Low,High,Medium,9.6,159.5,1531.3,11.0,26.4,1,79.6,B
CUST_04596,Female,Yes,26,No,Homemaker,2.0,Low,4.0,Cat_6,Eco-conscious,Very High,Medium,Medium,10.3,122.9,1265.9,17.7,55.0,0,32.4,C
CUST_04597,Male,Yes,34,No,Marketing,3.0,Low,4.0,Cat_6,Casual,High,Medium,Medium,9.5,80.6,766.1,23.6,63.8,1,63.3,C
CUST_04598,Female,Yes,44,Yes,Executive,8.0,High,1.0,Cat_6,Casual,Low,Very High,Medium,12.6,326.5,4100.3,8.8,12.0,0,58.1,A
CUST_04599,Male,Yes,27,Yes,Artist,2.0,High,3.0,Cat_6,Active,Low,High,Medium,12.2,135.4,1656.3,6.8,28.7,1,51.9,B
CUST_04600,Male,No,35,Yes,Artist,3.0,Average,3.0,Cat_3,Casual,Medium,High,Medium,7.8,139.7,1088.4,11.3,37.4,1,61.6,B
CUST_04601,Male,Yes,59,Yes,Executive,7.0,High,2.0,Cat_6,Luxury,Low,High,Very High,18.1,309.3,5605.8,4.4,14.1,1,84.2,A
CUST_04602,Male,Yes,19,Yes,Artist,0.0,Low,3.0,Cat_7,Eco-conscious,Very High,Low,Medium,7.0,93.5,653.2,19.1,44.0,0,53.3,C
CUST_04603,Male,No,45,No,Lawyer,2.0,Low,1.0,Cat_5,,High,Very Low,Low,3.1,22.2,69.8,14.7,18.3,0,49.0,D
CUST_04604,Female,No,43,Yes,Engineer,6.0,Average,3.0,Cat_6,Casual,Medium,High,High,13.8,153.1,2115.9,8.0,42.4,0,59.7,B
CUST_04605,Female,No,24,Yes,Healthcare,2.0,Low,4.0,Cat_7,Eco-conscious,Very High,Low,Medium,10.5,89.8,942.9,25.5,52.5,1,52.2,C
CUST_04606,Male,No,53,No,Artist,0.0,Low,2.0,,Budget,High,Low,Very Low,1.5,54.0,81.3,25.3,12.6,0,36.2,D
CUST_04607,Male,No,22,Yes,Healthcare,1.0,Average,1.0,Cat_6,Budget,Very High,Medium,High,10.0,78.5,785.9,14.8,52.5,1,27.1,C
CUST_04608,Male,No,41,Yes,Lawyer,4.0,High,1.0,,Active,Low,Very High,High,14.8,300.5,4445.9,1.0,14.1,0,82.5,A
CUST_04609,Female,No,70,Yes,Artist,3.0,Low,3.0,Cat_4,Budget,Very High,Very Low,Very Low,3.5,32.9,114.9,25.2,21.0,0,27.6,D
CUST_04610,Male,Yes,47,Yes,Entertainment,6.0,High,3.0,Cat_6,Casual,Medium,High,Medium,13.2,110.9,1463.8,6.3,26.7,1,66.6,B
CUST_04611,Male,Yes,44,No,Engineer,3.0,Average,2.0,Cat_5,Casual,Low,Medium,High,10.4,145.2,1514.1,15.2,16.1,0,61.8,B
CUST_04612,Male,Yes,48,Yes,Lawyer,7.0,Average,2.0,Cat_4,Casual,Low,High,Very High,23.8,353.4,8410.2,4.8,15.3,0,84.1,A
CUST_04613,Female,No,40,Yes,Entertainment,6.0,Average,2.0,Cat_6,Luxury,Low,Medium,Medium,16.2,229.3,3726.3,12.9,26.8,0,57.3,B
CUST_04614,Female,No,53,Yes,Artist,4.0,High,2.0,Cat_6,,Low,High,Medium,16.9,300.1,5060.2,5.7,3.8,1,92.2,A
CUST_04615,Female,Yes,52,Yes,Executive,7.0,Average,2.0,Cat_4,Luxury,Medium,Very High,Very High,16.5,242.5,3996.6,8.6,9.3,1,,A
CUST_04616,Male,Yes,38,Yes,Engineer,8.0,Average,3.0,,,Medium,High,High,12.0,197.0,2365.9,11.0,36.4,1,75.2,B
CUST_04617,Male,Yes,26,Yes,Artist,1.0,Low,7.0,Cat_6,Budget,Very High,Low,High,6.9,85.3,590.9,22.1,62.6,0,69.9,C
CUST_04618,Male,No,30,No,Healthcare,0.0,Low,1.0,Cat_4,Budget,Very High,Low,Low,1.6,34.4,54.3,22.4,0.0,0,29.9,D
CUST_04619,Male,Yes,38,Yes,Artist,5.0,Average,4.0,Cat_6,Casual,Medium,Medium,Medium,16.4,145.6,2384.5,11.4,32.1,0,83.8,B
CUST_04620,Female,Yes,45,No,Healthcare,0.0,Average,1.0,Cat_6,Casual,High,Low,Low,1.5,36.2,53.2,39.5,4.0,1,31.9,D
CUST_04621,Male,No,66,No,Homemaker,1.0,Low,2.0,Cat_5,Casual,High,Low,Low,5.5,62.4,342.8,39.4,0.2,0,39.9,D
CUST_04622,Female,Yes,33,No,Artist,0.0,Average,1.0,Cat_1,Eco-conscious,High,Low,Low,7.8,93.8,735.0,16.2,68.3,1,57.0,C
CUST_04623,Male,Yes,43,Yes,Lawyer,8.0,High,1.0,Cat_4,Luxury,Medium,Very High,Very High,17.4,317.7,5519.4,6.4,17.5,1,,A
CUST_04624,Male,No,37,Yes,Homemaker,2.0,Low,3.0,Cat_1,,Very High,Low,Medium,6.6,119.3,789.9,15.9,50.8,1,61.0,C
CUST_04625,Female,No,50,No,Homemaker,4.0,Low,3.0,Cat_6,,High,Very Low,Low,4.9,62.6,305.9,21.1,23.3,1,52.1,D
CUST_04626,Male,No,24,No,Marketing,0.0,Low,4.0,Cat_1,Casual,High,Low,Low,11.5,54.2,624.6,6.8,43.9,0,67.1,C
CUST_04627,Male,Yes,41,Yes,Engineer,,Average,3.0,Cat_3,Casual,Medium,High,High,11.2,161.6,1818.4,7.8,18.1,1,72.7,B
CUST_04628,Male,Yes,51,Yes,Engineer,3.0,Average,1.0,Cat_6,Casual,High,Medium,Medium,8.4,103.9,877.7,16.3,29.7,0,78.5,B
CUST_04629,Male,Yes,27,Yes,Healthcare,0.0,Low,4.0,Cat_7,Casual,High,Low,Medium,9.7,85.0,821.7,8.1,56.5,1,52.6,C
CUST_04630,Male,Yes,31,No,Healthcare,5.0,Average,2.0,,Active,Medium,Medium,Medium,7.6,176.7,1336.8,12.1,37.1,0,56.2,B
CUST_04631,Female,Yes,30,Yes,Engineer,1.0,Average,3.0,Cat_6,Luxury,Low,Very High,Very High,19.2,279.3,5366.4,4.8,19.6,1,96.3,A
CUST_04632,Male,No,37,Yes,Engineer,1.0,Average,2.0,Cat_3,Active,Medium,High,Medium,8.0,214.9,1712.7,16.5,31.6,0,70.3,B
CUST_04633,Male,No,41,Yes,Healthcare,3.0,Low,4.0,Cat_6,Budget,High,Low,Medium,8.0,127.0,1013.2,19.7,51.5,1,59.1,C
CUST_04634,Female,No,60,Yes,Lawyer,2.0,Low,2.0,Cat_4,Casual,Very High,Low,Very Low,1.9,51.6,98.7,15.4,13.0,0,21.5,D
CUST_04635,Male,Yes,22,Yes,Executive,5.0,Average,2.0,Cat_2,Luxury,Medium,Very High,High,17.3,257.0,4454.8,6.7,15.6,1,89.6,A
CUST_04636,Male,Yes,44,Yes,Lawyer,1.0,Average,,Cat_5,Casual,High,Low,Low,3.0,70.9,212.7,29.7,17.3,0,32.8,D
CUST_04637,Female,Yes,60,Yes,Artist,,Low,2.0,Cat_5,Active,High,Medium,Medium,8.2,177.9,1460.6,10.7,27.4,1,68.3,B
CUST_04638,Female,No,35,No,Homemaker,1.0,Low,4.0,Cat_7,Casual,High,Low,Medium,6.4,105.9,672.7,15.5,49.1,1,39.7,C
CUST_04639,Female,No,20,Yes,Healthcare,4.0,Low,3.0,Cat_6,Casual,Very High,Medium,Low,11.9,96.0,1145.6,24.2,65.8,0,53.0,C
CUST_04640,Male,Yes,40,No,Artist,3.0,Low,3.0,Cat_1,Budget,Very High,Medium,Low,7.9,91.0,720.3,22.4,46.1,0,32.3,C
CUST_04641,Female,No,64,No,Healthcare,3.0,Low,1.0,Cat_6,Casual,High,Low,Low,2.8,89.1,251.6,36.9,1.3,0,32.1,D
CUST_04642,Female,Yes,29,Yes,Healthcare,5.0,Average,3.0,Cat_6,Active,High,High,Medium,8.7,173.1,1498.6,17.0,25.8,1,65.5,B
CUST_04643,Female,No,76,No,Healthcare,0.0,Average,1.0,Cat_6,,Very High,Low,Low,1.5,63.7,96.2,37.6,20.2,0,39.9,D
CUST_04644,Female,Yes,43,Yes,Executive,9.0,High,4.0,Cat_6,Luxury,Low,High,Very High,13.2,304.7,4009.5,8.3,10.0,0,73.1,A
CUST_04645,Female,Yes,25,Yes,Healthcare,2.0,Low,3.0,Cat_6,Casual,High,Low,Low,9.5,69.4,659.7,10.5,36.9,0,36.9,C
CUST_04646,Male,No,24,No,Artist,4.0,Low,4.0,,Casual,Very High,Medium,Medium,6.0,107.2,642.7,12.7,59.7,1,60.8,C
CUST_04647,Female,No,40,Yes,Marketing,3.0,Average,3.0,Cat_6,Casual,High,Low,Medium,11.2,75.8,849.9,17.2,55.2,0,41.6,C
CUST_04648,Male,Yes,37,Yes,Doctor,11.0,High,3.0,Cat_2,Luxury,Medium,High,Very High,22.2,310.0,6873.5,3.0,17.5,0,84.8,A
CUST_04649,Male,No,52,No,Lawyer,1.0,Average,2.0,Cat_5,Budget,High,Low,Low,3.2,43.4,138.8,45.5,7.6,0,25.6,D
CUST_04650,Male,No,40,Yes,Executive,9.0,High,4.0,Cat_6,Active,Low,High,Medium,16.5,327.5,5389.0,8.1,0.2,1,82.3,A
CUST_04651,Male,No,55,Yes,Lawyer,5.0,High,2.0,Cat_6,Active,Low,High,High,20.2,224.1,4537.7,5.5,25.6,0,98.0,A
CUST_04652,Female,Yes,32,Yes,Homemaker,0.0,Low,4.0,Cat_7,Budget,Very High,Medium,High,7.9,75.5,596.9,14.5,46.3,1,56.2,C
CUST_04653,Male,No,38,Yes,Engineer,2.0,Average,2.0,Cat_5,Casual,Medium,High,Medium,11.9,171.4,2044.8,15.0,33.7,1,75.7,B
CUST_04654,Female,No,33,No,Artist,2.0,Average,5.0,Cat_6,Casual,High,Medium,Medium,6.2,82.0,509.9,22.3,55.4,0,58.6,C
CUST_04655,Male,Yes,25,Yes,Artist,1.0,High,3.0,Cat_5,Casual,Medium,Medium,High,8.7,124.2,1080.2,11.0,44.4,0,80.7,B
CUST_04656,Female,Yes,54,Yes,Executive,10.0,High,2.0,,,Low,High,Very High,18.9,307.2,5794.0,6.0,18.3,1,100.0,A
CUST_04657,Male,No,22,No,Artist,0.0,Low,3.0,Cat_6,Casual,Very High,Low,High,13.1,83.5,1092.2,8.4,49.1,1,56.9,C
CUST_04658,Female,No,45,Yes,Artist,0.0,Average,1.0,Cat_6,Casual,Medium,Medium,High,12.9,185.3,2388.3,14.5,28.6,0,63.8,B
CUST_04659,Female,Yes,38,Yes,Doctor,6.0,High,2.0,Cat_6,Active,Medium,Very High,High,16.7,267.3,4460.6,6.0,13.7,0,85.8,A
CUST_04660,Female,Yes,19,Yes,Homemaker,4.0,Average,6.0,Cat_6,Casual,High,Medium,Medium,6.4,97.5,623.5,25.7,55.6,0,56.1,C
CUST_04661,Male,No,36,Yes,Artist,3.0,Low,2.0,Cat_6,Active,Low,High,High,11.2,201.6,2266.6,18.8,34.0,1,91.9,B
CUST_04662,Female,No,28,Yes,Artist,1.0,Low,4.0,Cat_1,Budget,High,Medium,Low,7.4,78.2,579.0,22.1,58.3,1,61.8,C
CUST_04663,Female,Yes,27,Yes,Engineer,2.0,Average,5.0,Cat_5,Active,Medium,Medium,High,17.8,144.4,2570.5,8.4,30.6,1,84.7,B
CUST_04664,Female,No,37,Yes,Artist,1.0,Low,4.0,Cat_1,Casual,High,Low,Low,8.5,93.5,792.0,18.3,49.3,0,23.4,C
CUST_04665,Female,No,18,Yes,Artist,2.0,Average,6.0,Cat_7,Eco-conscious,High,Medium,Low,9.4,118.7,1110.1,14.5,43.1,0,60.8,C
CUST_04666,Male,Yes,33,Yes,Artist,5.0,Low,5.0,Cat_1,Budget,High,Low,Low,1.3,90.1,117.4,21.8,48.7,0,67.4,C
CUST_04667,Female,No,30,Yes,Engineer,11.0,High,,Cat_6,Luxury,Low,Very High,Very High,13.2,237.6,3128.8,7.4,14.5,1,89.0,A
CUST_04668,Female,Yes,38,No,Artist,0.0,Low,1.0,Cat_6,Casual,High,Low,Medium,6.2,63.5,392.6,13.9,41.9,0,41.0,C
CUST_04669,Male,Yes,35,Yes,Marketing,,Low,5.0,Cat_6,Casual,High,Medium,Low,13.4,110.4,1478.5,18.0,45.1,0,66.9,C
CUST_04670,Male,Yes,29,Yes,Healthcare,1.0,Low,4.0,Cat_7,Casual,Very High,Medium,Low,7.6,36.9,279.1,15.9,38.4,1,58.2,C
CUST_04671,Female,No,32,No,Engineer,3.0,Average,4.0,Cat_5,Casual,Medium,High,High,8.8,151.1,1328.3,19.7,23.5,1,82.6,B
CUST_04672,Female,No,50,Yes,Artist,1.0,Low,1.0,Cat_5,Budget,Very High,Low,Very Low,1.5,33.1,48.7,32.4,18.0,0,30.9,D
CUST_04673,Male,No,24,Yes,Artist,0.0,Low,3.0,Cat_1,Casual,High,Medium,Medium,9.8,97.5,952.6,25.5,28.2,0,76.3,C
CUST_04674,Male,Yes,54,Yes,Lawyer,9.0,Average,1.0,Cat_6,Luxury,Low,Very High,High,14.2,309.2,4399.9,4.4,12.1,1,75.9,A
CUST_04675,Female,Yes,38,Yes,Entertainment,,High,2.0,Cat_6,Casual,High,High,High,8.6,127.5,1102.1,17.1,33.5,1,61.4,B
CUST_04676,Male,No,38,No,Homemaker,0.0,Low,1.0,Cat_5,Budget,Very High,Very Low,Low,3.0,36.7,108.9,34.7,19.4,1,49.9,D
CUST_04677,Female,Yes,48,No,Executive,7.0,Average,1.0,Cat_6,Luxury,Low,Very High,Very High,16.1,286.0,4604.4,7.3,13.1,1,100.0,A
CUST_04678,Female,No,45,No,Healthcare,2.0,Low,2.0,Cat_4,Budget,Very High,Very Low,Very Low,5.4,74.0,398.9,29.3,12.3,0,31.5,D
CUST_04679,Female,No,26,No,Healthcare,0.0,Low,2.0,Cat_6,Casual,High,Low,Medium,6.7,118.8,797.3,18.6,56.4,1,80.8,C
CUST_04680,Male,Yes,21,No,Artist,0.0,Low,4.0,Cat_1,Eco-conscious,High,Low,Medium,10.3,58.5,601.8,24.8,59.1,1,64.2,C
CUST_04681,Female,Yes,41,Yes,Engineer,0.0,Average,3.0,Cat_3,Casual,Medium,Medium,Medium,14.4,187.8,2711.7,8.1,11.4,1,68.1,B
CUST_04682,Male,Yes,62,Yes,Lawyer,8.0,High,3.0,Cat_6,Casual,Low,High,High,14.3,327.3,4678.0,5.9,14.3,1,78.3,A
CUST_04683,Female,No,54,Yes,Healthcare,2.0,Low,2.0,Cat_6,Casual,High,Low,Low,1.3,82.4,104.0,31.0,22.6,0,16.0,D
CUST_04684,Male,Yes,47,No,Artist,3.0,Low,1.0,Cat_5,,Medium,High,Medium,10.4,115.2,1202.0,13.5,22.8,1,,B
CUST_04685,Female,Yes,31,Yes,Healthcare,2.0,Low,3.0,Cat_1,,High,Low,Low,7.6,101.7,774.4,27.9,53.6,1,37.2,C
CUST_04686,Female,Yes,43,No,Engineer,0.0,High,,Cat_3,Casual,Medium,Medium,High,14.1,170.7,2401.3,7.7,31.5,0,86.5,B
CUST_04687,Male,Yes,43,Yes,Executive,6.0,High,1.0,Cat_4,Active,Low,Very High,Very High,23.0,242.6,5574.4,6.2,12.1,0,91.0,A
CUST_04688,Female,No,55,Yes,Lawyer,2.0,High,1.0,Cat_6,Luxury,Low,Very High,High,19.7,326.7,6447.6,4.0,13.3,0,87.5,A
CUST_04689,Male,No,32,Yes,Healthcare,7.0,Average,1.0,Cat_5,Casual,Medium,High,High,10.7,142.4,1529.2,10.0,20.6,0,80.8,B
CUST_04690,Male,Yes,58,Yes,Artist,3.0,Average,2.0,Cat_6,Budget,Very High,Low,Very Low,1.4,61.4,85.8,9.7,9.0,0,24.8,D
CUST_04691,Male,Yes,33,Yes,Healthcare,5.0,Average,4.0,Cat_3,Active,Medium,High,Medium,8.5,143.4,1214.3,19.1,37.9,0,62.1,B
CUST_04692,Female,Yes,38,Yes,Engineer,5.0,High,3.0,Cat_6,Active,Medium,High,High,14.2,157.6,2245.4,18.5,31.6,1,82.1,B
CUST_04693,Male,Yes,55,Yes,Engineer,5.0,Average,3.0,Cat_6,Casual,Low,Medium,Medium,9.9,145.9,1441.4,13.6,25.2,1,79.7,B
CUST_04694,Male,Yes,46,Yes,Engineer,2.0,High,3.0,Cat_6,Active,Medium,High,Medium,9.4,114.8,1084.8,13.9,24.9,1,84.4,B
CUST_04695,Male,No,31,Yes,Healthcare,1.0,Average,3.0,Cat_5,Casual,High,Medium,High,11.2,201.2,2245.8,15.1,29.6,1,88.8,B
CUST_04696,Female,Yes,43,Yes,Lawyer,2.0,Low,3.0,Cat_5,Casual,Very High,Low,Low,5.0,56.2,281.0,17.5,22.1,0,17.0,D
CUST_04697,Female,Yes,37,No,Artist,8.0,High,2.0,Cat_6,Luxury,Low,Medium,High,12.9,171.4,2212.5,14.8,40.7,1,64.2,B
CUST_04698,Male,Yes,44,Yes,Engineer,5.0,Average,3.0,Cat_5,Active,Medium,High,Medium,9.6,172.0,1651.2,15.1,31.2,0,59.1,B
CUST_04699,Male,Yes,65,Yes,Doctor,7.0,High,2.0,Cat_2,Luxury,Low,High,Very High,17.2,224.8,3865.5,4.3,21.3,0,88.4,A
CUST_04700,Male,No,56,Yes,Healthcare,0.0,Low,2.0,Cat_6,Budget,High,Low,Low,3.1,60.0,185.4,23.9,7.8,1,16.1,D
CUST_04701,Female,Yes,63,No,Engineer,,High,1.0,Cat_2,Luxury,Low,Very High,Very High,15.7,289.9,4557.3,7.7,15.3,1,87.4,A
CUST_04702,Male,No,49,Yes,Engineer,5.0,Average,,Cat_6,Luxury,Low,Very High,High,13.1,271.1,3559.5,7.3,11.8,1,96.4,A
CUST_04703,Male,Yes,26,No,Homemaker,2.0,Low,4.0,Cat_1,Budget,High,Low,High,7.8,103.2,806.2,31.6,46.7,0,64.6,C
CUST_04704,Female,Yes,40,Yes,Artist,1.0,High,4.0,Cat_6,Active,Medium,High,High,8.8,231.8,2038.4,2.2,27.7,0,78.9,B
CUST_04705,Female,No,24,No,Engineer,4.0,Low,3.0,Cat_6,Casual,Medium,Medium,Medium,9.3,186.0,1723.9,11.2,18.0,1,70.0,B
CUST_04706,Male,Yes,29,No,Healthcare,3.0,Low,2.0,Cat_5,Active,Medium,Medium,High,9.7,214.5,2071.3,9.7,37.5,0,75.8,B
CUST_04707,Female,Yes,23,Yes,Marketing,0.0,Low,5.0,Cat_6,,Very High,Low,Low,8.5,87.3,741.7,28.3,69.6,1,52.2,C
CUST_04708,Female,Yes,62,Yes,Executive,12.0,High,1.0,Cat_6,Luxury,Low,Very High,High,14.6,237.1,3450.9,4.3,21.3,1,100.0,A
CUST_04709,Female,Yes,29,No,Homemaker,1.0,Average,4.0,Cat_6,Budget,Very High,Low,High,8.7,47.6,411.7,20.7,52.8,0,65.6,C
CUST_04710,Female,No,26,Yes,Marketing,3.0,Average,5.0,Cat_1,Budget,High,Low,Low,6.8,61.7,418.1,14.9,43.6,1,46.4,C
CUST_04711,Female,No,39,Yes,Artist,5.0,Average,1.0,,,Low,High,Medium,11.6,171.8,1985.3,10.4,25.5,0,74.3,B
CUST_04712,Female,Yes,31,No,Entertainment,5.0,High,4.0,Cat_5,Active,Medium,High,High,11.2,182.4,2051.4,16.5,39.0,0,,B
CUST_04713,Male,Yes,67,Yes,Executive,3.0,High,2.0,Cat_4,Luxury,Low,High,Very High,21.4,299.5,6396.8,3.3,24.2,0,83.1,A
CUST_04714,Male,Yes,36,Yes,Homemaker,2.0,Low,3.0,Cat_1,Casual,High,Low,Low,8.9,102.0,906.5,22.8,44.7,1,51.1,C
CUST_04715,Male,Yes,59,Yes,Healthcare,4.0,High,3.0,Cat_3,Luxury,Low,High,High,14.4,183.1,2644.8,9.1,27.6,1,66.6,B
CUST_04716,Male,Yes,44,Yes,Engineer,3.0,Low,2.0,Cat_6,Active,Low,High,High,7.1,134.6,958.8,11.9,16.4,0,67.6,B
CUST_04717,Male,Yes,29,Yes,Entertainment,5.0,Average,1.0,Cat_6,Casual,Low,Medium,High,12.3,186.6,2289.6,17.2,26.4,1,70.4,B
CUST_04718,Male,No,50,No,Lawyer,1.0,Low,1.0,Cat_6,Budget,High,Low,Very Low,4.0,62.8,253.6,26.5,6.2,0,19.9,D
CUST_04719,Male,Yes,54,Yes,Artist,3.0,Average,6.0,Cat_3,Luxury,Medium,High,High,7.7,126.2,965.8,6.4,33.7,0,70.9,B
CUST_04720,Male,No,36,Yes,Healthcare,,Low,2.0,Cat_6,Budget,High,Very Low,Low,4.0,73.3,292.1,31.2,0.0,0,33.0,D
CUST_04721,Male,Yes,24,No,Entertainment,5.0,Average,4.0,Cat_6,Casual,Low,High,High,11.6,161.5,1871.1,7.4,20.7,1,71.3,B
CUST_04722,Male,No,50,Yes,Engineer,9.0,Average,2.0,Cat_6,Luxury,Medium,Very High,High,14.6,264.1,3866.6,7.1,16.4,1,82.9,A
CUST_04723,Male,No,36,Yes,Doctor,7.0,High,2.0,Cat_6,Active,Medium,Very High,Very High,14.5,316.0,4575.5,8.0,18.9,1,82.7,A
CUST_04724,Female,No,38,Yes,Entertainment,3.0,Average,1.0,Cat_6,Luxury,High,High,Medium,10.2,154.2,1578.1,12.1,23.2,1,,B
CUST_04725,Male,Yes,48,Yes,Lawyer,3.0,Average,2.0,Cat_2,Active,Medium,Very High,High,22.3,211.0,4705.1,4.8,16.6,1,91.3,A
CUST_04726,Male,Yes,58,No,Artist,,Average,3.0,Cat_4,Luxury,Medium,High,High,14.8,232.1,3442.7,7.9,21.8,1,99.4,A
CUST_04727,Male,No,36,No,Lawyer,0.0,Low,1.0,Cat_4,Budget,Very High,Low,Low,4.3,65.6,280.1,43.7,0.0,0,22.3,D
CUST_04728,Female,Yes,32,No,Artist,4.0,Average,2.0,Cat_6,Budget,Very High,Medium,Medium,8.3,84.7,706.0,23.6,47.9,1,54.7,C
CUST_04729,Male,No,36,Yes,Homemaker,0.0,Low,4.0,Cat_1,Budget,High,Medium,Medium,7.6,71.4,540.7,23.3,48.0,0,39.8,C
CUST_04730,Female,Yes,55,Yes,Executive,7.0,High,1.0,Cat_4,Luxury,Low,Very High,Very High,17.3,318.5,5517.0,5.2,11.6,1,95.2,A
CUST_04731,Male,Yes,51,Yes,Engineer,1.0,Average,3.0,Cat_2,Luxury,Low,High,Very High,12.9,248.6,3213.2,5.6,20.5,1,90.1,A
CUST_04732,Male,Yes,59,Yes,Artist,5.0,Average,5.0,Cat_6,Active,Low,High,Very High,15.1,191.9,2892.4,3.9,23.2,1,73.7,A
CUST_04733,Male,Yes,25,No,Marketing,2.0,Average,2.0,Cat_7,Casual,High,Low,Medium,6.3,69.0,438.1,21.9,43.1,0,40.3,C
CUST_04734,Female,Yes,41,No,Lawyer,2.0,Low,1.0,Cat_6,Casual,High,Very Low,Low,1.2,82.1,101.8,36.6,1.9,0,43.0,D
CUST_04735,Female,Yes,48,Yes,Artist,4.0,High,2.0,Cat_6,Casual,Medium,Medium,High,10.6,187.1,1985.5,7.6,32.2,1,81.2,B
CUST_04736,Female,No,74,Yes,Artist,9.0,Average,2.0,Cat_4,Luxury,Low,High,Very High,14.9,237.2,3543.4,9.0,17.8,1,89.4,A
CUST_04737,Female,Yes,50,Yes,Engineer,2.0,Average,5.0,Cat_6,Active,Medium,High,Medium,10.2,138.7,1420.1,12.6,18.8,1,77.5,B
CUST_04738,Female,Yes,46,Yes,Engineer,6.0,Average,4.0,,Casual,Medium,Medium,Medium,9.3,164.4,1535.8,13.1,32.6,0,73.7,B
CUST_04739,Female,Yes,32,Yes,Entertainment,1.0,Low,4.0,Cat_5,Active,Medium,Medium,High,11.3,172.0,1939.6,13.2,20.9,1,66.3,B
CUST_04740,Female,No,18,No,Homemaker,1.0,Low,2.0,Cat_6,Eco-conscious,High,Medium,Low,4.8,54.7,260.0,18.3,45.6,1,54.8,C
CUST_04741,Female,Yes,29,No,Artist,2.0,Average,2.0,,,Very High,Low,Low,7.0,53.4,373.6,17.4,44.5,0,50.1,C
CUST_04742,Male,No,54,Yes,Engineer,6.0,Average,2.0,Cat_4,Luxury,Low,Very High,Very High,20.0,318.4,6371.1,5.3,23.5,1,86.5,A
CUST_04743,Male,No,64,Yes,Executive,10.0,Average,1.0,Cat_2,Luxury,Low,Very High,Very High,21.1,303.3,6384.9,7.6,23.8,1,83.3,A
CUST_04744,Female,No,69,No,Lawyer,0.0,Low,1.0,Cat_5,Casual,High,Very Low,Very Low,1.0,25.7,25.8,32.8,17.7,0,14.3,D
CUST_04745,Male,No,60,Yes,Engineer,8.0,High,3.0,Cat_2,Casual,Medium,Very High,Very High,16.0,326.3,5215.4,6.5,10.4,0,92.2,A
CUST_04746,Male,Yes,50,Yes,Executive,6.0,High,2.0,Cat_4,Casual,Medium,Very High,Very High,15.9,315.1,5005.0,9.9,20.0,0,92.9,A
CUST_04747,Male,Yes,53,Yes,Doctor,11.0,High,1.0,Cat_6,Luxury,Low,Very High,Very High,17.8,267.0,4754.3,6.2,13.5,1,89.9,A
CUST_04748,Female,No,58,Yes,Engineer,6.0,High,2.0,Cat_6,Luxury,Low,Very High,High,10.0,220.3,2208.7,9.2,11.4,1,90.8,A
CUST_04749,Female,Yes,57,Yes,Entertainment,5.0,Low,5.0,Cat_5,Casual,Medium,Medium,Medium,11.8,196.5,2324.2,10.0,22.5,1,68.3,B
CUST_04750,Male,No,26,Yes,Marketing,,Low,4.0,Cat_7,Casual,Very High,Low,Medium,6.1,117.3,714.6,22.7,55.5,0,40.0,C
CUST_04751,Female,Yes,39,Yes,Engineer,3.0,Average,2.0,Cat_5,Luxury,Low,Medium,High,13.0,193.0,2499.7,9.6,18.3,1,69.7,B
CUST_04752,Female,Yes,34,No,Healthcare,2.0,Average,1.0,Cat_6,Active,Medium,Medium,Medium,14.5,179.0,2601.4,10.0,18.4,1,76.9,B
CUST_04753,Female,Yes,25,Yes,Artist,1.0,Low,5.0,Cat_6,Budget,Very High,Low,Low,9.6,35.1,337.4,17.9,44.8,0,48.7,C
CUST_04754,Male,Yes,34,Yes,Engineer,3.0,Average,5.0,Cat_6,Active,Medium,High,Medium,2.0,158.3,316.5,11.4,32.6,1,73.9,B
CUST_04755,Male,No,18,No,Healthcare,0.0,Low,2.0,Cat_5,Budget,Very High,Low,Low,2.5,52.7,131.5,28.7,13.9,0,34.8,D
CUST_04756,Female,Yes,28,Yes,Healthcare,2.0,Low,1.0,Cat_6,Casual,High,Low,Low,3.4,27.8,93.8,33.5,13.5,0,34.3,D
CUST_04757,Female,No,44,Yes,Engineer,4.0,Average,1.0,Cat_4,Luxury,Medium,High,Very High,20.3,240.4,4881.9,2.6,13.8,1,82.8,A
CUST_04758,Male,Yes,24,Yes,Homemaker,1.0,Low,4.0,Cat_6,Casual,High,Medium,Low,6.9,70.2,481.8,24.7,53.1,0,61.2,C
CUST_04759,Female,No,28,Yes,Artist,5.0,High,2.0,Cat_6,Active,Medium,High,High,10.2,126.4,1285.5,12.7,24.5,1,74.7,B
CUST_04760,Female,No,54,No,Healthcare,2.0,Low,1.0,Cat_4,Budget,High,Very Low,Low,5.1,39.5,200.8,32.3,14.3,1,28.6,D
CUST_04761,Female,No,41,No,Healthcare,5.0,Low,3.0,Cat_5,Casual,Low,Medium,Medium,13.1,179.2,2351.1,14.1,35.8,1,46.9,B
CUST_04762,Male,Yes,45,No,Healthcare,3.0,Low,,Cat_4,Budget,High,Very Low,Very Low,2.7,60.9,167.1,41.2,15.9,1,15.6,D
CUST_04763,Female,Yes,25,Yes,Marketing,0.0,Average,1.0,Cat_6,Casual,High,Low,Low,5.8,68.5,396.7,26.4,39.1,0,52.8,C
CUST_04764,Female,Yes,54,Yes,Engineer,2.0,Average,2.0,Cat_6,Luxury,Low,High,High,15.8,356.4,5616.7,3.7,26.0,1,81.1,A
CUST_04765,Female,Yes,34,Yes,Entertainment,3.0,Average,3.0,Cat_6,Luxury,Medium,High,High,8.9,166.1,1477.6,10.6,19.1,0,75.2,B
CUST_04766,Female,Yes,67,No,Homemaker,3.0,Low,,Cat_4,Casual,Very High,Low,Low,6.0,53.8,322.9,21.0,23.1,0,5.1,D
CUST_04767,Male,Yes,61,No,Healthcare,1.0,Average,1.0,Cat_5,Casual,Very High,Low,Low,1.0,64.8,66.2,26.0,9.1,0,34.4,D
CUST_04768,Male,No,67,Yes,Lawyer,7.0,Average,2.0,Cat_6,Active,Low,High,Very High,17.7,223.0,3952.2,7.0,12.1,1,78.0,A
CUST_04769,Male,Yes,26,Yes,Homemaker,2.0,Low,2.0,Cat_1,Budget,High,Low,Low,3.8,74.0,277.9,11.1,41.0,0,65.1,C
CUST_04770,Male,Yes,44,Yes,Entertainment,6.0,High,4.0,Cat_6,Casual,Medium,High,High,7.3,195.0,1417.8,15.3,33.0,0,50.9,B
CUST_04771,Male,No,27,Yes,Executive,4.0,High,2.0,Cat_6,Luxury,Low,Very High,Very High,13.3,328.8,4386.9,5.6,13.4,1,100.0,A
CUST_04772,Female,Yes,35,Yes,Artist,4.0,Average,3.0,Cat_3,Casual,Medium,High,Medium,14.0,170.0,2373.4,14.6,30.1,0,48.6,B
CUST_04773,Female,Yes,57,Yes,Executive,7.0,Average,2.0,Cat_6,Casual,Medium,High,High,20.7,346.3,7157.9,8.9,14.0,1,94.7,A
CUST_04774,Female,Yes,18,Yes,Artist,,Low,2.0,Cat_1,Budget,Very High,Medium,Medium,8.1,101.5,821.1,22.0,53.5,0,46.9,C
CUST_04775,Female,No,24,Yes,Artist,5.0,Average,1.0,Cat_6,Casual,Low,Medium,High,12.3,156.8,1924.7,7.2,17.3,0,70.5,B
CUST_04776,Female,Yes,25,No,Marketing,1.0,Average,4.0,Cat_1,Casual,High,Low,Low,8.0,79.4,636.6,6.8,32.2,0,55.3,C
CUST_04777,Female,Yes,58,Yes,Executive,7.0,Average,2.0,Cat_6,Luxury,Low,Very High,High,15.8,346.8,5472.2,6.1,14.8,1,66.4,A
CUST_04778,Male,Yes,47,Yes,Engineer,4.0,High,1.0,Cat_3,Active,Low,Medium,High,12.3,152.1,1876.1,14.2,19.9,0,86.5,B
CUST_04779,Male,Yes,67,Yes,Artist,6.0,High,1.0,Cat_6,Luxury,Low,High,Very High,10.8,252.8,2738.2,9.3,8.4,0,92.7,A
CUST_04780,Male,Yes,41,No,Executive,8.0,Average,4.0,Cat_6,Luxury,Low,Very High,Very High,16.9,302.1,5100.2,7.9,10.1,0,76.6,A
CUST_04781,Female,Yes,53,No,Engineer,11.0,Average,2.0,Cat_6,Luxury,Low,Very High,High,16.9,274.4,4646.9,2.1,21.9,1,81.5,A
CUST_04782,Female,Yes,42,Yes,Executive,14.0,Average,2.0,Cat_6,Active,Low,Very High,Very High,18.5,323.9,5991.5,12.0,19.6,1,77.3,A
CUST_04783,Male,Yes,25,No,Engineer,2.0,Average,3.0,Cat_6,,Medium,Medium,High,11.3,116.5,1313.6,14.9,28.7,0,79.5,B
CUST_04784,Male,Yes,33,No,Entertainment,1.0,High,1.0,Cat_3,Casual,Medium,Medium,High,5.5,241.6,1333.2,13.4,31.3,0,85.1,B
CUST_04785,Female,No,58,Yes,Engineer,2.0,High,,Cat_6,Active,Medium,Medium,Medium,13.6,135.6,1844.1,20.2,16.8,0,64.9,B
CUST_04786,Male,Yes,56,No,Artist,2.0,Average,2.0,Cat_5,Active,Medium,High,Medium,11.5,181.3,2078.1,10.9,44.0,1,64.6,B
CUST_04787,Male,No,31,Yes,Homemaker,5.0,Low,1.0,Cat_6,Casual,Very High,Low,Low,1.9,29.8,58.0,51.9,6.3,0,36.7,D
CUST_04788,Female,No,57,No,Homemaker,4.0,Average,1.0,Cat_4,Casual,Very High,Very Low,Low,4.2,63.3,264.1,36.5,21.5,1,49.1,D
CUST_04789,Female,No,46,Yes,Engineer,6.0,High,2.0,Cat_5,Luxury,High,High,High,13.0,182.0,2364.0,15.2,28.0,0,,B
CUST_04790,Female,Yes,25,Yes,Engineer,5.0,Average,5.0,Cat_3,Casual,Medium,High,High,10.6,172.9,1831.8,14.8,24.7,0,68.5,B
CUST_04791,Male,Yes,33,Yes,Engineer,5.0,Average,,Cat_6,Luxury,Medium,Very High,Very High,12.8,307.0,3939.1,2.0,17.6,0,100.0,A
CUST_04792,Male,No,44,Yes,Healthcare,4.0,Low,2.0,Cat_6,Casual,High,Very Low,Low,3.1,20.1,61.9,40.5,5.4,0,35.9,D
CUST_04793,Female,Yes,39,Yes,Executive,2.0,High,2.0,,Luxury,Low,High,High,17.9,368.0,6588.6,3.2,15.4,0,91.9,A
CUST_04794,Female,No,29,Yes,Artist,0.0,Average,2.0,Cat_6,,Low,High,Medium,13.1,125.7,1646.1,10.9,10.4,0,93.4,B
CUST_04795,Male,Yes,30,Yes,Engineer,3.0,High,3.0,Cat_3,Casual,Low,Medium,High,7.9,146.4,1154.3,16.8,38.0,0,78.0,B
CUST_04796,Male,Yes,25,Yes,Entertainment,2.0,Average,5.0,Cat_3,Active,Low,Medium,Medium,9.4,171.2,1611.2,4.3,31.0,0,51.3,B
CUST_04797,Male,Yes,41,Yes,Executive,13.0,Average,2.0,Cat_6,Casual,Low,Very High,Very High,16.9,263.7,4443.7,9.6,10.8,1,84.6,A
CUST_04798,Female,No,28,Yes,Artist,1.0,Low,2.0,Cat_6,,High,Low,Low,6.8,108.7,744.5,12.9,52.8,1,40.2,C
CUST_04799,Male,Yes,54,No,Executive,4.0,High,3.0,Cat_6,Luxury,Low,Very High,Very High,13.3,278.9,3720.2,6.5,11.3,1,87.6,A
CUST_04800,Female,Yes,22,No,Healthcare,3.0,Low,5.0,Cat_1,Casual,Very High,Low,Medium,11.1,53.0,586.1,32.1,47.6,1,54.1,C
CUST_04801,Male,No,45,Yes,Doctor,6.0,High,1.0,Cat_4,Active,Low,Very High,High,14.9,291.0,4349.3,3.6,20.2,1,90.6,A
CUST_04802,Male,No,27,Yes,Executive,11.0,High,1.0,Cat_6,Luxury,Medium,Very High,Very High,19.0,199.1,3780.7,6.5,20.1,1,87.1,A
CUST_04803,Male,Yes,41,No,Artist,3.0,Low,1.0,Cat_6,Budget,High,Low,Very Low,1.5,70.9,104.7,34.9,9.9,0,22.4,D
CUST_04804,Male,No,56,No,Doctor,2.0,High,1.0,Cat_6,Active,Low,Very High,Very High,17.8,242.2,4316.8,6.0,16.2,1,94.3,A
CUST_04805,Male,Yes,35,No,Healthcare,2.0,Average,5.0,Cat_6,Eco-conscious,High,Low,Medium,6.1,61.6,377.2,12.4,60.1,0,50.5,C
CUST_04806,Male,Yes,42,No,Engineer,4.0,Average,3.0,Cat_5,Casual,Medium,Medium,High,6.0,148.3,892.2,5.8,18.3,0,87.3,B
CUST_04807,Female,Yes,62,Yes,Doctor,3.0,Average,1.0,Cat_6,Luxury,Low,Very High,High,14.5,257.1,3729.7,4.4,20.7,1,85.1,A
CUST_04808,Male,No,36,Yes,Homemaker,2.0,Average,2.0,Cat_6,Casual,High,Very Low,Low,1.8,53.3,97.8,45.8,14.5,0,23.2,D
CUST_04809,Male,Yes,57,Yes,Doctor,4.0,High,1.0,Cat_6,Luxury,Medium,Very High,Very High,20.9,297.0,6199.8,8.6,13.8,1,99.0,A
CUST_04810,Male,No,40,Yes,Healthcare,1.0,Low,1.0,Cat_4,Budget,Very High,Very Low,Very Low,4.3,29.4,127.1,29.8,4.1,0,33.1,D
CUST_04811,Female,No,27,Yes,Lawyer,5.0,High,3.0,Cat_6,Luxury,Medium,Very High,High,23.4,282.5,6624.1,4.4,16.9,1,86.5,A
CUST_04812,Male,No,24,No,Marketing,2.0,Low,3.0,Cat_1,Budget,Very High,Low,Low,11.8,80.4,945.3,10.1,41.2,1,49.7,C
CUST_04813,Female,Yes,52,Yes,Executive,6.0,High,2.0,Cat_6,Luxury,Low,High,High,10.6,289.7,3077.8,7.7,11.7,1,85.8,A
CUST_04814,Female,Yes,24,No,Artist,6.0,Average,3.0,Cat_3,Active,Medium,Medium,High,10.9,92.9,1012.4,9.8,28.2,1,67.2,B
CUST_04815,Female,No,22,Yes,Marketing,1.0,Low,5.0,Cat_1,Casual,High,Medium,Low,7.0,91.6,640.6,10.6,52.1,1,,C
CUST_04816,Male,No,30,No,Healthcare,0.0,Low,2.0,Cat_6,Budget,High,Low,Very Low,2.6,71.7,187.3,39.7,14.5,0,,D
CUST_04817,Male,Yes,46,Yes,Healthcare,5.0,Low,2.0,Cat_5,,High,Low,Low,3.8,69.8,263.4,22.7,8.8,0,44.2,D
CUST_04818,Female,No,31,No,Artist,3.0,Low,4.0,Cat_1,Budget,Very High,Low,High,11.4,70.1,802.7,10.8,37.7,0,60.6,C
CUST_04819,Female,No,53,Yes,Lawyer,,Low,1.0,Cat_4,Budget,Very High,Low,Very Low,4.1,56.8,234.6,33.6,0.0,0,31.9,D
CUST_04820,Male,Yes,44,Yes,Lawyer,5.0,High,1.0,Cat_6,Active,Medium,Very High,High,16.5,307.1,5077.5,6.4,19.4,1,84.8,A
CUST_04821,Female,Yes,24,Yes,Artist,5.0,High,4.0,Cat_3,Active,Low,High,High,10.0,223.5,2241.8,24.2,37.5,1,76.3,B
CUST_04822,Male,Yes,48,No,Artist,0.0,Average,3.0,Cat_5,Casual,High,Medium,High,15.0,164.6,2472.2,19.2,29.4,1,61.5,B
CUST_04823,Female,Yes,43,No,Engineer,6.0,High,2.0,Cat_3,Active,Low,High,Medium,12.6,203.7,2563.4,10.7,26.4,1,69.4,B
CUST_04824,Female,Yes,24,Yes,Engineer,3.0,Low,3.0,Cat_6,Active,Low,High,High,10.8,102.3,1099.9,4.8,23.1,1,55.1,B
CUST_04825,Female,Yes,43,Yes,Artist,2.0,Low,2.0,,Casual,Medium,High,High,12.1,150.4,1820.5,14.9,23.4,0,95.0,B
CUST_04826,Male,Yes,27,Yes,Doctor,10.0,High,2.0,Cat_6,Luxury,Low,High,Very High,14.6,229.2,3354.6,3.6,21.2,0,99.0,A
CUST_04827,Male,No,19,No,Healthcare,0.0,Low,3.0,Cat_6,,Very High,Medium,High,7.7,90.8,700.4,19.4,50.4,1,55.2,C
CUST_04828,Male,Yes,43,No,Artist,4.0,High,,Cat_6,Active,Low,Very High,Medium,16.7,276.4,4623.6,4.5,19.7,1,88.1,A
CUST_04829,Female,Yes,34,No,Engineer,3.0,Low,1.0,Cat_6,Active,High,Medium,High,10.2,234.9,2405.7,14.4,34.0,1,73.5,B
CUST_04830,Male,Yes,44,Yes,Engineer,5.0,High,4.0,Cat_6,Casual,High,Medium,High,7.7,145.4,1113.7,10.9,32.9,1,58.3,B
CUST_04831,Male,No,32,Yes,Marketing,2.0,Low,3.0,Cat_7,Budget,Very High,Low,Medium,6.1,83.7,511.7,14.2,57.0,0,63.5,C
CUST_04832,Male,Yes,29,Yes,Marketing,0.0,Low,,Cat_1,Budget,High,Medium,Medium,11.1,112.8,1250.2,17.6,52.0,0,53.2,C
CUST_04833,Female,No,28,Yes,Artist,0.0,Low,5.0,Cat_6,Eco-conscious,High,Low,Medium,7.1,75.7,539.3,20.0,60.9,0,56.6,C
CUST_04834,Male,No,34,Yes,Lawyer,12.0,High,3.0,Cat_4,Luxury,Low,Very High,Very High,19.8,316.2,6257.5,4.3,12.1,0,77.4,A
CUST_04835,Male,No,40,Yes,Entertainment,3.0,Average,1.0,Cat_3,Active,High,Medium,High,13.8,244.2,3359.4,10.4,39.5,1,84.9,B
CUST_04836,Female,Yes,44,Yes,Executive,,High,2.0,Cat_6,Luxury,Low,Very High,Very High,15.5,225.2,3489.4,2.3,9.7,1,95.2,A
CUST_04837,Male,Yes,27,Yes,Engineer,0.0,High,2.0,Cat_3,Luxury,Medium,High,Medium,13.2,227.8,3006.1,11.8,40.0,0,95.0,B
CUST_04838,Male,No,46,Yes,Healthcare,5.0,Average,3.0,Cat_6,Active,Low,Medium,High,10.7,152.8,1636.1,13.9,26.6,1,59.3,B
CUST_04839,Male,Yes,45,Yes,Executive,11.0,High,2.0,Cat_6,Luxury,Low,High,Very High,14.5,278.9,4047.8,6.5,17.3,1,88.7,A
CUST_04840,Male,Yes,29,Yes,Artist,4.0,High,4.0,Cat_3,Luxury,High,Medium,Medium,8.4,198.1,1668.4,16.7,39.8,1,73.0,B
CUST_04841,Female,Yes,85,No,Healthcare,0.0,Low,1.0,Cat_4,Budget,High,Very Low,Very Low,4.1,90.2,374.3,50.6,22.1,1,10.7,D
CUST_04842,Male,No,52,No,Lawyer,0.0,Low,1.0,Cat_6,Budget,High,Very Low,Low,4.8,68.1,326.0,40.9,10.5,0,26.5,D
CUST_04843,Female,Yes,24,Yes,Artist,6.0,Low,4.0,Cat_6,Casual,Medium,Medium,Medium,13.2,124.5,1642.6,15.5,35.0,0,73.7,B
CUST_04844,Female,Yes,51,No,Doctor,10.0,Average,2.0,Cat_6,Luxury,Low,Very High,High,14.4,310.7,4466.9,6.1,12.5,0,71.9,A
CUST_04845,Female,Yes,39,Yes,Executive,7.0,High,3.0,Cat_4,Active,Low,High,High,20.3,240.0,4875.8,6.8,17.1,1,100.0,A
CUST_04846,Male,No,39,Yes,Engineer,0.0,Average,5.0,Cat_6,Casual,Low,Medium,High,8.0,162.8,1300.0,12.6,22.7,1,53.8,B
CUST_04847,Male,No,46,No,Healthcare,0.0,Low,3.0,Cat_5,Casual,High,Low,Low,5.5,48.6,269.6,37.8,5.1,0,36.9,D
CUST_04848,Male,No,42,Yes,Engineer,5.0,High,1.0,Cat_6,Casual,Medium,Very High,Very High,17.0,257.8,4385.3,8.2,20.4,1,77.0,A
CUST_04849,Male,Yes,27,No,Healthcare,2.0,Low,4.0,Cat_6,Budget,High,Medium,Medium,6.3,118.9,749.6,12.2,55.6,0,55.2,C
CUST_04850,Female,Yes,46,Yes,Doctor,4.0,High,2.0,Cat_6,Luxury,Low,Very High,Very High,21.3,289.7,6166.8,3.5,13.2,1,88.9,A
CUST_04851,Male,No,51,Yes,Homemaker,0.0,Average,1.0,Cat_5,Casual,Very High,Low,Very Low,3.2,31.2,100.6,38.3,12.5,1,12.7,D
CUST_04852,Male,Yes,52,Yes,Entertainment,2.0,High,4.0,Cat_6,Active,Medium,Medium,High,14.5,221.1,3207.9,14.0,23.6,1,63.9,B
CUST_04853,Female,Yes,26,Yes,Healthcare,1.0,Low,4.0,Cat_1,Casual,High,Low,Medium,8.1,100.5,817.1,18.5,49.7,0,56.5,C
CUST_04854,Male,Yes,48,No,Artist,3.0,Average,2.0,Cat_6,Active,High,High,High,11.1,143.1,1592.9,6.6,15.3,1,83.3,B
CUST_04855,Female,Yes,18,No,Artist,2.0,Low,4.0,Cat_1,Casual,High,Low,Medium,9.4,107.5,1006.8,15.1,38.1,0,52.1,C
CUST_04856,Female,Yes,42,Yes,Engineer,6.0,Average,1.0,Cat_6,Luxury,Medium,Very High,Very High,18.0,376.3,6773.1,8.3,22.0,1,98.5,A
CUST_04857,Male,Yes,73,Yes,Executive,8.0,Average,1.0,Cat_6,Luxury,Low,Very High,Medium,11.1,302.4,3361.2,3.3,16.7,0,82.6,A
CUST_04858,Male,Yes,69,No,Lawyer,3.0,Low,1.0,Cat_4,Budget,High,Low,Low,1.0,75.9,73.4,41.5,6.5,0,9.1,D
CUST_04859,Female,No,50,Yes,Homemaker,1.0,Low,1.0,Cat_4,Budget,High,Low,Very Low,1.5,46.3,67.5,40.0,26.9,0,25.2,D
CUST_04860,Female,Yes,31,No,Healthcare,0.0,Low,3.0,Cat_5,Budget,Very High,Low,Low,3.8,32.6,124.0,30.4,5.8,1,29.8,D
CUST_04861,Male,No,24,Yes,Marketing,3.0,Average,3.0,Cat_1,,High,Low,Low,8.1,63.6,518.0,27.8,48.6,0,63.8,C
CUST_04862,Female,Yes,21,No,Healthcare,0.0,Average,3.0,Cat_6,Casual,High,Low,Low,7.2,87.8,633.1,17.7,28.8,1,78.3,C
CUST_04863,Male,Yes,37,Yes,Engineer,5.0,High,4.0,Cat_6,Casual,Low,High,Very High,16.2,303.4,4910.2,1.7,14.2,1,81.7,A
CUST_04864,Female,Yes,34,No,Entertainment,3.0,Low,3.0,Cat_6,Casual,Medium,Medium,High,7.2,222.6,1607.5,11.8,38.1,0,64.5,B
CUST_04865,Male,No,33,No,Engineer,2.0,Low,3.0,Cat_6,Casual,Medium,High,High,13.1,167.8,2189.9,11.8,15.7,0,61.5,B
CUST_04866,Male,Yes,23,Yes,Homemaker,0.0,Low,5.0,Cat_1,Casual,High,Medium,Low,8.4,50.9,428.8,22.0,44.3,1,30.7,C
CUST_04867,Male,Yes,26,No,Artist,3.0,High,5.0,Cat_5,Casual,Low,Medium,High,11.3,114.9,1296.1,18.4,25.8,0,,B
CUST_04868,Female,Yes,30,Yes,Artist,5.0,High,1.0,Cat_6,Casual,Low,High,High,16.6,236.6,3925.2,8.6,17.6,1,81.5,A
CUST_04869,Female,No,37,Yes,Entertainment,3.0,Average,,Cat_6,Active,Low,Medium,Medium,14.2,151.4,2155.9,12.3,42.4,1,84.6,B
CUST_04870,Male,No,25,No,Artist,,Low,5.0,Cat_6,Casual,High,Low,Low,7.9,99.8,790.3,15.3,46.4,0,55.0,C
CUST_04871,Female,No,36,Yes,Engineer,5.0,Average,6.0,Cat_3,Casual,Medium,Medium,High,8.5,249.1,2114.0,16.3,13.1,1,56.7,B
CUST_04872,Male,No,61,Yes,Doctor,0.0,High,1.0,Cat_6,Active,Low,Very High,Very High,9.7,323.6,3122.8,9.0,18.4,0,90.8,A
CUST_04873,Male,Yes,50,No,Lawyer,7.0,High,1.0,Cat_6,Luxury,Medium,High,Very High,13.3,256.3,3408.9,4.7,20.7,1,78.8,A
CUST_04874,Male,Yes,22,Yes,Executive,4.0,Average,3.0,Cat_6,Luxury,Low,High,High,21.1,252.9,5347.3,3.6,16.6,0,98.8,A
CUST_04875,Female,Yes,52,Yes,Engineer,4.0,Low,1.0,Cat_3,Active,Medium,High,Medium,11.4,170.0,1933.2,13.2,31.7,0,67.2,B
CUST_04876,Female,Yes,20,No,Marketing,3.0,Low,2.0,Cat_7,Eco-conscious,High,Low,Low,9.4,87.0,820.7,24.1,43.4,0,50.9,C
CUST_04877,Male,No,19,No,Healthcare,2.0,Average,3.0,Cat_6,Eco-conscious,High,Medium,Low,8.9,49.5,442.4,14.6,57.7,0,76.7,C
CUST_04878,Male,No,33,No,Marketing,3.0,Low,2.0,Cat_6,Budget,Very High,Low,Low,8.1,82.8,670.4,15.6,44.7,0,39.9,C
CUST_04879,Female,Yes,46,Yes,Entertainment,,Average,4.0,Cat_3,Active,Medium,High,High,12.2,168.2,2049.6,16.0,6.0,1,78.1,B
CUST_04880,Male,No,44,No,Homemaker,0.0,Low,5.0,Cat_1,Budget,Very High,Low,Medium,6.0,60.9,366.8,25.6,47.1,1,55.0,C
CUST_04881,Male,No,29,Yes,Executive,1.0,High,1.0,Cat_6,Casual,Low,Very High,Very High,10.6,243.8,2579.2,4.6,16.6,1,78.4,A
CUST_04882,Female,No,27,Yes,Entertainment,4.0,High,4.0,Cat_3,Casual,High,High,High,9.8,146.7,1442.4,11.1,34.7,1,80.5,B
CUST_04883,Female,Yes,24,No,Homemaker,2.0,Average,3.0,Cat_6,Casual,High,Medium,Low,8.2,76.9,629.1,16.5,49.6,1,62.8,C
CUST_04884,Female,Yes,51,Yes,Engineer,8.0,High,1.0,Cat_2,Luxury,Low,High,High,20.6,271.6,5607.0,5.5,15.0,1,79.1,A
CUST_04885,Female,No,49,Yes,Lawyer,3.0,High,2.0,Cat_6,Luxury,Low,Very High,Very High,17.2,290.1,4995.9,5.1,17.5,1,80.9,A
CUST_04886,Male,Yes,65,Yes,Healthcare,0.0,Low,3.0,Cat_5,Budget,High,Low,Very Low,3.5,37.6,132.5,39.3,16.1,0,28.9,D
CUST_04887,Male,No,37,Yes,Engineer,1.0,Average,5.0,Cat_5,Active,Medium,High,Medium,14.5,247.6,3591.3,14.1,33.0,1,62.9,B
CUST_04888,Female,No,29,No,Artist,1.0,Low,6.0,Cat_6,Budget,High,Low,Low,7.5,94.4,709.1,16.7,59.8,1,72.0,C
CUST_04889,Female,Yes,35,Yes,Engineer,6.0,Average,4.0,,Luxury,Low,Very High,High,14.3,308.3,4405.5,11.1,12.5,0,100.0,A
CUST_04890,Male,No,29,Yes,Artist,0.0,Average,2.0,Cat_7,Casual,High,Medium,Medium,8.3,67.1,556.6,26.0,49.5,0,66.5,C
CUST_04891,Female,Yes,37,No,Entertainment,5.0,High,1.0,Cat_3,Casual,Medium,Medium,High,11.2,176.3,1978.8,14.0,21.1,1,77.7,B
CUST_04892,Female,No,54,Yes,Executive,6.0,Average,1.0,Cat_6,Luxury,Low,Very High,High,16.5,134.8,2229.5,5.1,13.5,1,85.8,A
CUST_04893,Male,Yes,22,Yes,Marketing,2.0,Low,3.0,Cat_1,Casual,High,Low,Low,11.5,102.0,1174.0,11.8,44.7,0,46.0,C
CUST_04894,Male,Yes,37,Yes,Artist,9.0,High,2.0,Cat_6,Luxury,Low,High,High,20.8,259.2,5377.9,10.0,1.9,1,80.9,A
CUST_04895,Female,Yes,34,Yes,Engineer,6.0,Low,4.0,Cat_5,Active,Medium,High,Medium,9.4,201.9,1892.5,14.5,19.9,1,75.8,B
CUST_04896,Male,Yes,49,Yes,Doctor,5.0,High,2.0,Cat_2,Luxury,Medium,High,Very High,22.4,266.3,5968.2,7.7,18.3,0,85.9,A
CUST_04897,Male,Yes,61,Yes,Executive,6.0,High,3.0,Cat_2,Active,Medium,Very High,High,17.6,289.0,5101.3,7.8,21.9,1,87.6,A
CUST_04898,Female,Yes,37,Yes,Healthcare,5.0,Average,2.0,,Active,Medium,High,Medium,10.3,195.6,2016.6,9.0,28.0,1,72.1,B
CUST_04899,Male,No,35,No,Engineer,1.0,Average,3.0,Cat_4,,Low,Very High,Very High,21.1,297.6,6286.2,9.4,18.8,0,87.9,A
CUST_04900,Female,No,40,Yes,Artist,1.0,Low,2.0,Cat_5,Casual,High,Low,Low,2.4,63.6,154.7,23.5,20.6,0,19.5,D
CUST_04901,Male,No,47,Yes,Executive,5.0,Average,3.0,Cat_6,Luxury,Low,Very High,Very High,12.8,238.6,3046.7,1.3,24.9,1,94.9,A
CUST_04902,Male,Yes,24,Yes,Healthcare,1.0,High,2.0,Cat_3,Active,Medium,High,Medium,8.5,158.8,1344.0,6.2,21.7,0,70.1,B
CUST_04903,Female,No,49,No,Lawyer,4.0,High,1.0,Cat_4,Active,Medium,High,Very High,17.8,269.4,4806.9,6.9,20.0,1,96.2,A
CUST_04904,Male,Yes,24,No,Engineer,6.0,Average,3.0,Cat_6,Active,Medium,Medium,Medium,10.9,147.9,1606.3,15.7,32.2,1,72.6,B
CUST_04905,Female,Yes,30,No,Lawyer,0.0,Low,2.0,Cat_6,Budget,High,Low,Very Low,2.6,40.7,107.6,30.7,16.9,0,29.0,D
CUST_04906,Female,Yes,33,Yes,Executive,,High,1.0,,Active,Medium,High,High,16.2,262.7,4249.3,4.4,11.8,1,92.3,A
CUST_04907,Male,No,29,Yes,Healthcare,1.0,Average,3.0,Cat_5,Casual,Very High,Very Low,Low,4.7,59.5,277.6,24.8,12.5,0,20.1,D
CUST_04908,Female,Yes,35,Yes,Lawyer,10.0,Average,,Cat_6,Luxury,Low,High,Very High,19.3,260.4,5016.0,4.5,13.1,1,,A
CUST_04909,Female,No,28,No,Healthcare,1.0,Low,1.0,Cat_7,Casual,High,Low,Medium,8.1,82.3,662.6,24.9,43.1,0,53.3,C
CUST_04910,Female,No,47,No,Engineer,5.0,Average,3.0,Cat_6,Active,High,High,High,10.7,175.1,1868.2,13.6,15.1,1,75.8,B
CUST_04911,Male,Yes,40,No,Healthcare,1.0,Low,4.0,Cat_6,Casual,Very High,Low,Low,1.7,25.4,43.1,37.7,11.7,0,36.3,D
CUST_04912,Female,Yes,26,Yes,Engineer,3.0,Average,2.0,Cat_5,Casual,Low,High,High,15.5,209.1,3232.9,11.6,48.6,1,60.6,B
CUST_04913,Female,Yes,58,Yes,Entertainment,0.0,Average,4.0,Cat_6,Active,Medium,High,High,9.2,156.9,1436.2,7.7,29.8,1,72.5,B
CUST_04914,Female,Yes,40,Yes,Executive,12.0,High,1.0,Cat_4,Active,Medium,Very High,Very High,14.7,376.9,5555.2,5.8,18.6,0,82.3,A
CUST_04915,Male,No,69,Yes,Executive,8.0,High,2.0,Cat_6,Casual,Low,High,Very High,15.8,278.1,4399.6,4.7,8.6,1,83.8,A
CUST_04916,Female,No,63,No,Homemaker,1.0,Average,1.0,Cat_6,Casual,Very High,Low,Low,0.5,73.4,36.7,10.0,7.9,0,31.3,D
CUST_04917,Female,Yes,47,Yes,Entertainment,5.0,Average,3.0,Cat_6,,Low,Medium,High,13.3,152.7,2030.0,12.6,28.6,1,64.4,B
CUST_04918,Male,No,49,No,Healthcare,2.0,High,3.0,Cat_5,Active,Low,High,High,8.9,146.7,1311.3,6.7,28.5,1,86.0,B
CUST_04919,Male,Yes,28,Yes,Artist,0.0,Low,3.0,Cat_7,Budget,High,Low,High,10.0,84.0,840.1,14.7,44.5,1,54.1,C
CUST_04920,Male,Yes,33,Yes,Artist,6.0,Low,1.0,Cat_6,Active,Medium,High,Medium,12.4,172.4,2140.4,18.0,29.1,0,79.8,B
CUST_04921,Male,No,46,No,Healthcare,2.0,Low,3.0,Cat_5,Budget,High,Very Low,Low,2.9,44.7,130.9,33.1,15.8,1,29.2,D
CUST_04922,Female,Yes,31,No,Marketing,5.0,Low,6.0,Cat_7,Casual,High,Low,Low,11.0,63.5,696.3,12.2,37.3,0,63.6,C
CUST_04923,Male,Yes,42,Yes,Entertainment,8.0,Average,3.0,Cat_6,Active,Medium,High,Medium,9.1,137.1,1248.0,15.7,20.3,1,62.6,B
CUST_04924,Male,No,35,Yes,Lawyer,2.0,Low,1.0,Cat_6,Casual,Very High,Low,Low,1.6,48.3,76.7,37.2,18.2,0,,D
CUST_04925,Female,Yes,38,Yes,Executive,10.0,Average,1.0,Cat_6,Luxury,Low,Very High,High,17.5,270.3,4716.8,7.7,9.1,0,85.8,A
CUST_04926,Female,Yes,55,Yes,Entertainment,0.0,High,3.0,Cat_3,Casual,Low,High,High,13.3,176.8,2359.4,10.9,23.6,1,81.8,B
CUST_04927,Male,Yes,63,Yes,Engineer,0.0,Average,4.0,Cat_6,Casual,Medium,High,Medium,13.9,140.8,1963.3,17.1,17.9,1,72.5,B
CUST_04928,Male,No,39,Yes,Lawyer,9.0,Average,2.0,Cat_6,Luxury,Low,High,Very High,14.9,227.6,3390.2,6.6,13.1,0,89.2,A
CUST_04929,Female,Yes,18,Yes,Homemaker,4.0,Average,3.0,Cat_6,Budget,High,Medium,Medium,6.5,92.5,601.4,16.0,51.9,0,66.0,C
CUST_04930,Male,No,56,Yes,Artist,1.0,Average,2.0,Cat_5,Budget,Very High,Low,Low,3.6,36.2,129.2,26.1,11.8,1,12.3,D
CUST_04931,Male,Yes,58,No,Entertainment,3.0,High,4.0,Cat_5,Casual,Low,Medium,High,11.2,154.2,1719.8,14.2,43.5,0,87.6,B
CUST_04932,Male,Yes,39,Yes,Artist,1.0,Average,2.0,,Casual,Low,High,High,14.1,169.1,2382.4,9.6,26.5,0,63.8,B
CUST_04933,Male,Yes,67,Yes,Healthcare,1.0,Low,1.0,Cat_5,Budget,Very High,Low,Low,3.9,58.0,224.6,40.4,8.3,0,28.6,D
CUST_04934,Male,Yes,32,No,Engineer,2.0,Low,1.0,Cat_3,Luxury,High,High,Medium,11.0,165.0,1813.4,9.5,22.5,1,62.0,B
CUST_04935,Female,No,33,No,Engineer,0.0,High,2.0,Cat_6,Casual,Medium,High,High,9.0,205.2,1842.0,8.5,37.5,1,69.4,B
CUST_04936,Female,Yes,26,Yes,Entertainment,,High,1.0,Cat_5,Active,Medium,Medium,High,10.4,186.1,1936.2,8.4,32.2,0,44.2,B
CUST_04937,Male,No,63,No,Healthcare,3.0,Low,2.0,Cat_6,Budget,High,Low,Low,3.7,71.2,265.9,22.1,8.4,0,17.4,D
CUST_04938,Female,Yes,56,Yes,Engineer,7.0,Average,,Cat_6,Luxury,Low,Medium,High,6.7,160.9,1073.1,16.7,20.4,1,50.9,B
CUST_04939,Female,No,28,No,Homemaker,0.0,Low,5.0,Cat_6,Budget,High,Medium,Low,8.8,73.9,652.2,14.5,47.1,0,50.0,C
CUST_04940,Male,Yes,32,Yes,Artist,6.0,Average,4.0,Cat_1,Casual,Very High,Low,High,8.1,106.1,858.7,10.3,46.7,0,66.3,C
CUST_04941,Male,Yes,48,Yes,Entertainment,0.0,High,2.0,Cat_3,Casual,Medium,High,High,10.0,113.6,1135.7,8.7,34.5,0,86.5,B
CUST_04942,Female,Yes,45,Yes,Engineer,0.0,Average,3.0,Cat_6,Active,Medium,Medium,High,7.5,103.6,778.0,13.7,28.4,0,72.0,B
CUST_04943,Male,No,18,No,Artist,1.0,Low,,Cat_6,Budget,High,Low,Low,10.1,79.8,809.5,24.7,61.8,0,60.8,C
CUST_04944,Male,Yes,34,No,Engineer,4.0,High,1.0,Cat_3,Active,Medium,High,High,10.8,123.3,1329.0,17.8,25.4,1,87.0,B
CUST_04945,Female,Yes,21,Yes,Artist,0.0,Average,,Cat_6,Budget,Very High,Medium,Medium,9.6,95.3,915.8,21.3,50.4,0,70.5,C
CUST_04946,Male,Yes,25,Yes,Homemaker,0.0,Low,2.0,Cat_4,Budget,High,Low,Very Low,2.3,58.8,132.6,47.4,20.5,0,5.0,D
CUST_04947,Male,No,32,No,Artist,3.0,Low,4.0,Cat_6,Casual,Very High,Low,Medium,5.5,59.3,328.4,14.9,53.1,0,50.0,C
CUST_04948,Female,No,27,No,Artist,2.0,Low,2.0,Cat_1,Eco-conscious,High,Low,Medium,7.3,69.4,504.0,12.8,53.1,0,60.6,C
CUST_04949,Male,Yes,36,Yes,Artist,,Low,2.0,Cat_6,Budget,High,Low,High,6.1,80.1,489.2,17.4,60.7,0,,C
CUST_04950,Male,No,26,No,Healthcare,2.0,Low,5.0,Cat_6,Eco-conscious,High,Medium,Low,5.9,85.7,504.5,21.0,35.9,1,,C
CUST_04951,Female,Yes,26,Yes,Artist,0.0,Average,3.0,Cat_6,Casual,Medium,Medium,High,11.8,185.6,2195.5,12.4,31.6,0,68.3,B
CUST_04952,Male,Yes,39,Yes,Executive,7.0,Average,4.0,Cat_6,Luxury,Low,High,High,20.3,322.4,6536.6,5.9,19.0,1,82.9,A
CUST_04953,Female,Yes,41,No,Engineer,2.0,Average,5.0,Cat_3,Luxury,Low,High,High,9.7,163.5,1589.2,17.5,30.0,0,81.7,B
CUST_04954,Male,No,32,No,Healthcare,5.0,Low,2.0,Cat_6,Casual,Very High,Medium,High,7.3,68.3,496.5,23.5,37.4,0,38.9,C
CUST_04955,Female,Yes,58,Yes,Artist,3.0,Low,2.0,Cat_6,Luxury,Low,Medium,Medium,8.9,130.6,1167.6,14.5,38.0,1,58.7,B
CUST_04956,Female,No,36,No,Healthcare,2.0,Low,3.0,Cat_7,Budget,High,Medium,Medium,12.6,84.6,1061.8,24.0,39.6,0,59.7,C
CUST_04957,Male,Yes,36,Yes,Engineer,0.0,High,3.0,Cat_3,Active,High,High,High,6.3,186.9,1174.6,12.2,31.6,0,,B
CUST_04958,Male,Yes,31,No,Artist,0.0,Average,3.0,Cat_6,Casual,Very High,Medium,Low,5.8,132.5,771.5,17.2,41.7,1,62.2,C
CUST_04959,Female,Yes,54,No,Executive,7.0,Average,2.0,Cat_6,Active,Low,Very High,Very High,14.7,270.4,3977.1,4.7,21.7,1,92.5,A
CUST_04960,Male,Yes,33,Yes,Artist,0.0,Low,5.0,Cat_6,Casual,Very High,Low,Low,12.4,84.8,1053.2,14.3,51.4,1,66.2,C
CUST_04961,Female,Yes,34,Yes,Engineer,4.0,Low,3.0,Cat_5,Active,Medium,Medium,Medium,13.8,222.4,3060.1,3.0,32.0,1,54.6,B
CUST_04962,Female,No,58,Yes,Engineer,7.0,Average,2.0,Cat_6,Luxury,Medium,Very High,Very High,19.0,243.9,4641.9,7.5,16.3,0,90.5,A
CUST_04963,Male,Yes,51,Yes,Engineer,6.0,Low,1.0,Cat_3,Active,Medium,High,High,12.2,105.4,1280.2,9.6,30.5,1,73.3,B
CUST_04964,Female,Yes,31,No,Healthcare,1.0,Low,2.0,Cat_7,Casual,High,Low,Low,4.7,74.5,349.4,22.9,45.8,0,34.6,C
CUST_04965,Male,Yes,32,No,Artist,1.0,High,3.0,Cat_5,Active,Medium,Medium,Medium,8.1,140.6,1134.3,19.7,31.9,1,94.8,B
CUST_04966,Male,No,53,Yes,Doctor,9.0,High,3.0,,Active,Medium,High,Very High,14.4,302.2,4361.2,7.7,11.8,1,90.8,A
CUST_04967,Male,No,60,No,Lawyer,1.0,Low,1.0,Cat_6,Casual,High,Low,Low,1.5,93.4,138.4,30.3,12.5,0,48.7,D
CUST_04968,Male,Yes,27,Yes,Marketing,3.0,Low,2.0,Cat_7,Casual,High,Low,Low,8.4,71.6,599.1,22.6,39.9,0,46.1,C
CUST_04969,Male,Yes,59,Yes,Healthcare,4.0,Low,1.0,Cat_5,Casual,Very High,Very Low,Very Low,0.5,33.5,16.8,39.9,8.3,0,29.4,D
CUST_04970,Female,Yes,41,No,Artist,,Average,4.0,Cat_5,Active,Low,Medium,Medium,8.7,197.4,1714.6,13.9,35.3,1,61.3,B
CUST_04971,Female,Yes,47,No,Engineer,5.0,Average,1.0,Cat_3,Luxury,Medium,Medium,High,10.7,196.0,2099.3,8.4,33.5,0,57.1,B
CUST_04972,Female,Yes,43,Yes,Lawyer,0.0,Low,4.0,Cat_4,Budget,High,Low,Very Low,1.8,78.2,143.5,21.4,20.7,0,28.3,D
CUST_04973,Female,Yes,53,Yes,Healthcare,1.0,Average,4.0,Cat_3,Casual,Medium,High,High,11.0,184.2,2030.3,7.8,38.7,1,90.8,B
CUST_04974,Female,No,28,No,Artist,2.0,Low,4.0,Cat_7,Budget,High,Low,Medium,6.1,97.8,591.7,9.6,69.7,1,74.7,C
CUST_04975,Male,Yes,36,Yes,Engineer,1.0,High,2.0,Cat_6,Luxury,Low,High,High,18.7,303.0,5671.6,10.2,20.2,0,67.1,A
CUST_04976,Female,No,35,Yes,Artist,9.0,Average,4.0,Cat_6,Active,Medium,High,High,10.8,192.7,2072.0,5.3,20.4,1,64.9,B
CUST_04977,Male,Yes,38,Yes,Executive,7.0,Average,2.0,,Luxury,Low,Very High,Very High,11.2,334.6,3764.3,5.4,17.0,0,88.4,A
CUST_04978,Female,No,62,Yes,Executive,6.0,High,5.0,Cat_6,Active,Low,High,Very High,16.4,311.8,5108.4,7.3,16.4,1,75.4,A
CUST_04979,Male,Yes,41,Yes,Doctor,7.0,High,1.0,Cat_6,Active,Low,Very High,Very High,19.8,307.1,6074.1,13.2,14.3,0,100.0,A
CUST_04980,Male,No,54,Yes,Engineer,5.0,Average,2.0,Cat_6,Luxury,Low,Very High,High,15.0,256.6,3841.8,7.9,13.9,1,100.0,A
CUST_04981,Male,Yes,66,No,Artist,1.0,Low,1.0,Cat_4,Budget,High,Low,Very Low,3.4,55.5,187.8,27.8,10.1,0,29.2,D
CUST_04982,Female,Yes,36,No,Lawyer,0.0,High,2.0,Cat_6,Active,Medium,High,High,15.8,316.8,4994.9,4.6,6.6,0,81.4,A
CUST_04983,Male,No,34,Yes,Artist,2.0,Average,6.0,Cat_1,Budget,Very High,Low,High,10.0,79.7,796.6,11.5,42.0,1,52.6,C
CUST_04984,Male,No,23,No,Healthcare,2.0,Low,1.0,Cat_1,Eco-conscious,Very High,Low,Low,10.2,70.6,720.1,22.4,50.0,0,39.3,C
CUST_04985,Male,Yes,50,No,Artist,6.0,Average,4.0,Cat_3,Luxury,Medium,High,Medium,9.8,226.9,2216.2,13.9,16.1,0,,B
CUST_04986,Male,Yes,36,Yes,Engineer,4.0,Average,1.0,Cat_2,Luxury,Medium,Very High,Very High,18.1,405.7,7354.0,10.4,16.5,0,93.5,A
CUST_04987,Female,No,30,Yes,Artist,2.0,Low,2.0,Cat_7,Eco-conscious,Very High,Medium,Low,8.7,64.5,563.6,25.7,61.1,0,68.4,C
CUST_04988,Male,No,34,Yes,Artist,1.0,Low,3.0,Cat_6,Eco-conscious,High,Low,Medium,9.8,94.1,925.2,10.5,37.8,0,49.3,C
CUST_04989,Male,Yes,28,Yes,Marketing,1.0,Low,,Cat_7,Budget,Very High,Low,Medium,10.7,118.0,1266.9,16.1,32.1,0,46.1,C
CUST_04990,Male,Yes,27,No,Homemaker,0.0,Low,5.0,Cat_6,Budget,High,Low,High,7.7,66.0,506.4,24.9,50.4,0,49.5,C
CUST_04991,Male,No,72,No,Homemaker,0.0,Low,2.0,Cat_4,Budget,High,Very Low,Low,2.7,60.4,162.8,34.5,8.0,0,43.0,D
CUST_04992,Male,Yes,39,No,Entertainment,4.0,Average,1.0,Cat_6,Luxury,Low,Medium,High,8.5,188.3,1604.5,22.2,37.7,1,77.1,B
CUST_04993,Male,Yes,60,Yes,Engineer,1.0,Average,2.0,Cat_6,Active,Medium,High,High,9.7,160.7,1555.1,11.4,26.0,0,81.2,B
CUST_04994,Female,No,29,Yes,Healthcare,1.0,Low,4.0,Cat_7,Budget,High,Low,Medium,8.3,84.7,705.9,24.7,53.3,0,37.5,C
CUST_04995,Female,No,46,No,Engineer,5.0,High,4.0,Cat_6,Luxury,Medium,High,Very High,16.3,351.0,5721.9,7.7,7.1,1,81.9,A
CUST_04996,Male,Yes,46,Yes,Lawyer,3.0,Average,2.0,Cat_4,Casual,Very High,Low,Very Low,2.4,56.3,136.8,50.6,0.0,0,28.6,D
CUST_04997,Female,Yes,45,Yes,Executive,,Average,1.0,Cat_6,Luxury,Low,Very High,High,17.3,310.1,5368.8,7.7,17.5,1,97.9,A
CUST_04998,Female,Yes,46,No,Healthcare,5.0,Average,2.0,Cat_5,Casual,High,High,High,7.2,159.0,1142.4,15.6,17.7,1,70.5,B
CUST_04999,Male,No,28,No,Marketing,1.0,Average,2.0,Cat_6,Casual,High,Low,High,6.4,60.6,388.7,27.2,45.6,0,,C
CUST_05000,Male,Yes,35,Yes,Artist,2.0,Average,3.0,Cat_3,Casual,Low,Medium,Medium,9.0,216.1,1939.8,11.1,22.4,0,77.4,B
